facility_id,facility_city,facility_lat,facility_lon,reporter_msisdn_hash,patient_hash,age_band,syndrome_code,severity,observed_at,source_system
PS-HEB-001,Hebron,31.5326,35.0998,e3dff89ada235d59,10b1672193547395,0-4,ILI,mild,2026-08-11T11:15:00,pharmacy
PS-HEB-001,Hebron,31.5326,35.0998,f17af80950dde2c9,7e57a6c8c24524db,0-4,ILI,mild,2026-08-11T08:37:00,ehr
PS-HEB-001,Hebron,31.5326,35.0998,7c5d3d710b7ca6a2,b8c65589250619a5,18-49,ILI,moderate,2026-08-11T15:38:00,pharmacy
PS-HEB-001,Hebron,31.5326,35.0998,f17af80950dde2c9,ff54ac7c8a15ed19,18-49,ILI,moderate,2026-08-11T13:14:00,ehr
PS-HEB-001,Hebron,31.5326,35.0998,e3dff89ada235d59,d670ef3a46ff7a5c,18-49,ILI,mild,2026-08-11T19:51:00,ehr
PS-HEB-001,Hebron,31.5326,35.0998,d3391f64b3beb0a2,5eadb7a75dc7f463,0-4,ILI,mild,2026-08-11T10:48:00,ehr
PS-HEB-001,Hebron,31.5326,35.0998,d3391f64b3beb0a2,87e2ef47e47e0765,50-64,ILI,moderate,2026-08-11T20:22:00,pharmacy
PS-HEB-001,Hebron,31.5326,35.0998,f17af80950dde2c9,77c619624c822716,0-4,ILI,mild,2026-08-11T08:59:00,pharmacy
PS-HEB-001,Hebron,31.5326,35.0998,e3dff89ada235d59,14b93f9307669f61,18-49,AGE,mild,2026-08-11T20:23:00,ehr
PS-HEB-001,Hebron,31.5326,35.0998,7c5d3d710b7ca6a2,142bd06c33abc77d,50-64,AGE,moderate,2026-08-11T19:18:00,lab
PS-HEB-001,Hebron,31.5326,35.0998,d3391f64b3beb0a2,9566375e5fae4bb7,5-17,AGE,mild,2026-08-11T11:29:00,ehr
PS-HEB-001,Hebron,31.5326,35.0998,7c5d3d710b7ca6a2,c48a94aefacec318,18-49,AGE,mild,2026-08-11T18:59:00,ehr
PS-HEB-001,Hebron,31.5326,35.0998,e3dff89ada235d59,2213e444b008424b,18-49,ARI,moderate,2026-08-11T17:44:00,ehr
PS-HEB-001,Hebron,31.5326,35.0998,7c5d3d710b7ca6a2,e8f1220682c427de,50-64,ARI,mild,2026-08-11T10:52:00,ehr
PS-HEB-001,Hebron,31.5326,35.0998,d3391f64b3beb0a2,e223a4f4e812e75a,5-17,ARI,mild,2026-08-11T10:58:00,lab
PS-HEB-001,Hebron,31.5326,35.0998,e3dff89ada235d59,2135f790cb2a7288,5-17,ARI,mild,2026-08-11T09:16:00,ehr
PS-HEB-001,Hebron,31.5326,35.0998,f17af80950dde2c9,7731dfac72498470,50-64,ARI,mild,2026-08-11T18:37:00,ehr
PS-HEB-001,Hebron,31.5326,35.0998,f17af80950dde2c9,07d67b918278ab72,0-4,ARI,mild,2026-08-11T09:32:00,ehr
PS-HEB-001,Hebron,31.5326,35.0998,e3dff89ada235d59,893d90f9b395cb2c,50-64,ARI,mild,2026-08-11T09:40:00,ehr
PS-HEB-001,Hebron,31.5326,35.0998,f17af80950dde2c9,e3f03f4e43cdecf3,18-49,ARI,severe,2026-08-11T13:24:00,ehr
PS-HEB-001,Hebron,31.5326,35.0998,7c5d3d710b7ca6a2,df3995274354c564,18-49,ARI,mild,2026-08-11T17:46:00,ehr
PS-HEB-001,Hebron,31.5326,35.0998,d3391f64b3beb0a2,77ccc6dae98eda30,0-4,ARI,mild,2026-08-11T19:41:00,lab
PS-HEB-001,Hebron,31.5326,35.0998,d3391f64b3beb0a2,6f37ff677c039453,65+,FEVER_RASH,moderate,2026-08-11T07:46:00,pharmacy
PS-HEB-001,Hebron,31.5326,35.0998,d3391f64b3beb0a2,2534e0308653f50e,50-64,FEVER_RASH,mild,2026-08-11T08:55:00,ehr
PS-HEB-001,Hebron,31.5326,35.0998,7c5d3d710b7ca6a2,df5d000d70d28d6e,18-49,JAUNDICE,mild,2026-08-11T15:49:00,ehr
PS-HEB-001,Hebron,31.5326,35.0998,d3391f64b3beb0a2,52ca661984639e8d,5-17,JAUNDICE,mild,2026-08-11T12:56:00,pharmacy
PS-HEB-001,Hebron,31.5326,35.0998,f17af80950dde2c9,038da0eb47b9541b,50-64,MENINGITIS_LIKE,severe,2026-08-11T08:05:00,pharmacy
PS-HEB-001,Hebron,31.5326,35.0998,e3dff89ada235d59,33f4d85b39aeebc1,5-17,OTHER,moderate,2026-08-11T14:35:00,lab
PS-HEB-001,Hebron,31.5326,35.0998,e3dff89ada235d59,6330244b9f21b6cf,18-49,OTHER,mild,2026-08-11T10:59:00,ehr
PS-HEB-001,Hebron,31.5326,35.0998,f17af80950dde2c9,924f0dae10b802be,0-4,OTHER,mild,2026-08-11T14:57:00,ehr
PS-HEB-001,Hebron,31.5326,35.0998,e3dff89ada235d59,fb1c7b41e0d272ba,18-49,OTHER,mild,2026-08-11T07:37:00,ehr
PS-HEB-001,Hebron,31.5326,35.0998,7c5d3d710b7ca6a2,af51e4ad320a235e,50-64,OTHER,mild,2026-08-11T10:04:00,ehr
PS-HEB-001,Hebron,31.5326,35.0998,f17af80950dde2c9,c6432f9693b25d88,5-17,OTHER,mild,2026-08-11T11:42:00,pharmacy
PS-HEB-001,Hebron,31.5326,35.0998,e3dff89ada235d59,96d4aaabf321b747,50-64,OTHER,moderate,2026-08-11T16:30:00,ehr
PS-HEB-002,Hebron,31.545,35.087,9b34d36ec3c96b37,e2da936e442f3a4a,18-49,ILI,moderate,2026-08-11T12:27:00,ehr
PS-HEB-002,Hebron,31.545,35.087,3000fc3d8d01f75a,7b8d0b29da0d4d79,50-64,ILI,mild,2026-08-11T07:25:00,ehr
PS-HEB-002,Hebron,31.545,35.087,9b34d36ec3c96b37,b897c07a4df0468d,0-4,ILI,mild,2026-08-11T10:34:00,lab
PS-HEB-002,Hebron,31.545,35.087,b828601a5432663a,0f230ed13763e4e1,18-49,ILI,moderate,2026-08-11T10:55:00,pharmacy
PS-HEB-002,Hebron,31.545,35.087,b828601a5432663a,b405987d087cbea8,65+,ILI,moderate,2026-08-11T08:03:00,ehr
PS-HEB-002,Hebron,31.545,35.087,9b34d36ec3c96b37,caed3999f74d4124,18-49,ILI,moderate,2026-08-11T09:26:00,ehr
PS-HEB-002,Hebron,31.545,35.087,b828601a5432663a,713cbb45c8182368,65+,ILI,mild,2026-08-11T09:24:00,lab
PS-HEB-002,Hebron,31.545,35.087,9b34d36ec3c96b37,f5593534d6384f4b,5-17,ILI,mild,2026-08-11T11:27:00,ehr
PS-HEB-002,Hebron,31.545,35.087,b828601a5432663a,a39d02043e2cc72d,18-49,ILI,mild,2026-08-11T16:47:00,pharmacy
PS-HEB-002,Hebron,31.545,35.087,d1fda43bf12417c4,a94817ce8a3a4165,0-4,AGE,mild,2026-08-11T14:32:00,ehr
PS-HEB-002,Hebron,31.545,35.087,b828601a5432663a,10c0c6cd046a5923,18-49,AGE,mild,2026-08-11T08:38:00,ehr
PS-HEB-002,Hebron,31.545,35.087,b828601a5432663a,3bb1012f55d3fad6,18-49,AGE,mild,2026-08-11T16:15:00,pharmacy
PS-HEB-002,Hebron,31.545,35.087,3000fc3d8d01f75a,fcbb4579cf4bd822,65+,AGE,mild,2026-08-11T16:33:00,ehr
PS-HEB-002,Hebron,31.545,35.087,9b34d36ec3c96b37,9c9985fb59347750,0-4,AGE,mild,2026-08-11T10:16:00,lab
PS-HEB-002,Hebron,31.545,35.087,9b34d36ec3c96b37,16f67428faabb939,18-49,ARI,mild,2026-08-11T08:00:00,ehr
PS-HEB-002,Hebron,31.545,35.087,d1fda43bf12417c4,193eb62f823b7a34,18-49,ARI,mild,2026-08-11T08:34:00,ehr
PS-HEB-002,Hebron,31.545,35.087,d1fda43bf12417c4,c3402533926d6fe8,5-17,ARI,mild,2026-08-11T08:56:00,pharmacy
PS-HEB-002,Hebron,31.545,35.087,b828601a5432663a,64342f51432c3856,18-49,ARI,mild,2026-08-11T18:19:00,ehr
PS-HEB-002,Hebron,31.545,35.087,b828601a5432663a,eba394358a69ff18,50-64,FEVER_RASH,moderate,2026-08-11T09:16:00,ehr
PS-HEB-002,Hebron,31.545,35.087,d1fda43bf12417c4,faa632b8083c806f,18-49,FEVER_RASH,mild,2026-08-11T11:18:00,ehr
PS-HEB-002,Hebron,31.545,35.087,3000fc3d8d01f75a,79ebdb8a702c5b8a,0-4,OTHER,mild,2026-08-11T17:27:00,ehr
PS-HEB-002,Hebron,31.545,35.087,d1fda43bf12417c4,4faac206cf99d483,18-49,OTHER,mild,2026-08-11T17:16:00,lab
PS-HEB-002,Hebron,31.545,35.087,b828601a5432663a,8b1b2b9a2d5d4138,0-4,OTHER,moderate,2026-08-11T15:00:00,ehr
PS-HEB-002,Hebron,31.545,35.087,3000fc3d8d01f75a,6754a180890935ab,18-49,OTHER,mild,2026-08-11T15:02:00,ehr
PS-HEB-002,Hebron,31.545,35.087,3000fc3d8d01f75a,8bdfdc605c4b1f8b,50-64,OTHER,moderate,2026-08-11T07:19:00,ehr
PS-RAM-001,Ramallah,31.9038,35.2034,4dc3b3d585035dae,64e489074cd1b7f0,5-17,ILI,mild,2026-08-11T10:42:00,lab
PS-RAM-001,Ramallah,31.9038,35.2034,2c531e40a3a7ce8c,c5fdb8f40bb61f0a,65+,ILI,mild,2026-08-11T16:47:00,ehr
PS-RAM-001,Ramallah,31.9038,35.2034,2c531e40a3a7ce8c,945dcbd19e4ae0fb,50-64,ILI,mild,2026-08-11T19:51:00,ehr
PS-RAM-001,Ramallah,31.9038,35.2034,d4bc341fd534ad06,7fb2caeea71bce07,50-64,ILI,moderate,2026-08-11T19:59:00,ehr
PS-RAM-001,Ramallah,31.9038,35.2034,4dc3b3d585035dae,14ca3ddd205c83ac,5-17,ILI,mild,2026-08-11T11:10:00,lab
PS-RAM-001,Ramallah,31.9038,35.2034,d4bc341fd534ad06,ed23181487e5e357,5-17,ILI,moderate,2026-08-11T10:12:00,ehr
PS-RAM-001,Ramallah,31.9038,35.2034,2c531e40a3a7ce8c,c287f7904dbefa06,18-49,ILI,mild,2026-08-11T10:01:00,ehr
PS-RAM-001,Ramallah,31.9038,35.2034,865eea42f5c6ccea,b908c2800707adb9,18-49,ILI,mild,2026-08-11T19:17:00,pharmacy
PS-RAM-001,Ramallah,31.9038,35.2034,4dc3b3d585035dae,02af2d1eb1aef67d,50-64,ILI,mild,2026-08-11T12:01:00,pharmacy
PS-RAM-001,Ramallah,31.9038,35.2034,4dc3b3d585035dae,b94a3276102bc14a,18-49,ILI,mild,2026-08-11T11:02:00,ehr
PS-RAM-001,Ramallah,31.9038,35.2034,4dc3b3d585035dae,6e433af35c633228,18-49,ILI,mild,2026-08-11T13:38:00,ehr
PS-RAM-001,Ramallah,31.9038,35.2034,d4bc341fd534ad06,56919f4114ffe285,0-4,AGE,moderate,2026-08-11T07:45:00,pharmacy
PS-RAM-001,Ramallah,31.9038,35.2034,2c531e40a3a7ce8c,ddf477f216b7b0f0,5-17,AGE,mild,2026-08-11T17:46:00,ehr
PS-RAM-001,Ramallah,31.9038,35.2034,4dc3b3d585035dae,9de76bc15c3894bd,18-49,AGE,mild,2026-08-11T16:20:00,ehr
PS-RAM-001,Ramallah,31.9038,35.2034,865eea42f5c6ccea,9c03d0a5d06e402e,18-49,AGE,mild,2026-08-11T17:26:00,ehr
PS-RAM-001,Ramallah,31.9038,35.2034,d4bc341fd534ad06,d07d7383d43437a0,18-49,AGE,moderate,2026-08-11T10:26:00,pharmacy
PS-RAM-001,Ramallah,31.9038,35.2034,865eea42f5c6ccea,da67796d0d2a73ad,5-17,ARI,mild,2026-08-11T20:00:00,pharmacy
PS-RAM-001,Ramallah,31.9038,35.2034,865eea42f5c6ccea,ca184e2d8b28a9d1,18-49,ARI,mild,2026-08-11T16:41:00,ehr
PS-RAM-001,Ramallah,31.9038,35.2034,2c531e40a3a7ce8c,2a3c09d19b3ae5e4,18-49,ARI,mild,2026-08-11T15:30:00,pharmacy
PS-RAM-001,Ramallah,31.9038,35.2034,2c531e40a3a7ce8c,83521e598b051b68,18-49,ARI,mild,2026-08-11T12:05:00,ehr
PS-RAM-001,Ramallah,31.9038,35.2034,4dc3b3d585035dae,978f9ceb9b1375ae,5-17,ARI,mild,2026-08-11T09:01:00,ehr
PS-RAM-001,Ramallah,31.9038,35.2034,2c531e40a3a7ce8c,2384bdf7591a3240,18-49,ARI,mild,2026-08-11T14:26:00,lab
PS-RAM-001,Ramallah,31.9038,35.2034,4dc3b3d585035dae,60ca5d5405d3e638,50-64,ARI,moderate,2026-08-11T10:09:00,ehr
PS-RAM-001,Ramallah,31.9038,35.2034,2c531e40a3a7ce8c,c1251fe49a164a45,5-17,FEVER_RASH,severe,2026-08-11T19:27:00,pharmacy
PS-RAM-001,Ramallah,31.9038,35.2034,d4bc341fd534ad06,53f89a231d12748a,0-4,MENINGITIS_LIKE,mild,2026-08-11T20:07:00,pharmacy
PS-RAM-001,Ramallah,31.9038,35.2034,d4bc341fd534ad06,3844c600b3328388,18-49,OTHER,moderate,2026-08-11T19:57:00,pharmacy
PS-RAM-001,Ramallah,31.9038,35.2034,d4bc341fd534ad06,bc615ca424a8430f,50-64,OTHER,moderate,2026-08-11T13:53:00,lab
PS-RAM-001,Ramallah,31.9038,35.2034,2c531e40a3a7ce8c,7fc5cca4135a2ba1,50-64,OTHER,mild,2026-08-11T14:16:00,pharmacy
PS-RAM-001,Ramallah,31.9038,35.2034,2c531e40a3a7ce8c,b2f21360b6408a01,5-17,OTHER,mild,2026-08-11T14:40:00,ehr
PS-RAM-001,Ramallah,31.9038,35.2034,865eea42f5c6ccea,b021a69f98904c8c,5-17,OTHER,mild,2026-08-11T10:17:00,ehr
PS-RAM-001,Ramallah,31.9038,35.2034,d4bc341fd534ad06,027bf30df990ff48,18-49,OTHER,moderate,2026-08-11T09:14:00,ehr
PS-RAM-001,Ramallah,31.9038,35.2034,865eea42f5c6ccea,663c81e8f648d170,18-49,OTHER,mild,2026-08-11T13:26:00,ehr
PS-RAM-001,Ramallah,31.9038,35.2034,d4bc341fd534ad06,974dd14712865c2b,50-64,OTHER,mild,2026-08-11T20:26:00,ehr
PS-RAM-001,Ramallah,31.9038,35.2034,d4bc341fd534ad06,87a38efe52f080c4,18-49,OTHER,moderate,2026-08-11T20:56:00,ehr
PS-NAB-001,Nablus,32.2211,35.2544,62c116f8ada8f79a,587b7c19528e4e82,18-49,ILI,mild,2026-08-11T20:26:00,lab
PS-NAB-001,Nablus,32.2211,35.2544,c9eef5119a779be2,5ce792f100b8cf2e,18-49,ILI,moderate,2026-08-11T07:24:00,ehr
PS-NAB-001,Nablus,32.2211,35.2544,62c116f8ada8f79a,500591607bfd8bdb,65+,ILI,mild,2026-08-11T20:29:00,lab
PS-NAB-001,Nablus,32.2211,35.2544,2e49f94506905ef7,fbf0effba0ca471c,0-4,ILI,mild,2026-08-11T16:36:00,lab
PS-NAB-001,Nablus,32.2211,35.2544,c9eef5119a779be2,221f2317bedd7662,5-17,ILI,mild,2026-08-11T09:03:00,ehr
PS-NAB-001,Nablus,32.2211,35.2544,ce0af50d2ab5f724,ef0388b83401d43a,5-17,ILI,severe,2026-08-11T12:48:00,lab
PS-NAB-001,Nablus,32.2211,35.2544,2e49f94506905ef7,c87134303c666e40,18-49,ILI,moderate,2026-08-11T11:53:00,ehr
PS-NAB-001,Nablus,32.2211,35.2544,2e49f94506905ef7,eeaeff16af7c2192,50-64,ILI,mild,2026-08-11T12:14:00,ehr
PS-NAB-001,Nablus,32.2211,35.2544,62c116f8ada8f79a,dabbbb508dc1f2ec,5-17,ARI,mild,2026-08-11T07:39:00,ehr
PS-NAB-001,Nablus,32.2211,35.2544,ce0af50d2ab5f724,b724c6cf75966099,18-49,ARI,moderate,2026-08-11T16:13:00,ehr
PS-NAB-001,Nablus,32.2211,35.2544,2e49f94506905ef7,43ba1d794acb247b,50-64,ARI,mild,2026-08-11T16:38:00,ehr
PS-NAB-001,Nablus,32.2211,35.2544,2e49f94506905ef7,a2dc9c18c0cffad2,65+,ARI,mild,2026-08-11T08:37:00,lab
PS-NAB-001,Nablus,32.2211,35.2544,62c116f8ada8f79a,967f6dd357682940,0-4,ARI,mild,2026-08-11T13:45:00,ehr
PS-NAB-001,Nablus,32.2211,35.2544,c9eef5119a779be2,6166a188a47023bc,50-64,ARI,mild,2026-08-11T08:44:00,ehr
PS-NAB-001,Nablus,32.2211,35.2544,2e49f94506905ef7,815ce3142ffec549,5-17,ARI,mild,2026-08-11T19:36:00,ehr
PS-NAB-001,Nablus,32.2211,35.2544,c9eef5119a779be2,db8eb6ac934654f4,0-4,ARI,mild,2026-08-11T08:32:00,lab
PS-NAB-001,Nablus,32.2211,35.2544,c9eef5119a779be2,fb8e06ae7d83ff87,18-49,ARI,moderate,2026-08-11T08:27:00,ehr
PS-NAB-001,Nablus,32.2211,35.2544,c9eef5119a779be2,78a3e0da38ad0a33,18-49,ARI,moderate,2026-08-11T13:11:00,lab
PS-NAB-001,Nablus,32.2211,35.2544,c9eef5119a779be2,e773164037caeba3,5-17,FEVER_RASH,mild,2026-08-11T14:27:00,ehr
PS-NAB-001,Nablus,32.2211,35.2544,ce0af50d2ab5f724,bdeb29ce264e2ee8,5-17,MENINGITIS_LIKE,mild,2026-08-11T19:29:00,ehr
PS-NAB-001,Nablus,32.2211,35.2544,c9eef5119a779be2,4bd8668a374f6f75,5-17,OTHER,mild,2026-08-11T19:16:00,ehr
PS-NAB-001,Nablus,32.2211,35.2544,62c116f8ada8f79a,40fb90a323ae7199,0-4,OTHER,moderate,2026-08-11T15:00:00,lab
PS-NAB-001,Nablus,32.2211,35.2544,62c116f8ada8f79a,3aad2ab0b362a328,18-49,OTHER,mild,2026-08-11T15:48:00,lab
PS-NAB-001,Nablus,32.2211,35.2544,2e49f94506905ef7,4fadd53cfdf4fa0e,0-4,OTHER,mild,2026-08-11T14:50:00,ehr
PS-NAB-001,Nablus,32.2211,35.2544,c9eef5119a779be2,cd6e5e203e7e47d8,18-49,OTHER,mild,2026-08-11T11:42:00,lab
PS-NAB-001,Nablus,32.2211,35.2544,c9eef5119a779be2,fadc40f482958a67,5-17,OTHER,mild,2026-08-11T18:35:00,ehr
PS-NAB-001,Nablus,32.2211,35.2544,2e49f94506905ef7,87f0510ffc1638a8,18-49,OTHER,mild,2026-08-11T11:14:00,pharmacy
PS-NAB-001,Nablus,32.2211,35.2544,62c116f8ada8f79a,c10f5340be17a8fb,5-17,OTHER,moderate,2026-08-11T19:44:00,ehr
PS-NAB-001,Nablus,32.2211,35.2544,c9eef5119a779be2,3264b905acf98b0f,65+,OTHER,moderate,2026-08-11T18:37:00,ehr
PS-NAB-001,Nablus,32.2211,35.2544,62c116f8ada8f79a,7ead68acda784f84,5-17,OTHER,moderate,2026-08-11T10:23:00,ehr
PS-BET-001,Bethlehem,31.7054,35.2024,0a12ccb2fb499cd0,3e5ad24093d98299,18-49,ILI,moderate,2026-08-11T15:18:00,ehr
PS-BET-001,Bethlehem,31.7054,35.2024,2ee779d7897ae9a5,5afa37b8cc1360a4,18-49,ILI,mild,2026-08-11T20:00:00,ehr
PS-BET-001,Bethlehem,31.7054,35.2024,53365b5018ccb30a,a6b9f62b7045af21,0-4,ILI,mild,2026-08-11T07:16:00,lab
PS-BET-001,Bethlehem,31.7054,35.2024,c1a0ab6562099869,0b6be2658b08cca4,0-4,ILI,moderate,2026-08-11T08:36:00,ehr
PS-BET-001,Bethlehem,31.7054,35.2024,c1a0ab6562099869,b680f43464f63350,18-49,AGE,mild,2026-08-11T08:15:00,pharmacy
PS-BET-001,Bethlehem,31.7054,35.2024,0a12ccb2fb499cd0,250713dd3e39a013,50-64,AGE,mild,2026-08-11T19:39:00,lab
PS-BET-001,Bethlehem,31.7054,35.2024,53365b5018ccb30a,35d37fa0e91184ba,5-17,AGE,mild,2026-08-11T11:55:00,pharmacy
PS-BET-001,Bethlehem,31.7054,35.2024,0a12ccb2fb499cd0,23dff840d7d60a1c,18-49,AGE,mild,2026-08-11T18:06:00,ehr
PS-BET-001,Bethlehem,31.7054,35.2024,0a12ccb2fb499cd0,3750d95750ff2eca,18-49,AGE,mild,2026-08-11T09:15:00,lab
PS-BET-001,Bethlehem,31.7054,35.2024,53365b5018ccb30a,3170bc4a8b009238,5-17,AGE,mild,2026-08-11T14:44:00,ehr
PS-BET-001,Bethlehem,31.7054,35.2024,53365b5018ccb30a,296bcf81404629a8,0-4,AGE,mild,2026-08-11T18:55:00,ehr
PS-BET-001,Bethlehem,31.7054,35.2024,0a12ccb2fb499cd0,dcc269a9b1d784f3,18-49,ARI,mild,2026-08-11T17:51:00,ehr
PS-BET-001,Bethlehem,31.7054,35.2024,0a12ccb2fb499cd0,ff4cc86450325f0c,0-4,ARI,mild,2026-08-11T11:52:00,ehr
PS-BET-001,Bethlehem,31.7054,35.2024,2ee779d7897ae9a5,3dcbe9b8dfd883c5,18-49,ARI,mild,2026-08-11T16:47:00,ehr
PS-BET-001,Bethlehem,31.7054,35.2024,2ee779d7897ae9a5,865c0e82d41e50ad,18-49,ARI,mild,2026-08-11T18:25:00,ehr
PS-BET-001,Bethlehem,31.7054,35.2024,53365b5018ccb30a,754a22853f4a4c07,18-49,ARI,mild,2026-08-11T16:02:00,ehr
PS-BET-001,Bethlehem,31.7054,35.2024,c1a0ab6562099869,37cbda6abcbe5f7a,65+,JAUNDICE,mild,2026-08-11T20:55:00,ehr
PS-BET-001,Bethlehem,31.7054,35.2024,0a12ccb2fb499cd0,3081068c08eecf2d,18-49,JAUNDICE,mild,2026-08-11T16:02:00,ehr
PS-BET-001,Bethlehem,31.7054,35.2024,53365b5018ccb30a,4541494a22b18fe7,18-49,MENINGITIS_LIKE,mild,2026-08-11T09:37:00,ehr
PS-BET-001,Bethlehem,31.7054,35.2024,c1a0ab6562099869,741c936ef77dd2d7,50-64,OTHER,mild,2026-08-11T12:42:00,lab
PS-BET-001,Bethlehem,31.7054,35.2024,53365b5018ccb30a,4cfb11dd37fe3671,50-64,OTHER,mild,2026-08-11T11:42:00,lab
PS-BET-001,Bethlehem,31.7054,35.2024,2ee779d7897ae9a5,25fd21cb2e60e6d1,5-17,OTHER,severe,2026-08-11T08:20:00,lab
PS-BET-001,Bethlehem,31.7054,35.2024,c1a0ab6562099869,e690410bdd3a6bd5,18-49,OTHER,mild,2026-08-11T20:32:00,lab
PS-BET-001,Bethlehem,31.7054,35.2024,2ee779d7897ae9a5,abeb0b6f22f59358,18-49,OTHER,mild,2026-08-11T07:12:00,lab
PS-JEN-001,Jenin,32.4597,35.2951,c0d662d41ad4a594,6ab91a42e957f92a,18-49,ILI,mild,2026-08-11T15:08:00,ehr
PS-JEN-001,Jenin,32.4597,35.2951,0747c175e69e0dff,c2a0b5274e9f7e62,18-49,ILI,mild,2026-08-11T07:40:00,ehr
PS-JEN-001,Jenin,32.4597,35.2951,02322af968c6062f,ca09c04f7c24fff8,5-17,ILI,moderate,2026-08-11T15:26:00,ehr
PS-JEN-001,Jenin,32.4597,35.2951,0747c175e69e0dff,173bf7e3a7b4085c,18-49,ILI,moderate,2026-08-11T14:07:00,pharmacy
PS-JEN-001,Jenin,32.4597,35.2951,d723f8382af3d058,97e61a8aab8b2b38,50-64,ILI,severe,2026-08-11T18:17:00,ehr
PS-JEN-001,Jenin,32.4597,35.2951,0747c175e69e0dff,205ad36d7269da16,5-17,AGE,moderate,2026-08-11T14:35:00,pharmacy
PS-JEN-001,Jenin,32.4597,35.2951,d723f8382af3d058,97baa879cae2fdb5,5-17,ARI,moderate,2026-08-11T08:17:00,ehr
PS-JEN-001,Jenin,32.4597,35.2951,c0d662d41ad4a594,8fa27c41be366cd9,18-49,ARI,moderate,2026-08-11T20:00:00,pharmacy
PS-JEN-001,Jenin,32.4597,35.2951,0747c175e69e0dff,e0ed2e52b24b99f2,18-49,ARI,mild,2026-08-11T17:31:00,ehr
PS-JEN-001,Jenin,32.4597,35.2951,d723f8382af3d058,0edb046c297c6bc2,18-49,ARI,mild,2026-08-11T15:48:00,ehr
PS-JEN-001,Jenin,32.4597,35.2951,d723f8382af3d058,09cb14e0ed19c2e4,0-4,JAUNDICE,moderate,2026-08-11T13:14:00,lab
PS-JEN-001,Jenin,32.4597,35.2951,0747c175e69e0dff,4a8e6f50f5e82c63,18-49,OTHER,mild,2026-08-11T20:41:00,pharmacy
PS-JEN-001,Jenin,32.4597,35.2951,02322af968c6062f,978c22511651fc66,50-64,OTHER,mild,2026-08-11T16:21:00,pharmacy
PS-JEN-001,Jenin,32.4597,35.2951,0747c175e69e0dff,fdd059d99b6589a4,18-49,OTHER,mild,2026-08-11T14:00:00,ehr
PS-JEN-001,Jenin,32.4597,35.2951,c0d662d41ad4a594,77ef0330d63e9d17,5-17,OTHER,mild,2026-08-11T08:30:00,ehr
PS-JEN-001,Jenin,32.4597,35.2951,d723f8382af3d058,0bc55651ba9617d3,65+,OTHER,mild,2026-08-11T20:21:00,lab
PS-JEN-001,Jenin,32.4597,35.2951,02322af968c6062f,5870127e6065c459,18-49,OTHER,mild,2026-08-11T20:34:00,ehr
PS-JEN-001,Jenin,32.4597,35.2951,02322af968c6062f,6b05448fffd0e141,18-49,OTHER,mild,2026-08-11T10:47:00,ehr
PS-HEB-001,Hebron,31.5326,35.0998,d3391f64b3beb0a2,70c45a8b7eaf0df3,50-64,ILI,mild,2026-08-12T07:02:00,ehr
PS-HEB-001,Hebron,31.5326,35.0998,e3dff89ada235d59,e00a7ca92969bfc7,18-49,ILI,mild,2026-08-12T13:09:00,ehr
PS-HEB-001,Hebron,31.5326,35.0998,7c5d3d710b7ca6a2,379637e43aa8117d,18-49,ILI,mild,2026-08-12T09:11:00,ehr
PS-HEB-001,Hebron,31.5326,35.0998,e3dff89ada235d59,5cb72fbf6d0ee83b,5-17,ILI,mild,2026-08-12T14:58:00,lab
PS-HEB-001,Hebron,31.5326,35.0998,7c5d3d710b7ca6a2,824b4c407f629883,50-64,AGE,mild,2026-08-12T11:42:00,ehr
PS-HEB-001,Hebron,31.5326,35.0998,e3dff89ada235d59,fd12b9608e365a8b,0-4,AGE,moderate,2026-08-12T17:34:00,pharmacy
PS-HEB-001,Hebron,31.5326,35.0998,f17af80950dde2c9,0f737fd018b66e01,18-49,AGE,mild,2026-08-12T11:40:00,ehr
PS-HEB-001,Hebron,31.5326,35.0998,f17af80950dde2c9,a2f80e7c4846d012,0-4,AGE,mild,2026-08-12T10:24:00,ehr
PS-HEB-001,Hebron,31.5326,35.0998,d3391f64b3beb0a2,f7c246c0361e365f,0-4,AGE,moderate,2026-08-12T16:18:00,lab
PS-HEB-001,Hebron,31.5326,35.0998,7c5d3d710b7ca6a2,96f9eaa37790a41b,50-64,AGE,moderate,2026-08-12T11:00:00,ehr
PS-HEB-001,Hebron,31.5326,35.0998,e3dff89ada235d59,d3207ab9791a2d31,18-49,ARI,mild,2026-08-12T19:22:00,ehr
PS-HEB-001,Hebron,31.5326,35.0998,7c5d3d710b7ca6a2,abc0acde2906958c,5-17,ARI,mild,2026-08-12T17:06:00,pharmacy
PS-HEB-001,Hebron,31.5326,35.0998,e3dff89ada235d59,ebf8ef42d323e70a,0-4,ARI,mild,2026-08-12T12:46:00,lab
PS-HEB-001,Hebron,31.5326,35.0998,e3dff89ada235d59,7fc31caf1cc88156,50-64,ARI,moderate,2026-08-12T09:12:00,ehr
PS-HEB-001,Hebron,31.5326,35.0998,d3391f64b3beb0a2,e9783c1bc31a8f40,50-64,ARI,mild,2026-08-12T15:32:00,lab
PS-HEB-001,Hebron,31.5326,35.0998,d3391f64b3beb0a2,442da0f7c70b3d3f,50-64,ARI,mild,2026-08-12T19:18:00,ehr
PS-HEB-001,Hebron,31.5326,35.0998,e3dff89ada235d59,9f688e78cb20c6c7,50-64,ARI,moderate,2026-08-12T09:48:00,lab
PS-HEB-001,Hebron,31.5326,35.0998,d3391f64b3beb0a2,6f051a3065862aad,0-4,ARI,mild,2026-08-12T20:51:00,ehr
PS-HEB-001,Hebron,31.5326,35.0998,f17af80950dde2c9,6812b712cad880b2,5-17,ARI,moderate,2026-08-12T15:07:00,ehr
PS-HEB-001,Hebron,31.5326,35.0998,7c5d3d710b7ca6a2,c1cdcfe35f614849,18-49,OTHER,moderate,2026-08-12T10:30:00,ehr
PS-HEB-001,Hebron,31.5326,35.0998,7c5d3d710b7ca6a2,e9d36249ea555561,18-49,OTHER,mild,2026-08-12T16:14:00,ehr
PS-HEB-001,Hebron,31.5326,35.0998,7c5d3d710b7ca6a2,6dc2b6fe6adfb927,0-4,OTHER,moderate,2026-08-12T17:26:00,ehr
PS-HEB-001,Hebron,31.5326,35.0998,7c5d3d710b7ca6a2,8bbac1a7cd8fe47f,5-17,OTHER,mild,2026-08-12T14:07:00,lab
PS-HEB-001,Hebron,31.5326,35.0998,f17af80950dde2c9,f8849adec400bf35,18-49,OTHER,moderate,2026-08-12T14:23:00,lab
PS-HEB-001,Hebron,31.5326,35.0998,f17af80950dde2c9,c3ade647f4a353d1,18-49,OTHER,moderate,2026-08-12T17:06:00,ehr
PS-HEB-001,Hebron,31.5326,35.0998,d3391f64b3beb0a2,69ed29aefa048a99,5-17,OTHER,mild,2026-08-12T07:44:00,ehr
PS-HEB-001,Hebron,31.5326,35.0998,7c5d3d710b7ca6a2,39325ac7c9fbdf12,65+,OTHER,mild,2026-08-12T20:23:00,ehr
PS-HEB-002,Hebron,31.545,35.087,9b34d36ec3c96b37,2de34a8d5dc9c5b4,0-4,ILI,mild,2026-08-12T08:54:00,pharmacy
PS-HEB-002,Hebron,31.545,35.087,3000fc3d8d01f75a,509428912df5f549,5-17,ILI,mild,2026-08-12T07:03:00,pharmacy
PS-HEB-002,Hebron,31.545,35.087,d1fda43bf12417c4,69e693a8d6c8a627,18-49,ILI,moderate,2026-08-12T10:04:00,ehr
PS-HEB-002,Hebron,31.545,35.087,d1fda43bf12417c4,f0f922e110f64ec9,50-64,ILI,mild,2026-08-12T12:49:00,ehr
PS-HEB-002,Hebron,31.545,35.087,d1fda43bf12417c4,7a3d050737561cda,18-49,ILI,moderate,2026-08-12T20:09:00,ehr
PS-HEB-002,Hebron,31.545,35.087,b828601a5432663a,8600000b30d64176,0-4,ILI,mild,2026-08-12T17:55:00,ehr
PS-HEB-002,Hebron,31.545,35.087,b828601a5432663a,d1c7371d0ca0622a,5-17,ILI,mild,2026-08-12T16:20:00,lab
PS-HEB-002,Hebron,31.545,35.087,b828601a5432663a,139e9876a9a2b40a,18-49,ILI,moderate,2026-08-12T15:07:00,pharmacy
PS-HEB-002,Hebron,31.545,35.087,9b34d36ec3c96b37,f2a8ed05fc9fd79f,18-49,AGE,moderate,2026-08-12T16:06:00,ehr
PS-HEB-002,Hebron,31.545,35.087,3000fc3d8d01f75a,1af0c23107482ccd,18-49,AGE,severe,2026-08-12T18:50:00,ehr
PS-HEB-002,Hebron,31.545,35.087,9b34d36ec3c96b37,9067f790fbf9f3ff,18-49,AGE,mild,2026-08-12T14:54:00,lab
PS-HEB-002,Hebron,31.545,35.087,b828601a5432663a,0cc661ddeba12d4f,5-17,AGE,mild,2026-08-12T08:57:00,ehr
PS-HEB-002,Hebron,31.545,35.087,3000fc3d8d01f75a,63ba6fc9210a2d3b,5-17,ARI,mild,2026-08-12T15:45:00,ehr
PS-HEB-002,Hebron,31.545,35.087,9b34d36ec3c96b37,813d4f115c78d55c,0-4,ARI,moderate,2026-08-12T14:32:00,pharmacy
PS-HEB-002,Hebron,31.545,35.087,d1fda43bf12417c4,0774dfb04a2101b2,18-49,ARI,moderate,2026-08-12T18:55:00,lab
PS-HEB-002,Hebron,31.545,35.087,9b34d36ec3c96b37,ed8ffa4c5064b914,18-49,ARI,moderate,2026-08-12T12:52:00,ehr
PS-HEB-002,Hebron,31.545,35.087,3000fc3d8d01f75a,b304c439eb9abc5d,5-17,ARI,mild,2026-08-12T13:20:00,lab
PS-HEB-002,Hebron,31.545,35.087,b828601a5432663a,0155be739587ce0b,0-4,FEVER_RASH,mild,2026-08-12T08:05:00,ehr
PS-HEB-002,Hebron,31.545,35.087,b828601a5432663a,94fd490708413fbf,18-49,FEVER_RASH,mild,2026-08-12T19:08:00,ehr
PS-HEB-002,Hebron,31.545,35.087,b828601a5432663a,0156a4e6957ae3c8,65+,OTHER,mild,2026-08-12T13:55:00,ehr
PS-RAM-001,Ramallah,31.9038,35.2034,d4bc341fd534ad06,1de5ef7f9dde04ec,5-17,ILI,mild,2026-08-12T09:42:00,pharmacy
PS-RAM-001,Ramallah,31.9038,35.2034,865eea42f5c6ccea,6224df719ba9028d,18-49,ILI,moderate,2026-08-12T12:07:00,pharmacy
PS-RAM-001,Ramallah,31.9038,35.2034,4dc3b3d585035dae,c2a6fb7b227110a0,18-49,ILI,mild,2026-08-12T19:52:00,ehr
PS-RAM-001,Ramallah,31.9038,35.2034,865eea42f5c6ccea,4e37717710c85737,18-49,ILI,mild,2026-08-12T07:11:00,ehr
PS-RAM-001,Ramallah,31.9038,35.2034,2c531e40a3a7ce8c,a8bf03ba05ef487a,50-64,ILI,mild,2026-08-12T12:00:00,lab
PS-RAM-001,Ramallah,31.9038,35.2034,4dc3b3d585035dae,1b44e0e14b6b63d0,0-4,ILI,mild,2026-08-12T08:09:00,lab
PS-RAM-001,Ramallah,31.9038,35.2034,865eea42f5c6ccea,d8f9574a5f826f5e,5-17,ILI,mild,2026-08-12T13:29:00,ehr
PS-RAM-001,Ramallah,31.9038,35.2034,4dc3b3d585035dae,e5572d36a5e3e734,50-64,ILI,mild,2026-08-12T19:36:00,pharmacy
PS-RAM-001,Ramallah,31.9038,35.2034,4dc3b3d585035dae,b118c7bdfb3926c2,5-17,ILI,mild,2026-08-12T07:43:00,lab
PS-RAM-001,Ramallah,31.9038,35.2034,d4bc341fd534ad06,8154bc01e1efe1a5,5-17,ILI,moderate,2026-08-12T16:28:00,ehr
PS-RAM-001,Ramallah,31.9038,35.2034,4dc3b3d585035dae,29f6ee94e3bc39a2,5-17,ILI,mild,2026-08-12T12:27:00,lab
PS-RAM-001,Ramallah,31.9038,35.2034,865eea42f5c6ccea,a7eea3ca39338a9e,0-4,ILI,mild,2026-08-12T15:42:00,pharmacy
PS-RAM-001,Ramallah,31.9038,35.2034,2c531e40a3a7ce8c,b6b1b0daaa6a9898,5-17,AGE,mild,2026-08-12T07:00:00,ehr
PS-RAM-001,Ramallah,31.9038,35.2034,865eea42f5c6ccea,9e08dfcea954870d,5-17,AGE,mild,2026-08-12T19:16:00,lab
PS-RAM-001,Ramallah,31.9038,35.2034,d4bc341fd534ad06,11cc7bdca313f534,18-49,AGE,mild,2026-08-12T09:08:00,pharmacy
PS-RAM-001,Ramallah,31.9038,35.2034,865eea42f5c6ccea,01ec904882a1af2b,0-4,AGE,moderate,2026-08-12T20:42:00,ehr
PS-RAM-001,Ramallah,31.9038,35.2034,d4bc341fd534ad06,557edba406b3aa3e,50-64,AGE,moderate,2026-08-12T13:01:00,pharmacy
PS-RAM-001,Ramallah,31.9038,35.2034,d4bc341fd534ad06,95b535f643e5c5ed,18-49,AGE,mild,2026-08-12T13:36:00,ehr
PS-RAM-001,Ramallah,31.9038,35.2034,865eea42f5c6ccea,8149d317b05b48f5,5-17,AGE,moderate,2026-08-12T13:01:00,lab
PS-RAM-001,Ramallah,31.9038,35.2034,4dc3b3d585035dae,0c5a978bad319962,5-17,ARI,mild,2026-08-12T08:27:00,pharmacy
PS-RAM-001,Ramallah,31.9038,35.2034,865eea42f5c6ccea,1364582576bda252,18-49,ARI,mild,2026-08-12T08:25:00,ehr
PS-RAM-001,Ramallah,31.9038,35.2034,4dc3b3d585035dae,eb0351980ce85fcb,18-49,ARI,mild,2026-08-12T08:32:00,ehr
PS-RAM-001,Ramallah,31.9038,35.2034,2c531e40a3a7ce8c,ce8caf51e935ad5b,5-17,ARI,mild,2026-08-12T12:46:00,ehr
PS-RAM-001,Ramallah,31.9038,35.2034,2c531e40a3a7ce8c,5dc7d02762d47e91,18-49,ARI,mild,2026-08-12T09:38:00,ehr
PS-RAM-001,Ramallah,31.9038,35.2034,d4bc341fd534ad06,d9543c1bd04d4abe,18-49,ARI,mild,2026-08-12T19:40:00,pharmacy
PS-RAM-001,Ramallah,31.9038,35.2034,865eea42f5c6ccea,fce83a840efffe6c,50-64,ARI,mild,2026-08-12T14:43:00,ehr
PS-RAM-001,Ramallah,31.9038,35.2034,d4bc341fd534ad06,371bdf9ac4f8b77f,18-49,ARI,mild,2026-08-12T14:04:00,ehr
PS-RAM-001,Ramallah,31.9038,35.2034,865eea42f5c6ccea,9d4dffbd737c3699,18-49,ARI,mild,2026-08-12T16:03:00,lab
PS-RAM-001,Ramallah,31.9038,35.2034,865eea42f5c6ccea,719fef6dc6488fca,50-64,ARI,mild,2026-08-12T07:03:00,ehr
PS-RAM-001,Ramallah,31.9038,35.2034,d4bc341fd534ad06,2ce74c29a3915a01,18-49,ARI,mild,2026-08-12T16:38:00,ehr
PS-RAM-001,Ramallah,31.9038,35.2034,2c531e40a3a7ce8c,c9154dfe753dd3ba,5-17,ARI,mild,2026-08-12T14:58:00,ehr
PS-RAM-001,Ramallah,31.9038,35.2034,4dc3b3d585035dae,c561f591a484d94e,50-64,ARI,moderate,2026-08-12T07:28:00,ehr
PS-RAM-001,Ramallah,31.9038,35.2034,2c531e40a3a7ce8c,6f6e551389d9c567,5-17,OTHER,moderate,2026-08-12T14:33:00,lab
PS-RAM-001,Ramallah,31.9038,35.2034,865eea42f5c6ccea,26a55e995f617434,18-49,OTHER,mild,2026-08-12T13:49:00,ehr
PS-RAM-001,Ramallah,31.9038,35.2034,4dc3b3d585035dae,7da54aab748b8812,18-49,OTHER,mild,2026-08-12T08:21:00,ehr
PS-RAM-001,Ramallah,31.9038,35.2034,2c531e40a3a7ce8c,7795eb8f643e9fdd,5-17,OTHER,mild,2026-08-12T18:54:00,ehr
PS-RAM-001,Ramallah,31.9038,35.2034,d4bc341fd534ad06,e29c350adec551b3,0-4,OTHER,moderate,2026-08-12T12:19:00,ehr
PS-RAM-001,Ramallah,31.9038,35.2034,d4bc341fd534ad06,83f3d9c1c93f7d78,18-49,OTHER,mild,2026-08-12T11:35:00,ehr
PS-RAM-001,Ramallah,31.9038,35.2034,4dc3b3d585035dae,045bd525e8f8ba06,18-49,OTHER,mild,2026-08-12T17:44:00,ehr
PS-RAM-001,Ramallah,31.9038,35.2034,865eea42f5c6ccea,9e39f483d4b7d388,5-17,OTHER,mild,2026-08-12T07:23:00,lab
PS-RAM-001,Ramallah,31.9038,35.2034,2c531e40a3a7ce8c,db26b39df28a1476,5-17,OTHER,mild,2026-08-12T10:14:00,ehr
PS-RAM-001,Ramallah,31.9038,35.2034,4dc3b3d585035dae,73ad9a82f8b26149,18-49,OTHER,moderate,2026-08-12T15:49:00,pharmacy
PS-RAM-001,Ramallah,31.9038,35.2034,d4bc341fd534ad06,c4d81ed10b97fea5,5-17,OTHER,mild,2026-08-12T09:38:00,pharmacy
PS-RAM-001,Ramallah,31.9038,35.2034,2c531e40a3a7ce8c,bd5d7042d13e7d4d,18-49,OTHER,mild,2026-08-12T19:57:00,ehr
PS-RAM-001,Ramallah,31.9038,35.2034,2c531e40a3a7ce8c,3213b27bf06d595a,65+,OTHER,mild,2026-08-12T17:46:00,lab
PS-NAB-001,Nablus,32.2211,35.2544,ce0af50d2ab5f724,ebcfbb98d6fe9976,50-64,ILI,mild,2026-08-12T19:50:00,pharmacy
PS-NAB-001,Nablus,32.2211,35.2544,c9eef5119a779be2,ab906668c1550876,50-64,ILI,mild,2026-08-12T14:29:00,lab
PS-NAB-001,Nablus,32.2211,35.2544,62c116f8ada8f79a,900398ed116ce7e4,50-64,ILI,mild,2026-08-12T09:52:00,ehr
PS-NAB-001,Nablus,32.2211,35.2544,ce0af50d2ab5f724,5f536dbc795b69c3,50-64,ILI,mild,2026-08-12T07:41:00,ehr
PS-NAB-001,Nablus,32.2211,35.2544,2e49f94506905ef7,154761a741bf47e6,5-17,ILI,moderate,2026-08-12T18:54:00,ehr
PS-NAB-001,Nablus,32.2211,35.2544,62c116f8ada8f79a,fdc6b06b72fae341,50-64,ILI,mild,2026-08-12T14:57:00,ehr
PS-NAB-001,Nablus,32.2211,35.2544,c9eef5119a779be2,a32228ed1621f2cd,65+,ILI,mild,2026-08-12T20:28:00,lab
PS-NAB-001,Nablus,32.2211,35.2544,62c116f8ada8f79a,67616684d7dad138,18-49,ILI,mild,2026-08-12T15:23:00,ehr
PS-NAB-001,Nablus,32.2211,35.2544,2e49f94506905ef7,cec3ff55d951baae,50-64,AGE,mild,2026-08-12T07:20:00,ehr
PS-NAB-001,Nablus,32.2211,35.2544,c9eef5119a779be2,3d578149347fbf26,50-64,AGE,mild,2026-08-12T09:02:00,ehr
PS-NAB-001,Nablus,32.2211,35.2544,ce0af50d2ab5f724,b8590ae9e4010d47,18-49,AGE,mild,2026-08-12T19:45:00,ehr
PS-NAB-001,Nablus,32.2211,35.2544,62c116f8ada8f79a,8db9793928a83cb6,50-64,AGE,mild,2026-08-12T07:16:00,pharmacy
PS-NAB-001,Nablus,32.2211,35.2544,2e49f94506905ef7,d9c478b3356cd3c8,50-64,AGE,mild,2026-08-12T15:27:00,ehr
PS-NAB-001,Nablus,32.2211,35.2544,ce0af50d2ab5f724,1078e95894457bc7,18-49,AGE,mild,2026-08-12T07:15:00,ehr
PS-NAB-001,Nablus,32.2211,35.2544,2e49f94506905ef7,238c24d352fca95d,18-49,ARI,mild,2026-08-12T16:34:00,ehr
PS-NAB-001,Nablus,32.2211,35.2544,2e49f94506905ef7,19d498fb7592c285,18-49,ARI,mild,2026-08-12T11:27:00,lab
PS-NAB-001,Nablus,32.2211,35.2544,2e49f94506905ef7,82c6587c3ed0470d,18-49,ARI,mild,2026-08-12T09:42:00,pharmacy
PS-NAB-001,Nablus,32.2211,35.2544,2e49f94506905ef7,c67f69d0358ae0ad,18-49,ARI,mild,2026-08-12T15:32:00,lab
PS-NAB-001,Nablus,32.2211,35.2544,2e49f94506905ef7,e419ce70700ce2a3,5-17,ARI,mild,2026-08-12T12:16:00,ehr
PS-NAB-001,Nablus,32.2211,35.2544,2e49f94506905ef7,82ab50ac41cd8b1b,50-64,ARI,moderate,2026-08-12T18:42:00,ehr
PS-NAB-001,Nablus,32.2211,35.2544,c9eef5119a779be2,5d58ed87eb579d3e,18-49,ARI,moderate,2026-08-12T09:02:00,ehr
PS-NAB-001,Nablus,32.2211,35.2544,ce0af50d2ab5f724,7b5d1d6075e275c5,65+,ARI,mild,2026-08-12T20:49:00,ehr
PS-NAB-001,Nablus,32.2211,35.2544,2e49f94506905ef7,e5dc03adc0264690,18-49,ARI,moderate,2026-08-12T19:08:00,ehr
PS-NAB-001,Nablus,32.2211,35.2544,2e49f94506905ef7,452bacfc2a9ba9eb,50-64,ARI,moderate,2026-08-12T11:12:00,ehr
PS-NAB-001,Nablus,32.2211,35.2544,ce0af50d2ab5f724,717e2acfea2b1f65,65+,ARI,mild,2026-08-12T11:32:00,ehr
PS-NAB-001,Nablus,32.2211,35.2544,62c116f8ada8f79a,3a5bbe367f01669e,5-17,ARI,moderate,2026-08-12T07:48:00,ehr
PS-NAB-001,Nablus,32.2211,35.2544,c9eef5119a779be2,b86f93d2de7b6379,5-17,ARI,moderate,2026-08-12T20:41:00,lab
PS-NAB-001,Nablus,32.2211,35.2544,ce0af50d2ab5f724,e2feddb1581d40c3,50-64,FEVER_RASH,mild,2026-08-12T13:47:00,ehr
PS-NAB-001,Nablus,32.2211,35.2544,ce0af50d2ab5f724,67f559f7a3a5d7ad,5-17,FEVER_RASH,moderate,2026-08-12T14:44:00,ehr
PS-NAB-001,Nablus,32.2211,35.2544,ce0af50d2ab5f724,8b2598fdcea2f9fc,0-4,FEVER_RASH,mild,2026-08-12T19:05:00,ehr
PS-NAB-001,Nablus,32.2211,35.2544,ce0af50d2ab5f724,41b1f552fb9126ba,5-17,OTHER,mild,2026-08-12T11:28:00,lab
PS-NAB-001,Nablus,32.2211,35.2544,c9eef5119a779be2,bb40cfb99da78e8c,18-49,OTHER,mild,2026-08-12T07:46:00,ehr
PS-NAB-001,Nablus,32.2211,35.2544,ce0af50d2ab5f724,d25e7d641da13bf6,5-17,OTHER,moderate,2026-08-12T08:42:00,ehr
PS-NAB-001,Nablus,32.2211,35.2544,ce0af50d2ab5f724,2de6d439d1b6fdf4,0-4,OTHER,mild,2026-08-12T07:09:00,ehr
PS-NAB-001,Nablus,32.2211,35.2544,2e49f94506905ef7,c4a129d6896be558,18-49,OTHER,mild,2026-08-12T12:24:00,ehr
PS-NAB-001,Nablus,32.2211,35.2544,2e49f94506905ef7,007092ae254ee55e,18-49,OTHER,mild,2026-08-12T12:28:00,lab
PS-NAB-001,Nablus,32.2211,35.2544,c9eef5119a779be2,f5a5ab6499d0973d,5-17,OTHER,mild,2026-08-12T12:41:00,ehr
PS-NAB-001,Nablus,32.2211,35.2544,ce0af50d2ab5f724,912b1bd03790f144,50-64,OTHER,mild,2026-08-12T14:33:00,ehr
PS-NAB-001,Nablus,32.2211,35.2544,62c116f8ada8f79a,1c4b9d413d368f95,65+,OTHER,mild,2026-08-12T18:28:00,lab
PS-NAB-001,Nablus,32.2211,35.2544,62c116f8ada8f79a,235ee56a5089d0b6,50-64,OTHER,mild,2026-08-12T10:07:00,lab
PS-BET-001,Bethlehem,31.7054,35.2024,2ee779d7897ae9a5,79bcab5850620ac9,18-49,ILI,mild,2026-08-12T20:20:00,ehr
PS-BET-001,Bethlehem,31.7054,35.2024,0a12ccb2fb499cd0,8c804a89a0186136,18-49,ILI,moderate,2026-08-12T11:54:00,ehr
PS-BET-001,Bethlehem,31.7054,35.2024,0a12ccb2fb499cd0,7a84db1780ea5514,0-4,ILI,mild,2026-08-12T19:23:00,ehr
PS-BET-001,Bethlehem,31.7054,35.2024,53365b5018ccb30a,650cdc9a3f020b94,0-4,ILI,mild,2026-08-12T10:50:00,ehr
PS-BET-001,Bethlehem,31.7054,35.2024,0a12ccb2fb499cd0,cb4cfa8bd5e793a6,18-49,ILI,mild,2026-08-12T14:51:00,ehr
PS-BET-001,Bethlehem,31.7054,35.2024,53365b5018ccb30a,6e6d24304eef747e,18-49,ILI,moderate,2026-08-12T13:45:00,pharmacy
PS-BET-001,Bethlehem,31.7054,35.2024,2ee779d7897ae9a5,43ea005ff5e02429,18-49,ILI,mild,2026-08-12T08:08:00,pharmacy
PS-BET-001,Bethlehem,31.7054,35.2024,0a12ccb2fb499cd0,4b7223cf12d4cea2,18-49,ILI,mild,2026-08-12T12:08:00,pharmacy
PS-BET-001,Bethlehem,31.7054,35.2024,c1a0ab6562099869,b08167e81516df9a,18-49,ILI,mild,2026-08-12T20:03:00,ehr
PS-BET-001,Bethlehem,31.7054,35.2024,0a12ccb2fb499cd0,918c12508ab33d4f,5-17,AGE,moderate,2026-08-12T12:59:00,ehr
PS-BET-001,Bethlehem,31.7054,35.2024,2ee779d7897ae9a5,64245ce02cf0e94d,5-17,AGE,severe,2026-08-12T20:05:00,ehr
PS-BET-001,Bethlehem,31.7054,35.2024,0a12ccb2fb499cd0,10cc0af2c514b249,18-49,ARI,mild,2026-08-12T15:05:00,ehr
PS-BET-001,Bethlehem,31.7054,35.2024,2ee779d7897ae9a5,746a47ab630bad67,50-64,ARI,mild,2026-08-12T17:39:00,ehr
PS-BET-001,Bethlehem,31.7054,35.2024,2ee779d7897ae9a5,12a544a2e89fdb4c,18-49,ARI,moderate,2026-08-12T08:02:00,lab
PS-BET-001,Bethlehem,31.7054,35.2024,c1a0ab6562099869,5d4e5510cab03f3b,18-49,ARI,mild,2026-08-12T16:40:00,ehr
PS-BET-001,Bethlehem,31.7054,35.2024,53365b5018ccb30a,1bb9d519477fbf66,5-17,ARI,moderate,2026-08-12T17:19:00,lab
PS-BET-001,Bethlehem,31.7054,35.2024,c1a0ab6562099869,6c8e3304b3bc518d,18-49,ARI,mild,2026-08-12T11:29:00,lab
PS-BET-001,Bethlehem,31.7054,35.2024,0a12ccb2fb499cd0,84a47376b1d15dc9,5-17,FEVER_RASH,mild,2026-08-12T14:29:00,ehr
PS-BET-001,Bethlehem,31.7054,35.2024,c1a0ab6562099869,fa8005dc6c35f1b0,5-17,OTHER,mild,2026-08-12T12:32:00,ehr
PS-BET-001,Bethlehem,31.7054,35.2024,0a12ccb2fb499cd0,abf377ddaee43a5b,0-4,OTHER,mild,2026-08-12T14:15:00,lab
PS-BET-001,Bethlehem,31.7054,35.2024,53365b5018ccb30a,096b4085b610d9a9,5-17,OTHER,moderate,2026-08-12T20:39:00,ehr
PS-BET-001,Bethlehem,31.7054,35.2024,2ee779d7897ae9a5,f91c1d32ee5c6542,5-17,OTHER,mild,2026-08-12T20:20:00,pharmacy
PS-JEN-001,Jenin,32.4597,35.2951,02322af968c6062f,4b8ca45c692ad769,65+,AGE,mild,2026-08-12T14:01:00,ehr
PS-JEN-001,Jenin,32.4597,35.2951,c0d662d41ad4a594,1d9cb435d1c36d6a,0-4,AGE,mild,2026-08-12T10:37:00,pharmacy
PS-JEN-001,Jenin,32.4597,35.2951,d723f8382af3d058,075dd8d45594ab1a,5-17,AGE,mild,2026-08-12T20:41:00,ehr
PS-JEN-001,Jenin,32.4597,35.2951,d723f8382af3d058,14ac6e889bff4c97,5-17,FEVER_RASH,mild,2026-08-12T18:23:00,pharmacy
PS-JEN-001,Jenin,32.4597,35.2951,c0d662d41ad4a594,57f17c7aacde13ac,50-64,OTHER,mild,2026-08-12T14:48:00,pharmacy
PS-JEN-001,Jenin,32.4597,35.2951,02322af968c6062f,c9c5d1a5b6a0ff59,18-49,OTHER,moderate,2026-08-12T08:08:00,ehr
PS-JEN-001,Jenin,32.4597,35.2951,0747c175e69e0dff,1808f8ec6a1425a4,5-17,OTHER,mild,2026-08-12T15:23:00,pharmacy
PS-JEN-001,Jenin,32.4597,35.2951,02322af968c6062f,1c74a530ec1df02d,0-4,OTHER,mild,2026-08-12T07:02:00,lab
PS-JEN-001,Jenin,32.4597,35.2951,0747c175e69e0dff,61fd815bdcc083cd,18-49,OTHER,mild,2026-08-12T15:29:00,ehr
PS-JEN-001,Jenin,32.4597,35.2951,0747c175e69e0dff,ee248e351525a913,18-49,OTHER,mild,2026-08-12T16:20:00,ehr
PS-JEN-001,Jenin,32.4597,35.2951,d723f8382af3d058,c081844d7ed84336,18-49,OTHER,mild,2026-08-12T16:21:00,ehr
PS-HEB-001,Hebron,31.5326,35.0998,d3391f64b3beb0a2,0464326993856f7a,50-64,ILI,moderate,2026-08-13T13:37:00,ehr
PS-HEB-001,Hebron,31.5326,35.0998,d3391f64b3beb0a2,72c36fe092ae1b77,65+,ILI,moderate,2026-08-13T16:30:00,pharmacy
PS-HEB-001,Hebron,31.5326,35.0998,7c5d3d710b7ca6a2,94f595c1d7e79e1b,18-49,ILI,mild,2026-08-13T16:14:00,pharmacy
PS-HEB-001,Hebron,31.5326,35.0998,f17af80950dde2c9,0401f8f058e151f5,0-4,ILI,mild,2026-08-13T19:53:00,ehr
PS-HEB-001,Hebron,31.5326,35.0998,7c5d3d710b7ca6a2,1f546b46dddefd14,5-17,ILI,mild,2026-08-13T16:44:00,lab
PS-HEB-001,Hebron,31.5326,35.0998,e3dff89ada235d59,a7753a5965b42dab,18-49,AGE,moderate,2026-08-13T09:26:00,lab
PS-HEB-001,Hebron,31.5326,35.0998,7c5d3d710b7ca6a2,1ebd225c0f08d807,18-49,AGE,mild,2026-08-13T20:54:00,pharmacy
PS-HEB-001,Hebron,31.5326,35.0998,f17af80950dde2c9,864ed52e699516fc,18-49,AGE,mild,2026-08-13T12:42:00,ehr
PS-HEB-001,Hebron,31.5326,35.0998,d3391f64b3beb0a2,70b0c1ac981a7ab9,18-49,AGE,mild,2026-08-13T14:58:00,ehr
PS-HEB-001,Hebron,31.5326,35.0998,e3dff89ada235d59,62765c883fac5471,65+,AGE,mild,2026-08-13T16:30:00,ehr
PS-HEB-001,Hebron,31.5326,35.0998,d3391f64b3beb0a2,528b1efc0781f2ec,18-49,AGE,mild,2026-08-13T10:19:00,lab
PS-HEB-001,Hebron,31.5326,35.0998,d3391f64b3beb0a2,15ee364296f4fba2,18-49,AGE,moderate,2026-08-13T12:30:00,ehr
PS-HEB-001,Hebron,31.5326,35.0998,f17af80950dde2c9,edaffebba0730e20,50-64,ARI,severe,2026-08-13T15:24:00,ehr
PS-HEB-001,Hebron,31.5326,35.0998,d3391f64b3beb0a2,e4a11e24c5f0650b,65+,ARI,mild,2026-08-13T11:02:00,lab
PS-HEB-001,Hebron,31.5326,35.0998,f17af80950dde2c9,e88995b97e631a23,5-17,ARI,moderate,2026-08-13T17:16:00,ehr
PS-HEB-001,Hebron,31.5326,35.0998,d3391f64b3beb0a2,bbda7f4570be996a,0-4,ARI,mild,2026-08-13T15:44:00,pharmacy
PS-HEB-001,Hebron,31.5326,35.0998,7c5d3d710b7ca6a2,4e69b28934eadde4,18-49,ARI,mild,2026-08-13T10:15:00,ehr
PS-HEB-001,Hebron,31.5326,35.0998,f17af80950dde2c9,360c57ebe12c3161,5-17,ARI,mild,2026-08-13T07:06:00,ehr
PS-HEB-001,Hebron,31.5326,35.0998,e3dff89ada235d59,fa3698a63133dbdb,18-49,ARI,moderate,2026-08-13T07:35:00,lab
PS-HEB-001,Hebron,31.5326,35.0998,e3dff89ada235d59,d48d863b9a852086,18-49,FEVER_RASH,mild,2026-08-13T14:41:00,ehr
PS-HEB-001,Hebron,31.5326,35.0998,7c5d3d710b7ca6a2,38d3df863dc5f6e2,18-49,FEVER_RASH,mild,2026-08-13T17:03:00,ehr
PS-HEB-001,Hebron,31.5326,35.0998,e3dff89ada235d59,a21847fe1bff8561,65+,FEVER_RASH,mild,2026-08-13T09:26:00,lab
PS-HEB-001,Hebron,31.5326,35.0998,d3391f64b3beb0a2,dda96d1cc48d9c8e,50-64,JAUNDICE,mild,2026-08-13T18:55:00,pharmacy
PS-HEB-001,Hebron,31.5326,35.0998,f17af80950dde2c9,609650cd384d75f6,65+,OTHER,mild,2026-08-13T12:18:00,lab
PS-HEB-001,Hebron,31.5326,35.0998,f17af80950dde2c9,7c1905a3ce0fa392,5-17,OTHER,moderate,2026-08-13T09:54:00,ehr
PS-HEB-001,Hebron,31.5326,35.0998,f17af80950dde2c9,473a0718a914e564,18-49,OTHER,moderate,2026-08-13T09:46:00,ehr
PS-HEB-001,Hebron,31.5326,35.0998,d3391f64b3beb0a2,4d895ecb24c930c2,18-49,OTHER,moderate,2026-08-13T18:21:00,ehr
PS-HEB-002,Hebron,31.545,35.087,9b34d36ec3c96b37,f0eb9cc8e96e3c25,18-49,ILI,mild,2026-08-13T13:52:00,ehr
PS-HEB-002,Hebron,31.545,35.087,9b34d36ec3c96b37,9ac7d69a2d8343cd,5-17,ILI,mild,2026-08-13T09:08:00,ehr
PS-HEB-002,Hebron,31.545,35.087,9b34d36ec3c96b37,d4d3ec876db93f7c,18-49,ILI,severe,2026-08-13T13:15:00,ehr
PS-HEB-002,Hebron,31.545,35.087,b828601a5432663a,a4d2b45a65a2693a,5-17,AGE,mild,2026-08-13T16:46:00,ehr
PS-HEB-002,Hebron,31.545,35.087,9b34d36ec3c96b37,04a7c63d657ebb53,18-49,ARI,moderate,2026-08-13T11:10:00,ehr
PS-HEB-002,Hebron,31.545,35.087,3000fc3d8d01f75a,97d932afa18c319b,5-17,ARI,mild,2026-08-13T18:07:00,ehr
PS-HEB-002,Hebron,31.545,35.087,9b34d36ec3c96b37,5ed9e09ca0b5a44b,18-49,ARI,mild,2026-08-13T14:09:00,lab
PS-HEB-002,Hebron,31.545,35.087,9b34d36ec3c96b37,cd204fa4e36ffd27,18-49,ARI,moderate,2026-08-13T18:35:00,ehr
PS-HEB-002,Hebron,31.545,35.087,b828601a5432663a,14fdb682a5657a33,18-49,ARI,mild,2026-08-13T19:15:00,ehr
PS-HEB-002,Hebron,31.545,35.087,b828601a5432663a,9c2992c15d765d7f,0-4,ARI,mild,2026-08-13T08:58:00,pharmacy
PS-HEB-002,Hebron,31.545,35.087,d1fda43bf12417c4,635d7a3fe0a25293,5-17,ARI,moderate,2026-08-13T10:36:00,lab
PS-HEB-002,Hebron,31.545,35.087,d1fda43bf12417c4,a741ae336ac21b94,18-49,FEVER_RASH,mild,2026-08-13T08:43:00,pharmacy
PS-HEB-002,Hebron,31.545,35.087,9b34d36ec3c96b37,4f4147f98d344721,18-49,OTHER,mild,2026-08-13T16:03:00,ehr
PS-HEB-002,Hebron,31.545,35.087,b828601a5432663a,d8fcefb43220ec0d,18-49,OTHER,mild,2026-08-13T13:16:00,ehr
PS-HEB-002,Hebron,31.545,35.087,b828601a5432663a,7cc17f8acf17b1b1,18-49,OTHER,mild,2026-08-13T13:22:00,ehr
PS-HEB-002,Hebron,31.545,35.087,3000fc3d8d01f75a,5c33f0abefcdd2ce,18-49,OTHER,moderate,2026-08-13T14:02:00,lab
PS-HEB-002,Hebron,31.545,35.087,9b34d36ec3c96b37,c6b0f94eb2597daf,18-49,OTHER,moderate,2026-08-13T12:57:00,lab
PS-HEB-002,Hebron,31.545,35.087,d1fda43bf12417c4,2ea2a9fb53f99d3f,18-49,OTHER,mild,2026-08-13T13:05:00,ehr
PS-HEB-002,Hebron,31.545,35.087,d1fda43bf12417c4,7f76a560d4f89997,18-49,OTHER,mild,2026-08-13T15:25:00,ehr
PS-HEB-002,Hebron,31.545,35.087,3000fc3d8d01f75a,c967888a78821553,18-49,OTHER,moderate,2026-08-13T19:01:00,lab
PS-RAM-001,Ramallah,31.9038,35.2034,865eea42f5c6ccea,b41f3878f0528f02,5-17,ILI,mild,2026-08-13T10:29:00,ehr
PS-RAM-001,Ramallah,31.9038,35.2034,d4bc341fd534ad06,9143581da291addb,18-49,ILI,moderate,2026-08-13T07:51:00,ehr
PS-RAM-001,Ramallah,31.9038,35.2034,4dc3b3d585035dae,58ec3191eaaf7559,0-4,ILI,mild,2026-08-13T10:13:00,pharmacy
PS-RAM-001,Ramallah,31.9038,35.2034,4dc3b3d585035dae,b28a3b69f5547b99,5-17,ILI,mild,2026-08-13T17:45:00,lab
PS-RAM-001,Ramallah,31.9038,35.2034,2c531e40a3a7ce8c,d5c1e759b7bed340,18-49,AGE,moderate,2026-08-13T10:34:00,ehr
PS-RAM-001,Ramallah,31.9038,35.2034,2c531e40a3a7ce8c,c7b074601c1ba869,50-64,AGE,moderate,2026-08-13T15:18:00,ehr
PS-RAM-001,Ramallah,31.9038,35.2034,865eea42f5c6ccea,5ab9a0cbfbe680eb,5-17,AGE,moderate,2026-08-13T16:38:00,pharmacy
PS-RAM-001,Ramallah,31.9038,35.2034,865eea42f5c6ccea,46760d9bb5f219e6,5-17,AGE,mild,2026-08-13T10:26:00,pharmacy
PS-RAM-001,Ramallah,31.9038,35.2034,2c531e40a3a7ce8c,4511858a0939546a,18-49,AGE,mild,2026-08-13T18:58:00,lab
PS-RAM-001,Ramallah,31.9038,35.2034,d4bc341fd534ad06,a428b0c2b51c11fb,50-64,ARI,mild,2026-08-13T17:42:00,lab
PS-RAM-001,Ramallah,31.9038,35.2034,865eea42f5c6ccea,179e0803b5fc2e29,5-17,ARI,moderate,2026-08-13T13:09:00,lab
PS-RAM-001,Ramallah,31.9038,35.2034,2c531e40a3a7ce8c,d2e6755c445562e7,5-17,ARI,moderate,2026-08-13T10:54:00,lab
PS-RAM-001,Ramallah,31.9038,35.2034,d4bc341fd534ad06,fb50794c84f3c628,65+,ARI,mild,2026-08-13T07:35:00,ehr
PS-RAM-001,Ramallah,31.9038,35.2034,865eea42f5c6ccea,3817d8a610868a32,5-17,ARI,mild,2026-08-13T13:15:00,lab
PS-RAM-001,Ramallah,31.9038,35.2034,4dc3b3d585035dae,20bd1ca1ba5c30c7,18-49,ARI,moderate,2026-08-13T20:23:00,ehr
PS-RAM-001,Ramallah,31.9038,35.2034,4dc3b3d585035dae,1e49165cfd53dc6e,50-64,ARI,mild,2026-08-13T11:24:00,pharmacy
PS-RAM-001,Ramallah,31.9038,35.2034,2c531e40a3a7ce8c,c54b0ed291203b1b,18-49,ARI,moderate,2026-08-13T18:42:00,ehr
PS-RAM-001,Ramallah,31.9038,35.2034,4dc3b3d585035dae,f6a714f21edc4b9b,5-17,ARI,mild,2026-08-13T11:58:00,ehr
PS-RAM-001,Ramallah,31.9038,35.2034,d4bc341fd534ad06,c18641f6215e29ea,50-64,ARI,mild,2026-08-13T18:48:00,ehr
PS-RAM-001,Ramallah,31.9038,35.2034,2c531e40a3a7ce8c,c41ae4a6663f2bbd,18-49,ARI,moderate,2026-08-13T13:58:00,lab
PS-RAM-001,Ramallah,31.9038,35.2034,865eea42f5c6ccea,713e2b5a6f2b27a2,5-17,ARI,mild,2026-08-13T14:34:00,lab
PS-RAM-001,Ramallah,31.9038,35.2034,d4bc341fd534ad06,221df6ba6f0598b2,18-49,FEVER_RASH,mild,2026-08-13T14:06:00,ehr
PS-RAM-001,Ramallah,31.9038,35.2034,d4bc341fd534ad06,96d1b64961778a25,0-4,FEVER_RASH,moderate,2026-08-13T12:20:00,ehr
PS-RAM-001,Ramallah,31.9038,35.2034,d4bc341fd534ad06,87960567e53344eb,5-17,JAUNDICE,mild,2026-08-13T16:37:00,ehr
PS-RAM-001,Ramallah,31.9038,35.2034,2c531e40a3a7ce8c,0588da71ed3e8172,18-49,JAUNDICE,mild,2026-08-13T13:36:00,ehr
PS-RAM-001,Ramallah,31.9038,35.2034,d4bc341fd534ad06,d1fcd9ec8599fcbd,18-49,OTHER,moderate,2026-08-13T18:41:00,ehr
PS-RAM-001,Ramallah,31.9038,35.2034,d4bc341fd534ad06,bd417817a4f0c259,5-17,OTHER,moderate,2026-08-13T09:08:00,ehr
PS-RAM-001,Ramallah,31.9038,35.2034,4dc3b3d585035dae,1c3ca82905cf747f,65+,OTHER,mild,2026-08-13T15:02:00,ehr
PS-RAM-001,Ramallah,31.9038,35.2034,2c531e40a3a7ce8c,b55007fa3d24c4e5,0-4,OTHER,mild,2026-08-13T13:08:00,ehr
PS-RAM-001,Ramallah,31.9038,35.2034,865eea42f5c6ccea,0bf3ed8484c334c1,0-4,OTHER,mild,2026-08-13T15:29:00,pharmacy
PS-RAM-001,Ramallah,31.9038,35.2034,d4bc341fd534ad06,655041df3baae9c4,0-4,OTHER,mild,2026-08-13T14:42:00,lab
PS-RAM-001,Ramallah,31.9038,35.2034,865eea42f5c6ccea,6581ff449abba98e,18-49,OTHER,mild,2026-08-13T07:01:00,pharmacy
PS-RAM-001,Ramallah,31.9038,35.2034,d4bc341fd534ad06,d93409d6cdd47e89,50-64,OTHER,moderate,2026-08-13T20:44:00,ehr
PS-RAM-001,Ramallah,31.9038,35.2034,2c531e40a3a7ce8c,b1a0533aae05bcaa,5-17,OTHER,mild,2026-08-13T08:33:00,ehr
PS-RAM-001,Ramallah,31.9038,35.2034,865eea42f5c6ccea,6d8c3aebfc9a4f28,50-64,OTHER,mild,2026-08-13T20:22:00,lab
PS-RAM-001,Ramallah,31.9038,35.2034,2c531e40a3a7ce8c,8dca6dbd8d64be8b,65+,OTHER,mild,2026-08-13T14:36:00,ehr
PS-RAM-001,Ramallah,31.9038,35.2034,4dc3b3d585035dae,f6c0744bc03f7316,0-4,OTHER,mild,2026-08-13T17:54:00,pharmacy
PS-RAM-001,Ramallah,31.9038,35.2034,4dc3b3d585035dae,6f0638f47d2289b9,18-49,OTHER,mild,2026-08-13T14:03:00,lab
PS-RAM-001,Ramallah,31.9038,35.2034,865eea42f5c6ccea,02c39474cfec68ae,18-49,OTHER,moderate,2026-08-13T17:50:00,ehr
PS-RAM-001,Ramallah,31.9038,35.2034,4dc3b3d585035dae,d5eb5582e4738446,5-17,OTHER,moderate,2026-08-13T15:58:00,pharmacy
PS-NAB-001,Nablus,32.2211,35.2544,c9eef5119a779be2,2048ee7bb8f41b55,50-64,ILI,mild,2026-08-13T08:43:00,ehr
PS-NAB-001,Nablus,32.2211,35.2544,c9eef5119a779be2,9a2dc9a8fec6ad76,0-4,ILI,mild,2026-08-13T09:59:00,ehr
PS-NAB-001,Nablus,32.2211,35.2544,ce0af50d2ab5f724,3d1ba83cc77bb917,65+,ILI,mild,2026-08-13T19:52:00,pharmacy
PS-NAB-001,Nablus,32.2211,35.2544,ce0af50d2ab5f724,dd41a04e02539a45,18-49,ILI,mild,2026-08-13T10:36:00,lab
PS-NAB-001,Nablus,32.2211,35.2544,62c116f8ada8f79a,e5f999b35f2a1b68,50-64,ILI,mild,2026-08-13T19:47:00,ehr
PS-NAB-001,Nablus,32.2211,35.2544,c9eef5119a779be2,08a7580615df29b8,0-4,ILI,mild,2026-08-13T15:47:00,ehr
PS-NAB-001,Nablus,32.2211,35.2544,ce0af50d2ab5f724,f4466a61b40ae5ce,65+,ILI,mild,2026-08-13T12:38:00,ehr
PS-NAB-001,Nablus,32.2211,35.2544,ce0af50d2ab5f724,08ce65290a84fd4a,5-17,AGE,mild,2026-08-13T19:28:00,lab
PS-NAB-001,Nablus,32.2211,35.2544,ce0af50d2ab5f724,45a45dee0b45e263,0-4,AGE,mild,2026-08-13T13:11:00,ehr
PS-NAB-001,Nablus,32.2211,35.2544,2e49f94506905ef7,be120683385f8a81,5-17,AGE,mild,2026-08-13T18:04:00,ehr
PS-NAB-001,Nablus,32.2211,35.2544,c9eef5119a779be2,9560ade4d34ab861,5-17,AGE,mild,2026-08-13T18:24:00,ehr
PS-NAB-001,Nablus,32.2211,35.2544,c9eef5119a779be2,6f16ee7db3006abd,0-4,AGE,mild,2026-08-13T14:23:00,lab
PS-NAB-001,Nablus,32.2211,35.2544,2e49f94506905ef7,77229fc984a90fc9,0-4,ARI,mild,2026-08-13T13:06:00,pharmacy
PS-NAB-001,Nablus,32.2211,35.2544,c9eef5119a779be2,d84ec5df78fa5678,50-64,ARI,mild,2026-08-13T16:50:00,lab
PS-NAB-001,Nablus,32.2211,35.2544,2e49f94506905ef7,4f97b18a2ebc9ee2,18-49,ARI,mild,2026-08-13T13:49:00,ehr
PS-NAB-001,Nablus,32.2211,35.2544,62c116f8ada8f79a,a5182beedc616dcb,18-49,ARI,mild,2026-08-13T16:33:00,ehr
PS-NAB-001,Nablus,32.2211,35.2544,ce0af50d2ab5f724,e71883e56b53b199,0-4,ARI,mild,2026-08-13T11:17:00,ehr
PS-NAB-001,Nablus,32.2211,35.2544,ce0af50d2ab5f724,32524898405714a1,50-64,FEVER_RASH,mild,2026-08-13T13:19:00,ehr
PS-NAB-001,Nablus,32.2211,35.2544,ce0af50d2ab5f724,3da8c4d86cdcc0b9,18-49,FEVER_RASH,mild,2026-08-13T18:40:00,ehr
PS-NAB-001,Nablus,32.2211,35.2544,ce0af50d2ab5f724,0d4a0911891b37e3,50-64,JAUNDICE,mild,2026-08-13T13:21:00,ehr
PS-NAB-001,Nablus,32.2211,35.2544,62c116f8ada8f79a,67aa6b07a82b3fc1,5-17,OTHER,mild,2026-08-13T17:38:00,ehr
PS-NAB-001,Nablus,32.2211,35.2544,62c116f8ada8f79a,d9d984a8362be0d9,65+,OTHER,severe,2026-08-13T14:20:00,ehr
PS-NAB-001,Nablus,32.2211,35.2544,ce0af50d2ab5f724,50d9c5d406558711,65+,OTHER,moderate,2026-08-13T18:44:00,ehr
PS-NAB-001,Nablus,32.2211,35.2544,ce0af50d2ab5f724,bd2902c7a16fe061,5-17,OTHER,moderate,2026-08-13T13:17:00,ehr
PS-NAB-001,Nablus,32.2211,35.2544,62c116f8ada8f79a,74b5e76e4e5709bb,18-49,OTHER,mild,2026-08-13T16:34:00,lab
PS-NAB-001,Nablus,32.2211,35.2544,ce0af50d2ab5f724,53fcab4a4bd8c991,50-64,OTHER,moderate,2026-08-13T18:13:00,ehr
PS-NAB-001,Nablus,32.2211,35.2544,ce0af50d2ab5f724,2ee97091a27b66d8,18-49,OTHER,mild,2026-08-13T20:54:00,ehr
PS-NAB-001,Nablus,32.2211,35.2544,62c116f8ada8f79a,ae1db223fc95c95c,18-49,OTHER,moderate,2026-08-13T10:16:00,ehr
PS-NAB-001,Nablus,32.2211,35.2544,ce0af50d2ab5f724,6dd9e706412609cd,18-49,OTHER,mild,2026-08-13T14:38:00,lab
PS-NAB-001,Nablus,32.2211,35.2544,c9eef5119a779be2,d220c3e29a07311f,18-49,OTHER,moderate,2026-08-13T15:02:00,pharmacy
PS-BET-001,Bethlehem,31.7054,35.2024,2ee779d7897ae9a5,91801dfe9c5abfba,5-17,ILI,mild,2026-08-13T19:15:00,pharmacy
PS-BET-001,Bethlehem,31.7054,35.2024,53365b5018ccb30a,49a92048ed750971,65+,ILI,mild,2026-08-13T17:43:00,lab
PS-BET-001,Bethlehem,31.7054,35.2024,c1a0ab6562099869,80c38b9450fad303,5-17,ILI,mild,2026-08-13T08:00:00,pharmacy
PS-BET-001,Bethlehem,31.7054,35.2024,0a12ccb2fb499cd0,d6ea6622111168df,18-49,ILI,mild,2026-08-13T15:37:00,pharmacy
PS-BET-001,Bethlehem,31.7054,35.2024,0a12ccb2fb499cd0,c707229858c027ee,5-17,AGE,mild,2026-08-13T18:32:00,ehr
PS-BET-001,Bethlehem,31.7054,35.2024,c1a0ab6562099869,1f857888f77a2237,0-4,AGE,moderate,2026-08-13T11:26:00,ehr
PS-BET-001,Bethlehem,31.7054,35.2024,53365b5018ccb30a,a5286772bbb8db7d,5-17,ARI,mild,2026-08-13T19:13:00,lab
PS-BET-001,Bethlehem,31.7054,35.2024,2ee779d7897ae9a5,9a2a12270f7a65dc,0-4,ARI,moderate,2026-08-13T12:04:00,ehr
PS-BET-001,Bethlehem,31.7054,35.2024,c1a0ab6562099869,b86257fe3bd40ce5,18-49,ARI,mild,2026-08-13T20:21:00,ehr
PS-BET-001,Bethlehem,31.7054,35.2024,0a12ccb2fb499cd0,59583bb36d8fab5f,5-17,FEVER_RASH,mild,2026-08-13T15:11:00,lab
PS-BET-001,Bethlehem,31.7054,35.2024,53365b5018ccb30a,1b81ad517e534a23,18-49,MENINGITIS_LIKE,moderate,2026-08-13T09:11:00,ehr
PS-BET-001,Bethlehem,31.7054,35.2024,0a12ccb2fb499cd0,1cdf426dad465d56,5-17,OTHER,moderate,2026-08-13T07:45:00,ehr
PS-BET-001,Bethlehem,31.7054,35.2024,0a12ccb2fb499cd0,3a49a28f4e79f645,5-17,OTHER,mild,2026-08-13T16:06:00,ehr
PS-BET-001,Bethlehem,31.7054,35.2024,53365b5018ccb30a,abbc424bb67b6c31,18-49,OTHER,mild,2026-08-13T11:42:00,pharmacy
PS-BET-001,Bethlehem,31.7054,35.2024,53365b5018ccb30a,d63ac702b9276e33,18-49,OTHER,mild,2026-08-13T13:39:00,lab
PS-BET-001,Bethlehem,31.7054,35.2024,2ee779d7897ae9a5,a31dfc51621df806,50-64,OTHER,mild,2026-08-13T16:11:00,ehr
PS-JEN-001,Jenin,32.4597,35.2951,c0d662d41ad4a594,187f30eb437440f0,18-49,ILI,mild,2026-08-13T08:11:00,lab
PS-JEN-001,Jenin,32.4597,35.2951,d723f8382af3d058,f49c636284c00ad3,18-49,ILI,mild,2026-08-13T16:08:00,pharmacy
PS-JEN-001,Jenin,32.4597,35.2951,0747c175e69e0dff,2e1bb7023eb377fb,18-49,ILI,mild,2026-08-13T18:58:00,ehr
PS-JEN-001,Jenin,32.4597,35.2951,d723f8382af3d058,95cfff25c9d36e9c,18-49,ILI,moderate,2026-08-13T09:20:00,ehr
PS-JEN-001,Jenin,32.4597,35.2951,0747c175e69e0dff,628812d71d1651c2,50-64,AGE,severe,2026-08-13T14:08:00,pharmacy
PS-JEN-001,Jenin,32.4597,35.2951,d723f8382af3d058,21f3274635268d6b,18-49,AGE,mild,2026-08-13T17:31:00,lab
PS-JEN-001,Jenin,32.4597,35.2951,02322af968c6062f,31280d7d9af52e21,18-49,AGE,moderate,2026-08-13T14:10:00,ehr
PS-JEN-001,Jenin,32.4597,35.2951,c0d662d41ad4a594,5247cb8b67b76802,5-17,AGE,mild,2026-08-13T11:02:00,lab
PS-JEN-001,Jenin,32.4597,35.2951,02322af968c6062f,4ef75c0b0d4fc9ed,18-49,ARI,mild,2026-08-13T14:35:00,pharmacy
PS-JEN-001,Jenin,32.4597,35.2951,0747c175e69e0dff,a7f35d5a39b88d47,65+,OTHER,mild,2026-08-13T18:28:00,ehr
PS-JEN-001,Jenin,32.4597,35.2951,02322af968c6062f,f986245698bb2c19,18-49,OTHER,mild,2026-08-13T11:55:00,ehr
PS-JEN-001,Jenin,32.4597,35.2951,02322af968c6062f,2c6153ede0b25aa9,50-64,OTHER,mild,2026-08-13T14:55:00,pharmacy
PS-JEN-001,Jenin,32.4597,35.2951,d723f8382af3d058,d0cdf0ae4703347a,5-17,OTHER,mild,2026-08-13T18:22:00,ehr
PS-HEB-001,Hebron,31.5326,35.0998,d3391f64b3beb0a2,bff5005ae787a995,18-49,ILI,mild,2026-08-14T16:22:00,ehr
PS-HEB-001,Hebron,31.5326,35.0998,d3391f64b3beb0a2,824f164d2c458335,65+,ILI,mild,2026-08-14T11:36:00,ehr
PS-HEB-001,Hebron,31.5326,35.0998,f17af80950dde2c9,86ad1f4be6e84785,50-64,ILI,severe,2026-08-14T09:48:00,ehr
PS-HEB-001,Hebron,31.5326,35.0998,e3dff89ada235d59,bf4c1326bb12efd6,5-17,ILI,moderate,2026-08-14T18:55:00,ehr
PS-HEB-001,Hebron,31.5326,35.0998,f17af80950dde2c9,ea8bc9460c8e332d,18-49,ILI,mild,2026-08-14T19:53:00,ehr
PS-HEB-001,Hebron,31.5326,35.0998,f17af80950dde2c9,dd0050346d0cf9a0,18-49,ILI,mild,2026-08-14T17:26:00,ehr
PS-HEB-001,Hebron,31.5326,35.0998,d3391f64b3beb0a2,7c761966d435641f,18-49,ILI,moderate,2026-08-14T13:32:00,lab
PS-HEB-001,Hebron,31.5326,35.0998,7c5d3d710b7ca6a2,b56c30f9f2fa38fd,18-49,ARI,mild,2026-08-14T07:55:00,ehr
PS-HEB-001,Hebron,31.5326,35.0998,f17af80950dde2c9,8d77ed052f107a38,5-17,ARI,mild,2026-08-14T20:04:00,ehr
PS-HEB-001,Hebron,31.5326,35.0998,d3391f64b3beb0a2,88970455c0237227,50-64,ARI,mild,2026-08-14T14:17:00,pharmacy
PS-HEB-001,Hebron,31.5326,35.0998,f17af80950dde2c9,ff073a9b8973df47,50-64,ARI,moderate,2026-08-14T09:36:00,ehr
PS-HEB-001,Hebron,31.5326,35.0998,f17af80950dde2c9,0dab7538a5527579,0-4,ARI,moderate,2026-08-14T07:06:00,ehr
PS-HEB-001,Hebron,31.5326,35.0998,7c5d3d710b7ca6a2,e98979f249b69b85,65+,ARI,mild,2026-08-14T14:29:00,ehr
PS-HEB-001,Hebron,31.5326,35.0998,e3dff89ada235d59,a04379cde3a2b86f,50-64,ARI,moderate,2026-08-14T17:19:00,ehr
PS-HEB-001,Hebron,31.5326,35.0998,d3391f64b3beb0a2,bdbb2aeb44e82826,0-4,ARI,mild,2026-08-14T17:23:00,ehr
PS-HEB-001,Hebron,31.5326,35.0998,e3dff89ada235d59,6866b89fdd5e016f,18-49,JAUNDICE,mild,2026-08-14T18:44:00,ehr
PS-HEB-001,Hebron,31.5326,35.0998,e3dff89ada235d59,a58323982ded3f18,18-49,OTHER,mild,2026-08-14T09:37:00,ehr
PS-HEB-001,Hebron,31.5326,35.0998,7c5d3d710b7ca6a2,f000d80b64afbfa9,65+,OTHER,mild,2026-08-14T18:21:00,ehr
PS-HEB-001,Hebron,31.5326,35.0998,e3dff89ada235d59,ee201ec750c117f9,5-17,OTHER,moderate,2026-08-14T14:04:00,ehr
PS-HEB-001,Hebron,31.5326,35.0998,d3391f64b3beb0a2,56611c3c8ad2177e,50-64,OTHER,mild,2026-08-14T08:20:00,ehr
PS-HEB-001,Hebron,31.5326,35.0998,e3dff89ada235d59,154e4b659545c6dd,0-4,OTHER,mild,2026-08-14T17:43:00,pharmacy
PS-HEB-001,Hebron,31.5326,35.0998,f17af80950dde2c9,20566e37681be455,5-17,OTHER,mild,2026-08-14T17:10:00,ehr
PS-HEB-002,Hebron,31.545,35.087,d1fda43bf12417c4,2a29c03d6976cffa,0-4,ILI,mild,2026-08-14T14:55:00,ehr
PS-HEB-002,Hebron,31.545,35.087,9b34d36ec3c96b37,a7d489efa59ae0cb,5-17,ILI,mild,2026-08-14T16:46:00,ehr
PS-HEB-002,Hebron,31.545,35.087,b828601a5432663a,98cf4bca59851bab,5-17,ILI,mild,2026-08-14T10:17:00,pharmacy
PS-HEB-002,Hebron,31.545,35.087,b828601a5432663a,7d56147bd5fdc726,50-64,ILI,mild,2026-08-14T11:49:00,ehr
PS-HEB-002,Hebron,31.545,35.087,d1fda43bf12417c4,47c5fd656a273172,18-49,ILI,mild,2026-08-14T10:33:00,ehr
PS-HEB-002,Hebron,31.545,35.087,d1fda43bf12417c4,7de488a77f9ae9e7,18-49,ILI,mild,2026-08-14T19:57:00,lab
PS-HEB-002,Hebron,31.545,35.087,b828601a5432663a,a01da2ed9dcd8f58,18-49,AGE,severe,2026-08-14T17:38:00,ehr
PS-HEB-002,Hebron,31.545,35.087,9b34d36ec3c96b37,cc26eec2cb6b7aa4,5-17,ARI,mild,2026-08-14T20:53:00,lab
PS-HEB-002,Hebron,31.545,35.087,b828601a5432663a,95ae4f71941fddcf,18-49,ARI,mild,2026-08-14T19:04:00,ehr
PS-HEB-002,Hebron,31.545,35.087,b828601a5432663a,bd4c242f55c655ed,65+,ARI,mild,2026-08-14T07:59:00,ehr
PS-HEB-002,Hebron,31.545,35.087,9b34d36ec3c96b37,11ea31ef1ac04014,18-49,ARI,mild,2026-08-14T17:45:00,pharmacy
PS-HEB-002,Hebron,31.545,35.087,d1fda43bf12417c4,49f7c8b35c7019f6,5-17,ARI,mild,2026-08-14T15:39:00,pharmacy
PS-HEB-002,Hebron,31.545,35.087,3000fc3d8d01f75a,098eaffdb39e695c,18-49,JAUNDICE,mild,2026-08-14T09:34:00,ehr
PS-HEB-002,Hebron,31.545,35.087,9b34d36ec3c96b37,7f69863178176816,18-49,JAUNDICE,moderate,2026-08-14T11:44:00,ehr
PS-HEB-002,Hebron,31.545,35.087,b828601a5432663a,085956ad9c0077fb,5-17,OTHER,moderate,2026-08-14T08:29:00,ehr
PS-HEB-002,Hebron,31.545,35.087,d1fda43bf12417c4,7d3345eaa4a3d6da,18-49,OTHER,mild,2026-08-14T08:00:00,ehr
PS-HEB-002,Hebron,31.545,35.087,3000fc3d8d01f75a,4f2fa33e1fa9c48e,5-17,OTHER,mild,2026-08-14T15:33:00,ehr
PS-HEB-002,Hebron,31.545,35.087,b828601a5432663a,f48e0a5d480cdac7,50-64,OTHER,mild,2026-08-14T18:56:00,lab
PS-HEB-002,Hebron,31.545,35.087,b828601a5432663a,3eb3dabc5b7849ed,5-17,OTHER,severe,2026-08-14T11:33:00,ehr
PS-HEB-002,Hebron,31.545,35.087,3000fc3d8d01f75a,e5845b59e8c4f7b1,0-4,OTHER,moderate,2026-08-14T14:29:00,ehr
PS-HEB-002,Hebron,31.545,35.087,3000fc3d8d01f75a,57b03b6157053556,50-64,OTHER,moderate,2026-08-14T12:10:00,ehr
PS-HEB-002,Hebron,31.545,35.087,b828601a5432663a,4d7b6c348f4fa23e,0-4,OTHER,moderate,2026-08-14T10:47:00,ehr
PS-RAM-001,Ramallah,31.9038,35.2034,4dc3b3d585035dae,aac1b61a4c498ad1,18-49,ILI,moderate,2026-08-14T09:11:00,lab
PS-RAM-001,Ramallah,31.9038,35.2034,2c531e40a3a7ce8c,1a5a7f22163fb58a,18-49,ILI,moderate,2026-08-14T10:20:00,ehr
PS-RAM-001,Ramallah,31.9038,35.2034,865eea42f5c6ccea,8402d8785bc78c27,0-4,ILI,mild,2026-08-14T20:04:00,ehr
PS-RAM-001,Ramallah,31.9038,35.2034,4dc3b3d585035dae,a1076e1be9ca097e,65+,ILI,mild,2026-08-14T09:14:00,lab
PS-RAM-001,Ramallah,31.9038,35.2034,865eea42f5c6ccea,40bba12624291a42,5-17,ILI,mild,2026-08-14T20:18:00,ehr
PS-RAM-001,Ramallah,31.9038,35.2034,865eea42f5c6ccea,5afff897b7435901,18-49,ILI,mild,2026-08-14T12:12:00,pharmacy
PS-RAM-001,Ramallah,31.9038,35.2034,865eea42f5c6ccea,da476f101e2f03e9,18-49,ILI,mild,2026-08-14T10:29:00,ehr
PS-RAM-001,Ramallah,31.9038,35.2034,2c531e40a3a7ce8c,82225501747903bc,0-4,ILI,moderate,2026-08-14T18:57:00,ehr
PS-RAM-001,Ramallah,31.9038,35.2034,865eea42f5c6ccea,4de1dfe9775e5b42,18-49,ILI,mild,2026-08-14T10:34:00,ehr
PS-RAM-001,Ramallah,31.9038,35.2034,d4bc341fd534ad06,a6f397359514afaf,50-64,AGE,moderate,2026-08-14T12:00:00,ehr
PS-RAM-001,Ramallah,31.9038,35.2034,2c531e40a3a7ce8c,c4b27a39a21a30db,18-49,AGE,severe,2026-08-14T10:33:00,ehr
PS-RAM-001,Ramallah,31.9038,35.2034,4dc3b3d585035dae,8d445c939e0502fe,0-4,AGE,mild,2026-08-14T18:17:00,pharmacy
PS-RAM-001,Ramallah,31.9038,35.2034,865eea42f5c6ccea,1b0864b82a572508,18-49,AGE,moderate,2026-08-14T13:44:00,pharmacy
PS-RAM-001,Ramallah,31.9038,35.2034,4dc3b3d585035dae,1e523ec7401a363a,18-49,ARI,mild,2026-08-14T20:25:00,ehr
PS-RAM-001,Ramallah,31.9038,35.2034,865eea42f5c6ccea,692d16a6711d3eef,50-64,ARI,moderate,2026-08-14T10:18:00,lab
PS-RAM-001,Ramallah,31.9038,35.2034,865eea42f5c6ccea,c78ee1ba956d9f9b,5-17,ARI,mild,2026-08-14T18:53:00,ehr
PS-RAM-001,Ramallah,31.9038,35.2034,4dc3b3d585035dae,0c3f9088a3b4db96,5-17,ARI,mild,2026-08-14T10:08:00,lab
PS-RAM-001,Ramallah,31.9038,35.2034,4dc3b3d585035dae,8ad3be22faa13562,18-49,ARI,severe,2026-08-14T12:26:00,ehr
PS-RAM-001,Ramallah,31.9038,35.2034,d4bc341fd534ad06,100d56bb47840f7e,5-17,ARI,mild,2026-08-14T14:19:00,ehr
PS-RAM-001,Ramallah,31.9038,35.2034,865eea42f5c6ccea,6544524856006f44,50-64,ARI,mild,2026-08-14T19:43:00,ehr
PS-RAM-001,Ramallah,31.9038,35.2034,865eea42f5c6ccea,551089191e6843d7,0-4,ARI,moderate,2026-08-14T10:53:00,ehr
PS-RAM-001,Ramallah,31.9038,35.2034,4dc3b3d585035dae,8eeec9281a946549,18-49,FEVER_RASH,mild,2026-08-14T13:32:00,ehr
PS-RAM-001,Ramallah,31.9038,35.2034,2c531e40a3a7ce8c,f5063b820999cc63,0-4,JAUNDICE,mild,2026-08-14T14:35:00,ehr
PS-RAM-001,Ramallah,31.9038,35.2034,2c531e40a3a7ce8c,fcd2d22affd3daac,5-17,OTHER,mild,2026-08-14T19:14:00,ehr
PS-RAM-001,Ramallah,31.9038,35.2034,865eea42f5c6ccea,4ea6abcb8c220be1,50-64,OTHER,mild,2026-08-14T16:37:00,ehr
PS-RAM-001,Ramallah,31.9038,35.2034,d4bc341fd534ad06,600115b3d5136c50,50-64,OTHER,mild,2026-08-14T10:57:00,ehr
PS-RAM-001,Ramallah,31.9038,35.2034,d4bc341fd534ad06,92c1340b3400781b,0-4,OTHER,moderate,2026-08-14T08:02:00,lab
PS-RAM-001,Ramallah,31.9038,35.2034,d4bc341fd534ad06,ecf65cd4a424be1a,18-49,OTHER,mild,2026-08-14T20:46:00,lab
PS-RAM-001,Ramallah,31.9038,35.2034,2c531e40a3a7ce8c,92ae5aa1a679a4c7,50-64,OTHER,mild,2026-08-14T09:22:00,lab
PS-RAM-001,Ramallah,31.9038,35.2034,2c531e40a3a7ce8c,2629fd5d06355d63,18-49,OTHER,mild,2026-08-14T09:02:00,pharmacy
PS-NAB-001,Nablus,32.2211,35.2544,ce0af50d2ab5f724,e021779970615bfc,5-17,ILI,moderate,2026-08-14T13:08:00,pharmacy
PS-NAB-001,Nablus,32.2211,35.2544,2e49f94506905ef7,928dfc9b238638ba,65+,ILI,moderate,2026-08-14T10:40:00,ehr
PS-NAB-001,Nablus,32.2211,35.2544,ce0af50d2ab5f724,b1a81e47158514ea,5-17,ILI,mild,2026-08-14T14:34:00,ehr
PS-NAB-001,Nablus,32.2211,35.2544,62c116f8ada8f79a,ef33f10c463d1477,0-4,ILI,mild,2026-08-14T13:17:00,ehr
PS-NAB-001,Nablus,32.2211,35.2544,c9eef5119a779be2,62ca5c77cb158927,0-4,ILI,severe,2026-08-14T19:49:00,pharmacy
PS-NAB-001,Nablus,32.2211,35.2544,62c116f8ada8f79a,9b4bc2a096db2dd0,65+,AGE,mild,2026-08-14T12:49:00,ehr
PS-NAB-001,Nablus,32.2211,35.2544,2e49f94506905ef7,7d49763589e4983f,18-49,AGE,moderate,2026-08-14T11:34:00,pharmacy
PS-NAB-001,Nablus,32.2211,35.2544,ce0af50d2ab5f724,360f919b35f64d91,5-17,AGE,moderate,2026-08-14T20:51:00,ehr
PS-NAB-001,Nablus,32.2211,35.2544,c9eef5119a779be2,34254d48986fff6a,50-64,ARI,mild,2026-08-14T19:47:00,ehr
PS-NAB-001,Nablus,32.2211,35.2544,62c116f8ada8f79a,dc5447d6a827f0a6,18-49,ARI,mild,2026-08-14T16:36:00,lab
PS-NAB-001,Nablus,32.2211,35.2544,62c116f8ada8f79a,3a69501385e30655,18-49,ARI,mild,2026-08-14T15:19:00,ehr
PS-NAB-001,Nablus,32.2211,35.2544,2e49f94506905ef7,1c34791ec89f24b6,18-49,ARI,mild,2026-08-14T16:14:00,pharmacy
PS-NAB-001,Nablus,32.2211,35.2544,62c116f8ada8f79a,10a8371252a4c064,5-17,ARI,mild,2026-08-14T10:51:00,ehr
PS-NAB-001,Nablus,32.2211,35.2544,62c116f8ada8f79a,3329f59e9c3c5d14,18-49,ARI,moderate,2026-08-14T07:01:00,ehr
PS-NAB-001,Nablus,32.2211,35.2544,c9eef5119a779be2,81e4b96d13b4fa79,65+,ARI,mild,2026-08-14T20:33:00,lab
PS-NAB-001,Nablus,32.2211,35.2544,c9eef5119a779be2,0216fbc56e3ae127,5-17,FEVER_RASH,mild,2026-08-14T16:06:00,ehr
PS-NAB-001,Nablus,32.2211,35.2544,ce0af50d2ab5f724,953cd59ff4efdbf5,18-49,FEVER_RASH,mild,2026-08-14T18:27:00,pharmacy
PS-NAB-001,Nablus,32.2211,35.2544,62c116f8ada8f79a,2731926804d41181,5-17,OTHER,moderate,2026-08-14T16:52:00,ehr
PS-NAB-001,Nablus,32.2211,35.2544,2e49f94506905ef7,5b59ced1fd843b1f,65+,OTHER,moderate,2026-08-14T09:11:00,lab
PS-NAB-001,Nablus,32.2211,35.2544,2e49f94506905ef7,3f15fb749b6a9904,5-17,OTHER,mild,2026-08-14T20:49:00,pharmacy
PS-NAB-001,Nablus,32.2211,35.2544,2e49f94506905ef7,a925ca7265aadfd4,65+,OTHER,mild,2026-08-14T10:40:00,ehr
PS-BET-001,Bethlehem,31.7054,35.2024,c1a0ab6562099869,3490681165463649,50-64,ILI,mild,2026-08-14T09:40:00,ehr
PS-BET-001,Bethlehem,31.7054,35.2024,2ee779d7897ae9a5,23959ce84c1593c6,5-17,ILI,mild,2026-08-14T14:00:00,ehr
PS-BET-001,Bethlehem,31.7054,35.2024,c1a0ab6562099869,a68ada09ad0177ed,18-49,ILI,mild,2026-08-14T11:50:00,lab
PS-BET-001,Bethlehem,31.7054,35.2024,0a12ccb2fb499cd0,d65df724844961f8,50-64,AGE,mild,2026-08-14T18:26:00,lab
PS-BET-001,Bethlehem,31.7054,35.2024,53365b5018ccb30a,a7beb8c4a5ec2d26,0-4,AGE,mild,2026-08-14T12:34:00,pharmacy
PS-BET-001,Bethlehem,31.7054,35.2024,0a12ccb2fb499cd0,31da857612923729,5-17,AGE,mild,2026-08-14T17:48:00,ehr
PS-BET-001,Bethlehem,31.7054,35.2024,2ee779d7897ae9a5,d5ff7c2da29ee8d1,5-17,AGE,mild,2026-08-14T11:01:00,ehr
PS-BET-001,Bethlehem,31.7054,35.2024,53365b5018ccb30a,cdd6ae793941c176,5-17,AGE,mild,2026-08-14T09:56:00,ehr
PS-BET-001,Bethlehem,31.7054,35.2024,53365b5018ccb30a,24bb7308cabbddc3,18-49,AGE,mild,2026-08-14T12:38:00,ehr
PS-BET-001,Bethlehem,31.7054,35.2024,2ee779d7897ae9a5,8fa6e59e5d794181,5-17,ARI,mild,2026-08-14T07:06:00,pharmacy
PS-BET-001,Bethlehem,31.7054,35.2024,c1a0ab6562099869,fe5c46c21d42956a,18-49,OTHER,mild,2026-08-14T10:06:00,lab
PS-BET-001,Bethlehem,31.7054,35.2024,2ee779d7897ae9a5,42da1c2e3550fb18,0-4,OTHER,mild,2026-08-14T09:03:00,pharmacy
PS-BET-001,Bethlehem,31.7054,35.2024,c1a0ab6562099869,dc7b477404117280,0-4,OTHER,mild,2026-08-14T14:12:00,ehr
PS-BET-001,Bethlehem,31.7054,35.2024,c1a0ab6562099869,a4ef4c1e117a837e,5-17,OTHER,mild,2026-08-14T08:30:00,lab
PS-JEN-001,Jenin,32.4597,35.2951,d723f8382af3d058,2205f9ceeba9c867,5-17,ILI,moderate,2026-08-14T17:34:00,ehr
PS-JEN-001,Jenin,32.4597,35.2951,02322af968c6062f,0c791711bec8ea0f,5-17,ILI,mild,2026-08-14T09:28:00,ehr
PS-JEN-001,Jenin,32.4597,35.2951,02322af968c6062f,52e7dcaa540359b4,0-4,ILI,mild,2026-08-14T20:17:00,ehr
PS-JEN-001,Jenin,32.4597,35.2951,c0d662d41ad4a594,2aadbbc772bb797b,50-64,ILI,mild,2026-08-14T08:42:00,pharmacy
PS-JEN-001,Jenin,32.4597,35.2951,02322af968c6062f,26a929199ef48ad6,50-64,AGE,moderate,2026-08-14T10:35:00,lab
PS-JEN-001,Jenin,32.4597,35.2951,0747c175e69e0dff,29164961a3718f10,18-49,ARI,mild,2026-08-14T14:36:00,ehr
PS-JEN-001,Jenin,32.4597,35.2951,0747c175e69e0dff,b569ded640d3152f,0-4,ARI,moderate,2026-08-14T15:36:00,ehr
PS-JEN-001,Jenin,32.4597,35.2951,0747c175e69e0dff,6d162afbffe8b897,0-4,ARI,mild,2026-08-14T09:13:00,lab
PS-JEN-001,Jenin,32.4597,35.2951,0747c175e69e0dff,b9ac035a13d2d855,50-64,ARI,mild,2026-08-14T10:52:00,ehr
PS-JEN-001,Jenin,32.4597,35.2951,d723f8382af3d058,fcf455d5fd6c5b76,18-49,ARI,moderate,2026-08-14T08:24:00,pharmacy
PS-JEN-001,Jenin,32.4597,35.2951,02322af968c6062f,8c8f62e6df752139,50-64,ARI,mild,2026-08-14T14:58:00,pharmacy
PS-JEN-001,Jenin,32.4597,35.2951,02322af968c6062f,f64906faab0f35be,65+,OTHER,mild,2026-08-14T16:48:00,ehr
PS-JEN-001,Jenin,32.4597,35.2951,c0d662d41ad4a594,c34e1064983fa662,50-64,OTHER,mild,2026-08-14T19:18:00,lab
PS-JEN-001,Jenin,32.4597,35.2951,d723f8382af3d058,6967f485a1e1680f,0-4,OTHER,mild,2026-08-14T16:38:00,ehr
PS-JEN-001,Jenin,32.4597,35.2951,d723f8382af3d058,f93a955e914a7455,0-4,OTHER,moderate,2026-08-14T16:38:00,ehr
PS-JEN-001,Jenin,32.4597,35.2951,02322af968c6062f,04ff23e49a555387,18-49,OTHER,moderate,2026-08-14T18:15:00,ehr
PS-HEB-001,Hebron,31.5326,35.0998,d3391f64b3beb0a2,b76b5571b5d12a31,50-64,ILI,moderate,2026-08-15T11:19:00,ehr
PS-HEB-001,Hebron,31.5326,35.0998,e3dff89ada235d59,9397fde9da8747da,5-17,ILI,moderate,2026-08-15T20:14:00,ehr
PS-HEB-001,Hebron,31.5326,35.0998,f17af80950dde2c9,620e42da9ca43955,18-49,ILI,mild,2026-08-15T11:46:00,lab
PS-HEB-001,Hebron,31.5326,35.0998,f17af80950dde2c9,5ea812ca0c2b5d3d,18-49,ILI,moderate,2026-08-15T10:58:00,ehr
PS-HEB-001,Hebron,31.5326,35.0998,e3dff89ada235d59,9e17b61371972bab,0-4,ILI,moderate,2026-08-15T20:03:00,lab
PS-HEB-001,Hebron,31.5326,35.0998,7c5d3d710b7ca6a2,483e31d7160ffed3,5-17,ILI,moderate,2026-08-15T09:49:00,ehr
PS-HEB-001,Hebron,31.5326,35.0998,e3dff89ada235d59,75b1f40054bd8e65,0-4,ILI,mild,2026-08-15T20:03:00,ehr
PS-HEB-001,Hebron,31.5326,35.0998,d3391f64b3beb0a2,a17ed0554e416e10,5-17,ILI,mild,2026-08-15T18:12:00,lab
PS-HEB-001,Hebron,31.5326,35.0998,7c5d3d710b7ca6a2,bcf4a326de3169a3,18-49,ILI,mild,2026-08-15T17:59:00,lab
PS-HEB-001,Hebron,31.5326,35.0998,e3dff89ada235d59,14cc9b182d13f892,65+,ILI,mild,2026-08-15T16:28:00,pharmacy
PS-HEB-001,Hebron,31.5326,35.0998,e3dff89ada235d59,ebaac1e4df7d91d5,50-64,ILI,mild,2026-08-15T12:22:00,ehr
PS-HEB-001,Hebron,31.5326,35.0998,f17af80950dde2c9,ff53df46818c1370,0-4,ILI,moderate,2026-08-15T11:01:00,ehr
PS-HEB-001,Hebron,31.5326,35.0998,e3dff89ada235d59,582002b6299a50b8,18-49,ILI,mild,2026-08-15T20:14:00,lab
PS-HEB-001,Hebron,31.5326,35.0998,7c5d3d710b7ca6a2,d6f58da5d5620851,18-49,ILI,mild,2026-08-15T15:01:00,ehr
PS-HEB-001,Hebron,31.5326,35.0998,7c5d3d710b7ca6a2,d883337293c0a35d,5-17,AGE,mild,2026-08-15T16:51:00,ehr
PS-HEB-001,Hebron,31.5326,35.0998,d3391f64b3beb0a2,8927e725f9cf6b77,18-49,AGE,mild,2026-08-15T18:45:00,ehr
PS-HEB-001,Hebron,31.5326,35.0998,e3dff89ada235d59,166237b6f861a7b9,18-49,AGE,mild,2026-08-15T14:16:00,pharmacy
PS-HEB-001,Hebron,31.5326,35.0998,7c5d3d710b7ca6a2,805ad6b1ffde3e46,0-4,AGE,severe,2026-08-15T13:37:00,ehr
PS-HEB-001,Hebron,31.5326,35.0998,d3391f64b3beb0a2,3747f71f443d5593,5-17,AGE,mild,2026-08-15T15:41:00,ehr
PS-HEB-001,Hebron,31.5326,35.0998,d3391f64b3beb0a2,e61fcff98fadff87,5-17,ARI,moderate,2026-08-15T12:55:00,ehr
PS-HEB-001,Hebron,31.5326,35.0998,e3dff89ada235d59,3560a52963ecef29,50-64,ARI,moderate,2026-08-15T10:09:00,pharmacy
PS-HEB-001,Hebron,31.5326,35.0998,d3391f64b3beb0a2,81480adc94e52105,18-49,ARI,moderate,2026-08-15T13:42:00,lab
PS-HEB-001,Hebron,31.5326,35.0998,f17af80950dde2c9,4985592994c62fd3,18-49,ARI,moderate,2026-08-15T11:16:00,pharmacy
PS-HEB-001,Hebron,31.5326,35.0998,e3dff89ada235d59,3cf445f13abc610b,5-17,ARI,moderate,2026-08-15T18:36:00,pharmacy
PS-HEB-001,Hebron,31.5326,35.0998,f17af80950dde2c9,744a8e1de8f178f0,50-64,ARI,mild,2026-08-15T17:50:00,pharmacy
PS-HEB-001,Hebron,31.5326,35.0998,e3dff89ada235d59,1c3d88d6d4b1073c,50-64,ARI,moderate,2026-08-15T11:54:00,ehr
PS-HEB-001,Hebron,31.5326,35.0998,f17af80950dde2c9,2a1e6677b4b86ffa,0-4,FEVER_RASH,mild,2026-08-15T11:06:00,pharmacy
PS-HEB-001,Hebron,31.5326,35.0998,e3dff89ada235d59,56a8fff3a2b10d7c,65+,FEVER_RASH,moderate,2026-08-15T19:58:00,ehr
PS-HEB-001,Hebron,31.5326,35.0998,f17af80950dde2c9,bac48062a538a567,50-64,JAUNDICE,mild,2026-08-15T20:19:00,ehr
PS-HEB-001,Hebron,31.5326,35.0998,f17af80950dde2c9,1dc760d5bd5d919a,50-64,MENINGITIS_LIKE,mild,2026-08-15T16:18:00,pharmacy
PS-HEB-001,Hebron,31.5326,35.0998,e3dff89ada235d59,a06cddbfa2aafcb8,18-49,OTHER,moderate,2026-08-15T14:56:00,lab
PS-HEB-001,Hebron,31.5326,35.0998,f17af80950dde2c9,94356a63d7f48832,0-4,OTHER,moderate,2026-08-15T15:19:00,ehr
PS-HEB-001,Hebron,31.5326,35.0998,f17af80950dde2c9,74df33e776aa5c91,65+,OTHER,moderate,2026-08-15T10:21:00,lab
PS-HEB-001,Hebron,31.5326,35.0998,e3dff89ada235d59,6271859bd7f6f11c,50-64,OTHER,mild,2026-08-15T09:20:00,ehr
PS-HEB-001,Hebron,31.5326,35.0998,7c5d3d710b7ca6a2,2db9069e6092fd0c,0-4,OTHER,mild,2026-08-15T12:40:00,ehr
PS-HEB-001,Hebron,31.5326,35.0998,e3dff89ada235d59,c92fecf7681069db,18-49,OTHER,moderate,2026-08-15T16:48:00,ehr
PS-HEB-002,Hebron,31.545,35.087,9b34d36ec3c96b37,c98cead2c6a3ed4e,65+,ILI,mild,2026-08-15T13:25:00,ehr
PS-HEB-002,Hebron,31.545,35.087,3000fc3d8d01f75a,4b06b468d30eabf1,65+,ILI,moderate,2026-08-15T15:12:00,pharmacy
PS-HEB-002,Hebron,31.545,35.087,b828601a5432663a,1599476b3189826b,18-49,ILI,mild,2026-08-15T10:01:00,ehr
PS-HEB-002,Hebron,31.545,35.087,b828601a5432663a,32833957a5112dbb,5-17,ILI,mild,2026-08-15T11:08:00,ehr
PS-HEB-002,Hebron,31.545,35.087,b828601a5432663a,ee4e53e6f5320192,5-17,ILI,mild,2026-08-15T08:52:00,pharmacy
PS-HEB-002,Hebron,31.545,35.087,3000fc3d8d01f75a,29a2be19ddb701b9,18-49,ILI,mild,2026-08-15T16:33:00,ehr
PS-HEB-002,Hebron,31.545,35.087,9b34d36ec3c96b37,667bfe0638f34211,5-17,ILI,mild,2026-08-15T12:57:00,lab
PS-HEB-002,Hebron,31.545,35.087,d1fda43bf12417c4,519bf676e35b7cd6,18-49,ILI,mild,2026-08-15T07:14:00,ehr
PS-HEB-002,Hebron,31.545,35.087,d1fda43bf12417c4,8212c07a1267d14f,0-4,AGE,moderate,2026-08-15T16:32:00,ehr
PS-HEB-002,Hebron,31.545,35.087,3000fc3d8d01f75a,4f51b96154cf0cf4,50-64,AGE,mild,2026-08-15T13:56:00,pharmacy
PS-HEB-002,Hebron,31.545,35.087,b828601a5432663a,faace10f3b0a5677,18-49,AGE,mild,2026-08-15T07:42:00,ehr
PS-HEB-002,Hebron,31.545,35.087,9b34d36ec3c96b37,3d4dfc04fb46638b,0-4,AGE,mild,2026-08-15T13:28:00,ehr
PS-HEB-002,Hebron,31.545,35.087,b828601a5432663a,e511dc822a111bb7,5-17,AGE,mild,2026-08-15T10:44:00,pharmacy
PS-HEB-002,Hebron,31.545,35.087,b828601a5432663a,932e350abf9d958e,18-49,ARI,mild,2026-08-15T09:26:00,ehr
PS-HEB-002,Hebron,31.545,35.087,b828601a5432663a,c7f83b1ed848cbcb,18-49,ARI,mild,2026-08-15T08:50:00,ehr
PS-HEB-002,Hebron,31.545,35.087,d1fda43bf12417c4,f94634bf3a57b4a0,5-17,ARI,mild,2026-08-15T20:33:00,ehr
PS-HEB-002,Hebron,31.545,35.087,9b34d36ec3c96b37,4621672cd43f1725,50-64,ARI,mild,2026-08-15T07:35:00,lab
PS-HEB-002,Hebron,31.545,35.087,b828601a5432663a,0eebc6d36863cad2,0-4,ARI,mild,2026-08-15T12:15:00,ehr
PS-HEB-002,Hebron,31.545,35.087,9b34d36ec3c96b37,12c430bd24f60c6a,0-4,FEVER_RASH,mild,2026-08-15T20:36:00,pharmacy
PS-HEB-002,Hebron,31.545,35.087,b828601a5432663a,71e4cf4ab10c12cd,50-64,FEVER_RASH,mild,2026-08-15T08:46:00,lab
PS-HEB-002,Hebron,31.545,35.087,b828601a5432663a,1a805aa0d7155180,50-64,JAUNDICE,moderate,2026-08-15T14:03:00,ehr
PS-HEB-002,Hebron,31.545,35.087,b828601a5432663a,a7935bdbdc098a0d,0-4,OTHER,moderate,2026-08-15T13:47:00,ehr
PS-HEB-002,Hebron,31.545,35.087,d1fda43bf12417c4,8000cd620274ab43,18-49,OTHER,mild,2026-08-15T07:54:00,ehr
PS-HEB-002,Hebron,31.545,35.087,3000fc3d8d01f75a,c9ab9fbcab37f652,50-64,OTHER,mild,2026-08-15T14:39:00,ehr
PS-HEB-002,Hebron,31.545,35.087,9b34d36ec3c96b37,d08bef8b808f85d6,18-49,OTHER,mild,2026-08-15T09:07:00,lab
PS-HEB-002,Hebron,31.545,35.087,9b34d36ec3c96b37,e341d16077bc1da5,50-64,OTHER,mild,2026-08-15T18:54:00,ehr
PS-HEB-002,Hebron,31.545,35.087,b828601a5432663a,813dd5939364642b,65+,OTHER,moderate,2026-08-15T08:08:00,ehr
PS-HEB-002,Hebron,31.545,35.087,9b34d36ec3c96b37,e2429fa3bd5a064d,50-64,OTHER,mild,2026-08-15T13:58:00,ehr
PS-HEB-002,Hebron,31.545,35.087,3000fc3d8d01f75a,0f0f7de9c7eaa308,18-49,OTHER,moderate,2026-08-15T16:24:00,ehr
PS-RAM-001,Ramallah,31.9038,35.2034,4dc3b3d585035dae,e715a27407dbdf3a,0-4,ILI,mild,2026-08-15T13:28:00,ehr
PS-RAM-001,Ramallah,31.9038,35.2034,2c531e40a3a7ce8c,616b232a23de7912,65+,ILI,mild,2026-08-15T18:55:00,ehr
PS-RAM-001,Ramallah,31.9038,35.2034,4dc3b3d585035dae,9b3ead586f4f55c0,18-49,ILI,moderate,2026-08-15T15:33:00,lab
PS-RAM-001,Ramallah,31.9038,35.2034,d4bc341fd534ad06,37af8924b4ccd46d,0-4,ILI,moderate,2026-08-15T12:42:00,pharmacy
PS-RAM-001,Ramallah,31.9038,35.2034,2c531e40a3a7ce8c,08de2fac676e9eda,18-49,ILI,mild,2026-08-15T07:00:00,lab
PS-RAM-001,Ramallah,31.9038,35.2034,4dc3b3d585035dae,83d82355f6a2c5b2,18-49,ILI,mild,2026-08-15T20:10:00,ehr
PS-RAM-001,Ramallah,31.9038,35.2034,2c531e40a3a7ce8c,b482a3a3dc776037,18-49,AGE,mild,2026-08-15T11:03:00,ehr
PS-RAM-001,Ramallah,31.9038,35.2034,d4bc341fd534ad06,ca684a58b1e84a82,50-64,AGE,mild,2026-08-15T08:29:00,lab
PS-RAM-001,Ramallah,31.9038,35.2034,4dc3b3d585035dae,d45534895b4db8db,65+,AGE,moderate,2026-08-15T14:20:00,ehr
PS-RAM-001,Ramallah,31.9038,35.2034,d4bc341fd534ad06,597379d2d6bdb3f6,0-4,AGE,mild,2026-08-15T08:25:00,ehr
PS-RAM-001,Ramallah,31.9038,35.2034,865eea42f5c6ccea,a0b7a1d85f448987,50-64,AGE,mild,2026-08-15T19:38:00,lab
PS-RAM-001,Ramallah,31.9038,35.2034,4dc3b3d585035dae,a244ca91eb56de77,50-64,AGE,moderate,2026-08-15T12:23:00,ehr
PS-RAM-001,Ramallah,31.9038,35.2034,865eea42f5c6ccea,9317a04f1b31e6ba,18-49,ARI,mild,2026-08-15T14:45:00,ehr
PS-RAM-001,Ramallah,31.9038,35.2034,865eea42f5c6ccea,dcb8110e86cb62f5,50-64,ARI,severe,2026-08-15T07:21:00,ehr
PS-RAM-001,Ramallah,31.9038,35.2034,865eea42f5c6ccea,0bf0f032ed9727ff,18-49,ARI,mild,2026-08-15T15:33:00,ehr
PS-RAM-001,Ramallah,31.9038,35.2034,d4bc341fd534ad06,3ff20be336f0c32a,0-4,ARI,mild,2026-08-15T14:08:00,ehr
PS-RAM-001,Ramallah,31.9038,35.2034,d4bc341fd534ad06,7cb6911b0de3832b,5-17,ARI,moderate,2026-08-15T08:59:00,ehr
PS-RAM-001,Ramallah,31.9038,35.2034,4dc3b3d585035dae,64e281ebfa42b24c,18-49,FEVER_RASH,mild,2026-08-15T18:21:00,pharmacy
PS-RAM-001,Ramallah,31.9038,35.2034,2c531e40a3a7ce8c,5bf2a36b7d6284ab,65+,JAUNDICE,mild,2026-08-15T14:42:00,ehr
PS-RAM-001,Ramallah,31.9038,35.2034,d4bc341fd534ad06,8ce4935f080911b4,50-64,JAUNDICE,mild,2026-08-15T15:59:00,pharmacy
PS-RAM-001,Ramallah,31.9038,35.2034,2c531e40a3a7ce8c,d13aa7606d50a18a,18-49,MENINGITIS_LIKE,mild,2026-08-15T19:58:00,ehr
PS-RAM-001,Ramallah,31.9038,35.2034,865eea42f5c6ccea,07b6ad71bc0625a3,18-49,MENINGITIS_LIKE,mild,2026-08-15T08:24:00,pharmacy
PS-RAM-001,Ramallah,31.9038,35.2034,865eea42f5c6ccea,8774091c3b8f60de,65+,OTHER,mild,2026-08-15T11:25:00,ehr
PS-RAM-001,Ramallah,31.9038,35.2034,865eea42f5c6ccea,0191671d6d094ef0,50-64,OTHER,mild,2026-08-15T09:26:00,ehr
PS-RAM-001,Ramallah,31.9038,35.2034,2c531e40a3a7ce8c,8458ef7521f8c302,5-17,OTHER,mild,2026-08-15T18:47:00,ehr
PS-RAM-001,Ramallah,31.9038,35.2034,2c531e40a3a7ce8c,00849d44ed8463f7,65+,OTHER,mild,2026-08-15T17:22:00,ehr
PS-RAM-001,Ramallah,31.9038,35.2034,865eea42f5c6ccea,417aeaf1cdd85898,18-49,OTHER,moderate,2026-08-15T15:34:00,pharmacy
PS-RAM-001,Ramallah,31.9038,35.2034,d4bc341fd534ad06,aa35cb8cd3c03e4d,18-49,OTHER,moderate,2026-08-15T14:37:00,pharmacy
PS-RAM-001,Ramallah,31.9038,35.2034,d4bc341fd534ad06,32b7e51fc3546678,50-64,OTHER,mild,2026-08-15T11:56:00,ehr
PS-NAB-001,Nablus,32.2211,35.2544,c9eef5119a779be2,e17e4decc8a5b6c1,18-49,ILI,mild,2026-08-15T07:12:00,ehr
PS-NAB-001,Nablus,32.2211,35.2544,62c116f8ada8f79a,b5fd39919d0b92f2,50-64,ILI,mild,2026-08-15T17:16:00,ehr
PS-NAB-001,Nablus,32.2211,35.2544,2e49f94506905ef7,cfd29b8c1d6af330,5-17,ILI,mild,2026-08-15T10:48:00,pharmacy
PS-NAB-001,Nablus,32.2211,35.2544,62c116f8ada8f79a,47ae8c276ab68b88,18-49,ILI,mild,2026-08-15T20:43:00,ehr
PS-NAB-001,Nablus,32.2211,35.2544,c9eef5119a779be2,8f95089fb99efa66,18-49,ILI,mild,2026-08-15T15:50:00,lab
PS-NAB-001,Nablus,32.2211,35.2544,c9eef5119a779be2,4194db6b1fcc8566,65+,ILI,mild,2026-08-15T13:26:00,ehr
PS-NAB-001,Nablus,32.2211,35.2544,ce0af50d2ab5f724,bd46a6497f67f450,50-64,ILI,moderate,2026-08-15T10:39:00,ehr
PS-NAB-001,Nablus,32.2211,35.2544,62c116f8ada8f79a,3d5f419884625200,50-64,ILI,severe,2026-08-15T19:37:00,ehr
PS-NAB-001,Nablus,32.2211,35.2544,2e49f94506905ef7,69573fad16219fb2,5-17,AGE,mild,2026-08-15T14:11:00,pharmacy
PS-NAB-001,Nablus,32.2211,35.2544,2e49f94506905ef7,64de2e250689f3d1,18-49,AGE,mild,2026-08-15T08:24:00,ehr
PS-NAB-001,Nablus,32.2211,35.2544,c9eef5119a779be2,bc5898a603882615,0-4,AGE,mild,2026-08-15T09:37:00,ehr
PS-NAB-001,Nablus,32.2211,35.2544,c9eef5119a779be2,451769b7f985829d,18-49,AGE,moderate,2026-08-15T07:09:00,pharmacy
PS-NAB-001,Nablus,32.2211,35.2544,c9eef5119a779be2,dbed1b2f96bba34d,18-49,AGE,mild,2026-08-15T20:42:00,ehr
PS-NAB-001,Nablus,32.2211,35.2544,62c116f8ada8f79a,7ea4befbf7944a5d,18-49,ARI,moderate,2026-08-15T15:14:00,ehr
PS-NAB-001,Nablus,32.2211,35.2544,ce0af50d2ab5f724,a1178487949a8872,0-4,ARI,mild,2026-08-15T13:34:00,ehr
PS-NAB-001,Nablus,32.2211,35.2544,c9eef5119a779be2,d6f2628fca4cd130,5-17,ARI,mild,2026-08-15T17:21:00,pharmacy
PS-NAB-001,Nablus,32.2211,35.2544,2e49f94506905ef7,c5642eba4f6801f7,0-4,ARI,mild,2026-08-15T15:30:00,ehr
PS-NAB-001,Nablus,32.2211,35.2544,62c116f8ada8f79a,acbbd4b709053078,65+,ARI,mild,2026-08-15T17:39:00,ehr
PS-NAB-001,Nablus,32.2211,35.2544,2e49f94506905ef7,7d935ef39458986a,18-49,ARI,mild,2026-08-15T13:58:00,ehr
PS-NAB-001,Nablus,32.2211,35.2544,c9eef5119a779be2,d4492834f8cced31,18-49,ARI,mild,2026-08-15T07:58:00,lab
PS-NAB-001,Nablus,32.2211,35.2544,62c116f8ada8f79a,c94c1f64eda4ae55,5-17,ARI,mild,2026-08-15T07:18:00,ehr
PS-NAB-001,Nablus,32.2211,35.2544,2e49f94506905ef7,8a6b170a31910e55,18-49,ARI,mild,2026-08-15T09:49:00,ehr
PS-NAB-001,Nablus,32.2211,35.2544,ce0af50d2ab5f724,839a434fbfe3e6db,50-64,ARI,mild,2026-08-15T20:43:00,lab
PS-NAB-001,Nablus,32.2211,35.2544,2e49f94506905ef7,d4867ea90e6a264d,18-49,ARI,mild,2026-08-15T17:52:00,lab
PS-NAB-001,Nablus,32.2211,35.2544,2e49f94506905ef7,9e388923584b08d2,0-4,ARI,mild,2026-08-15T18:21:00,ehr
PS-NAB-001,Nablus,32.2211,35.2544,62c116f8ada8f79a,d204012d143cf113,50-64,FEVER_RASH,mild,2026-08-15T15:04:00,lab
PS-NAB-001,Nablus,32.2211,35.2544,ce0af50d2ab5f724,78d2ea60324cc109,5-17,FEVER_RASH,mild,2026-08-15T17:25:00,ehr
PS-NAB-001,Nablus,32.2211,35.2544,2e49f94506905ef7,45246f9828d7660d,5-17,OTHER,mild,2026-08-15T16:02:00,ehr
PS-NAB-001,Nablus,32.2211,35.2544,c9eef5119a779be2,c70734c4e64ec3b1,18-49,OTHER,mild,2026-08-15T19:43:00,lab
PS-NAB-001,Nablus,32.2211,35.2544,2e49f94506905ef7,24a7a81d06845f20,18-49,OTHER,mild,2026-08-15T13:25:00,ehr
PS-NAB-001,Nablus,32.2211,35.2544,c9eef5119a779be2,26bcd1e7c957d064,65+,OTHER,mild,2026-08-15T18:25:00,ehr
PS-NAB-001,Nablus,32.2211,35.2544,62c116f8ada8f79a,9bc6355c31917398,0-4,OTHER,mild,2026-08-15T07:35:00,pharmacy
PS-BET-001,Bethlehem,31.7054,35.2024,0a12ccb2fb499cd0,33179bff9f6b37f3,18-49,ILI,moderate,2026-08-15T08:19:00,ehr
PS-BET-001,Bethlehem,31.7054,35.2024,0a12ccb2fb499cd0,8e7e2ddca2da18f8,5-17,ILI,mild,2026-08-15T10:26:00,ehr
PS-BET-001,Bethlehem,31.7054,35.2024,0a12ccb2fb499cd0,a93d4487292dd229,18-49,AGE,mild,2026-08-15T10:07:00,ehr
PS-BET-001,Bethlehem,31.7054,35.2024,53365b5018ccb30a,b383d984729eee39,18-49,AGE,mild,2026-08-15T20:48:00,ehr
PS-BET-001,Bethlehem,31.7054,35.2024,0a12ccb2fb499cd0,2779106ee85b6129,18-49,AGE,mild,2026-08-15T11:06:00,ehr
PS-BET-001,Bethlehem,31.7054,35.2024,0a12ccb2fb499cd0,0e3fc2c728765e63,0-4,AGE,mild,2026-08-15T12:08:00,ehr
PS-BET-001,Bethlehem,31.7054,35.2024,2ee779d7897ae9a5,6f969dd47765acd5,18-49,ARI,mild,2026-08-15T16:42:00,pharmacy
PS-BET-001,Bethlehem,31.7054,35.2024,2ee779d7897ae9a5,b0e822393c909d81,65+,ARI,mild,2026-08-15T12:51:00,ehr
PS-BET-001,Bethlehem,31.7054,35.2024,0a12ccb2fb499cd0,f23f3a9cccb229f6,18-49,ARI,mild,2026-08-15T10:50:00,ehr
PS-BET-001,Bethlehem,31.7054,35.2024,0a12ccb2fb499cd0,ea4da5493a887f69,18-49,FEVER_RASH,mild,2026-08-15T20:23:00,lab
PS-BET-001,Bethlehem,31.7054,35.2024,c1a0ab6562099869,902d4202612b35c3,50-64,OTHER,moderate,2026-08-15T09:41:00,ehr
PS-BET-001,Bethlehem,31.7054,35.2024,2ee779d7897ae9a5,1f6740d3634c5234,18-49,OTHER,mild,2026-08-15T15:12:00,ehr
PS-BET-001,Bethlehem,31.7054,35.2024,c1a0ab6562099869,0ec7d162e6cd16e6,50-64,OTHER,mild,2026-08-15T07:54:00,pharmacy
PS-BET-001,Bethlehem,31.7054,35.2024,c1a0ab6562099869,6ffff24074ded380,18-49,OTHER,mild,2026-08-15T10:58:00,pharmacy
PS-BET-001,Bethlehem,31.7054,35.2024,0a12ccb2fb499cd0,b2ce4b4b0a5cb89e,5-17,OTHER,mild,2026-08-15T14:41:00,pharmacy
PS-BET-001,Bethlehem,31.7054,35.2024,2ee779d7897ae9a5,e1a7e871ff0270bc,0-4,OTHER,mild,2026-08-15T18:54:00,ehr
PS-BET-001,Bethlehem,31.7054,35.2024,c1a0ab6562099869,b2d3c600d2b203ff,18-49,OTHER,moderate,2026-08-15T13:23:00,pharmacy
PS-JEN-001,Jenin,32.4597,35.2951,0747c175e69e0dff,6e62f4a667ea4def,5-17,ILI,moderate,2026-08-15T09:28:00,ehr
PS-JEN-001,Jenin,32.4597,35.2951,d723f8382af3d058,f39cbb28e4121410,65+,ILI,mild,2026-08-15T18:46:00,lab
PS-JEN-001,Jenin,32.4597,35.2951,c0d662d41ad4a594,74e4809670c219c0,5-17,ILI,mild,2026-08-15T10:04:00,ehr
PS-JEN-001,Jenin,32.4597,35.2951,d723f8382af3d058,4b0874b28f2b54fc,50-64,ARI,mild,2026-08-15T13:30:00,ehr
PS-JEN-001,Jenin,32.4597,35.2951,c0d662d41ad4a594,cb27cd885661f848,50-64,JAUNDICE,mild,2026-08-15T17:53:00,pharmacy
PS-JEN-001,Jenin,32.4597,35.2951,d723f8382af3d058,efd31bcc07c9d8b2,18-49,JAUNDICE,mild,2026-08-15T16:11:00,ehr
PS-JEN-001,Jenin,32.4597,35.2951,d723f8382af3d058,860eeae6c25ed30d,65+,MENINGITIS_LIKE,mild,2026-08-15T15:16:00,lab
PS-JEN-001,Jenin,32.4597,35.2951,d723f8382af3d058,9270ecdf87a5e809,50-64,OTHER,mild,2026-08-15T14:50:00,ehr
PS-JEN-001,Jenin,32.4597,35.2951,0747c175e69e0dff,a8bffad463b709f8,0-4,OTHER,mild,2026-08-15T14:10:00,ehr
PS-JEN-001,Jenin,32.4597,35.2951,0747c175e69e0dff,31364ad5a8f3b2bf,5-17,OTHER,moderate,2026-08-15T09:11:00,ehr
PS-JEN-001,Jenin,32.4597,35.2951,d723f8382af3d058,9deaebc5e84c48d9,50-64,OTHER,moderate,2026-08-15T17:14:00,lab
PS-JEN-001,Jenin,32.4597,35.2951,d723f8382af3d058,7bc9abab1aa8adc6,5-17,OTHER,mild,2026-08-15T17:30:00,lab
PS-JEN-001,Jenin,32.4597,35.2951,02322af968c6062f,71b25bbad1bf946e,0-4,OTHER,mild,2026-08-15T07:15:00,ehr
PS-JEN-001,Jenin,32.4597,35.2951,02322af968c6062f,a254b81168576700,50-64,OTHER,mild,2026-08-15T17:32:00,ehr
PS-JEN-001,Jenin,32.4597,35.2951,0747c175e69e0dff,85bf905ab2d17447,18-49,OTHER,mild,2026-08-15T11:59:00,pharmacy
PS-HEB-001,Hebron,31.5326,35.0998,d3391f64b3beb0a2,96c51ce0dae4720a,65+,ILI,mild,2026-08-16T18:42:00,pharmacy
PS-HEB-001,Hebron,31.5326,35.0998,f17af80950dde2c9,65e184572e6b7846,5-17,ILI,moderate,2026-08-16T14:55:00,pharmacy
PS-HEB-001,Hebron,31.5326,35.0998,e3dff89ada235d59,843d7aabbd8b8762,18-49,ILI,mild,2026-08-16T09:50:00,ehr
PS-HEB-001,Hebron,31.5326,35.0998,d3391f64b3beb0a2,bc41a2ef56755835,50-64,ILI,mild,2026-08-16T18:43:00,ehr
PS-HEB-001,Hebron,31.5326,35.0998,f17af80950dde2c9,90b2cbae266c86f1,0-4,AGE,mild,2026-08-16T10:24:00,pharmacy
PS-HEB-001,Hebron,31.5326,35.0998,e3dff89ada235d59,deb486ffe3c9ef2f,18-49,ARI,mild,2026-08-16T13:52:00,pharmacy
PS-HEB-001,Hebron,31.5326,35.0998,7c5d3d710b7ca6a2,54ec22354128d72a,0-4,ARI,mild,2026-08-16T16:02:00,pharmacy
PS-HEB-001,Hebron,31.5326,35.0998,7c5d3d710b7ca6a2,6e524817b8192209,50-64,ARI,moderate,2026-08-16T15:52:00,lab
PS-HEB-001,Hebron,31.5326,35.0998,d3391f64b3beb0a2,ef73d1474d7d0a78,50-64,ARI,mild,2026-08-16T15:26:00,lab
PS-HEB-001,Hebron,31.5326,35.0998,f17af80950dde2c9,e188e2d87495b838,50-64,ARI,mild,2026-08-16T10:51:00,pharmacy
PS-HEB-001,Hebron,31.5326,35.0998,7c5d3d710b7ca6a2,340d9b7806e824ea,18-49,ARI,mild,2026-08-16T19:47:00,ehr
PS-HEB-001,Hebron,31.5326,35.0998,d3391f64b3beb0a2,77d700a55125efa5,18-49,ARI,mild,2026-08-16T20:05:00,ehr
PS-HEB-001,Hebron,31.5326,35.0998,7c5d3d710b7ca6a2,257a242b44074ed1,18-49,ARI,mild,2026-08-16T10:00:00,ehr
PS-HEB-001,Hebron,31.5326,35.0998,e3dff89ada235d59,910c4df8f8a4e2d0,18-49,ARI,mild,2026-08-16T13:41:00,ehr
PS-HEB-001,Hebron,31.5326,35.0998,f17af80950dde2c9,e3cad9f5a88517e5,18-49,ARI,mild,2026-08-16T08:09:00,pharmacy
PS-HEB-001,Hebron,31.5326,35.0998,f17af80950dde2c9,62c71d2d3e9e8746,18-49,MENINGITIS_LIKE,mild,2026-08-16T11:43:00,pharmacy
PS-HEB-001,Hebron,31.5326,35.0998,d3391f64b3beb0a2,13be1090951dc9f2,65+,OTHER,mild,2026-08-16T15:30:00,lab
PS-HEB-001,Hebron,31.5326,35.0998,7c5d3d710b7ca6a2,4da73fdbecdefdb4,18-49,OTHER,mild,2026-08-16T18:08:00,ehr
PS-HEB-001,Hebron,31.5326,35.0998,f17af80950dde2c9,b9904ebb19859df1,50-64,OTHER,moderate,2026-08-16T08:13:00,pharmacy
PS-HEB-001,Hebron,31.5326,35.0998,7c5d3d710b7ca6a2,342c44057c71b1ae,5-17,OTHER,severe,2026-08-16T18:43:00,ehr
PS-HEB-001,Hebron,31.5326,35.0998,e3dff89ada235d59,9c6cff4deac18607,18-49,OTHER,mild,2026-08-16T19:05:00,ehr
PS-HEB-001,Hebron,31.5326,35.0998,e3dff89ada235d59,817e0c96257fc774,5-17,OTHER,mild,2026-08-16T08:16:00,lab
PS-HEB-001,Hebron,31.5326,35.0998,d3391f64b3beb0a2,16400ba932835ece,18-49,OTHER,mild,2026-08-16T13:39:00,ehr
PS-HEB-001,Hebron,31.5326,35.0998,f17af80950dde2c9,3f59bfc08612e170,0-4,OTHER,moderate,2026-08-16T17:31:00,pharmacy
PS-HEB-002,Hebron,31.545,35.087,d1fda43bf12417c4,83df6698a4f15a43,18-49,ILI,mild,2026-08-16T16:32:00,ehr
PS-HEB-002,Hebron,31.545,35.087,b828601a5432663a,5420e7bc98eeb233,65+,ILI,mild,2026-08-16T10:41:00,ehr
PS-HEB-002,Hebron,31.545,35.087,3000fc3d8d01f75a,6d862b9e68409d1d,18-49,ILI,mild,2026-08-16T19:25:00,ehr
PS-HEB-002,Hebron,31.545,35.087,b828601a5432663a,9b4dad29e9ecad13,50-64,ILI,mild,2026-08-16T15:00:00,pharmacy
PS-HEB-002,Hebron,31.545,35.087,3000fc3d8d01f75a,604422c9cac506dd,65+,ILI,mild,2026-08-16T16:22:00,pharmacy
PS-HEB-002,Hebron,31.545,35.087,9b34d36ec3c96b37,8a07626437874172,18-49,ILI,mild,2026-08-16T10:29:00,lab
PS-HEB-002,Hebron,31.545,35.087,b828601a5432663a,f752af4ad59bb3c1,18-49,AGE,mild,2026-08-16T15:06:00,ehr
PS-HEB-002,Hebron,31.545,35.087,3000fc3d8d01f75a,17978f85c92507ff,50-64,AGE,moderate,2026-08-16T19:32:00,pharmacy
PS-HEB-002,Hebron,31.545,35.087,9b34d36ec3c96b37,744e44396cc141fa,65+,AGE,mild,2026-08-16T11:44:00,ehr
PS-HEB-002,Hebron,31.545,35.087,9b34d36ec3c96b37,122fb7c5d19c46d8,18-49,AGE,moderate,2026-08-16T19:21:00,ehr
PS-HEB-002,Hebron,31.545,35.087,d1fda43bf12417c4,3bab7a5c709fd258,18-49,ARI,mild,2026-08-16T13:40:00,ehr
PS-HEB-002,Hebron,31.545,35.087,b828601a5432663a,9212f4d82fb4c1fd,18-49,ARI,mild,2026-08-16T13:22:00,ehr
PS-HEB-002,Hebron,31.545,35.087,3000fc3d8d01f75a,fad53c4273b5f01b,0-4,ARI,moderate,2026-08-16T08:25:00,lab
PS-HEB-002,Hebron,31.545,35.087,d1fda43bf12417c4,9225038ad4b8b47e,50-64,ARI,mild,2026-08-16T12:22:00,ehr
PS-HEB-002,Hebron,31.545,35.087,d1fda43bf12417c4,892f9a50e4e457a8,5-17,FEVER_RASH,mild,2026-08-16T14:47:00,ehr
PS-HEB-002,Hebron,31.545,35.087,b828601a5432663a,3b48cd0291694c68,0-4,OTHER,mild,2026-08-16T09:49:00,lab
PS-HEB-002,Hebron,31.545,35.087,b828601a5432663a,014a3910611ea9ee,50-64,OTHER,mild,2026-08-16T16:00:00,ehr
PS-HEB-002,Hebron,31.545,35.087,3000fc3d8d01f75a,3bf576e9918544b7,18-49,OTHER,severe,2026-08-16T14:57:00,pharmacy
PS-HEB-002,Hebron,31.545,35.087,d1fda43bf12417c4,f0a5bb6332c435a6,18-49,OTHER,mild,2026-08-16T11:25:00,pharmacy
PS-HEB-002,Hebron,31.545,35.087,9b34d36ec3c96b37,a21bb0e3acbb0b52,65+,OTHER,mild,2026-08-16T19:27:00,ehr
PS-HEB-002,Hebron,31.545,35.087,d1fda43bf12417c4,ae0ae6f58efc7b9c,18-49,OTHER,mild,2026-08-16T13:55:00,pharmacy
PS-HEB-002,Hebron,31.545,35.087,b828601a5432663a,a44a3996e678e920,0-4,OTHER,mild,2026-08-16T14:20:00,pharmacy
PS-HEB-002,Hebron,31.545,35.087,3000fc3d8d01f75a,854a50fea77757a5,18-49,OTHER,mild,2026-08-16T08:20:00,pharmacy
PS-HEB-002,Hebron,31.545,35.087,3000fc3d8d01f75a,1d0656386aa2596f,18-49,OTHER,mild,2026-08-16T11:15:00,ehr
PS-RAM-001,Ramallah,31.9038,35.2034,865eea42f5c6ccea,9f819e60d211a423,5-17,ILI,mild,2026-08-16T13:44:00,lab
PS-RAM-001,Ramallah,31.9038,35.2034,2c531e40a3a7ce8c,fdc7be7392bc8268,65+,ILI,mild,2026-08-16T09:36:00,ehr
PS-RAM-001,Ramallah,31.9038,35.2034,2c531e40a3a7ce8c,c14e9e87ac42dcc4,18-49,ILI,moderate,2026-08-16T18:17:00,ehr
PS-RAM-001,Ramallah,31.9038,35.2034,2c531e40a3a7ce8c,90e6f953db4bd17b,18-49,ILI,mild,2026-08-16T09:51:00,lab
PS-RAM-001,Ramallah,31.9038,35.2034,865eea42f5c6ccea,5d17083bbe65df5b,50-64,ILI,mild,2026-08-16T14:08:00,pharmacy
PS-RAM-001,Ramallah,31.9038,35.2034,4dc3b3d585035dae,1aab0402a6f02aa8,18-49,ILI,mild,2026-08-16T20:36:00,ehr
PS-RAM-001,Ramallah,31.9038,35.2034,865eea42f5c6ccea,e2aa1c7b4f9406d3,18-49,ILI,mild,2026-08-16T10:52:00,lab
PS-RAM-001,Ramallah,31.9038,35.2034,865eea42f5c6ccea,234c9054aa77bce4,5-17,ILI,mild,2026-08-16T18:21:00,ehr
PS-RAM-001,Ramallah,31.9038,35.2034,d4bc341fd534ad06,1c5e6c7c4e68ee3b,0-4,ILI,moderate,2026-08-16T12:01:00,pharmacy
PS-RAM-001,Ramallah,31.9038,35.2034,2c531e40a3a7ce8c,a0925cab09d384f1,65+,ILI,mild,2026-08-16T10:36:00,ehr
PS-RAM-001,Ramallah,31.9038,35.2034,d4bc341fd534ad06,721210595ed0f616,50-64,ILI,mild,2026-08-16T17:32:00,ehr
PS-RAM-001,Ramallah,31.9038,35.2034,865eea42f5c6ccea,2592eef2bfb39808,18-49,AGE,severe,2026-08-16T13:39:00,ehr
PS-RAM-001,Ramallah,31.9038,35.2034,865eea42f5c6ccea,baf3d215772bb929,18-49,AGE,mild,2026-08-16T17:51:00,lab
PS-RAM-001,Ramallah,31.9038,35.2034,4dc3b3d585035dae,7a889f1eec27a9af,0-4,AGE,mild,2026-08-16T20:58:00,ehr
PS-RAM-001,Ramallah,31.9038,35.2034,865eea42f5c6ccea,aef3ace9a77b114e,18-49,AGE,mild,2026-08-16T12:41:00,lab
PS-RAM-001,Ramallah,31.9038,35.2034,d4bc341fd534ad06,0a4a22d98690fb9f,50-64,AGE,moderate,2026-08-16T11:56:00,pharmacy
PS-RAM-001,Ramallah,31.9038,35.2034,d4bc341fd534ad06,f43cbfa645767d19,5-17,AGE,moderate,2026-08-16T15:28:00,ehr
PS-RAM-001,Ramallah,31.9038,35.2034,865eea42f5c6ccea,33f6e21886a2a953,65+,AGE,moderate,2026-08-16T18:15:00,ehr
PS-RAM-001,Ramallah,31.9038,35.2034,d4bc341fd534ad06,dea08c56fdbddea4,0-4,AGE,mild,2026-08-16T10:10:00,lab
PS-RAM-001,Ramallah,31.9038,35.2034,4dc3b3d585035dae,606a78329b3c7c18,0-4,ARI,mild,2026-08-16T13:33:00,ehr
PS-RAM-001,Ramallah,31.9038,35.2034,d4bc341fd534ad06,86ddf7701310853c,5-17,ARI,mild,2026-08-16T17:59:00,ehr
PS-RAM-001,Ramallah,31.9038,35.2034,2c531e40a3a7ce8c,4f678c634c57bd65,0-4,ARI,moderate,2026-08-16T14:40:00,ehr
PS-RAM-001,Ramallah,31.9038,35.2034,865eea42f5c6ccea,6a0a487dda0afd58,50-64,ARI,mild,2026-08-16T07:42:00,lab
PS-RAM-001,Ramallah,31.9038,35.2034,865eea42f5c6ccea,53cc1a86cf4d69d2,18-49,ARI,mild,2026-08-16T14:55:00,pharmacy
PS-RAM-001,Ramallah,31.9038,35.2034,d4bc341fd534ad06,4370e834b556cd7b,18-49,ARI,mild,2026-08-16T09:37:00,pharmacy
PS-RAM-001,Ramallah,31.9038,35.2034,865eea42f5c6ccea,1384009413da06a7,50-64,ARI,mild,2026-08-16T13:33:00,ehr
PS-RAM-001,Ramallah,31.9038,35.2034,d4bc341fd534ad06,cc979c55b6bf933a,5-17,ARI,mild,2026-08-16T19:05:00,ehr
PS-RAM-001,Ramallah,31.9038,35.2034,4dc3b3d585035dae,3a141f2243ec1797,18-49,ARI,moderate,2026-08-16T11:00:00,ehr
PS-RAM-001,Ramallah,31.9038,35.2034,d4bc341fd534ad06,aff34fba2acd9e23,18-49,FEVER_RASH,mild,2026-08-16T12:18:00,lab
PS-RAM-001,Ramallah,31.9038,35.2034,d4bc341fd534ad06,e7a7cc1cc399988c,50-64,JAUNDICE,mild,2026-08-16T07:49:00,ehr
PS-RAM-001,Ramallah,31.9038,35.2034,2c531e40a3a7ce8c,0498115002d6150d,18-49,JAUNDICE,mild,2026-08-16T15:23:00,lab
PS-RAM-001,Ramallah,31.9038,35.2034,d4bc341fd534ad06,efdf83ab0d4681af,5-17,OTHER,mild,2026-08-16T17:24:00,ehr
PS-RAM-001,Ramallah,31.9038,35.2034,865eea42f5c6ccea,e7d46090b874f189,5-17,OTHER,moderate,2026-08-16T15:48:00,ehr
PS-RAM-001,Ramallah,31.9038,35.2034,4dc3b3d585035dae,e9621e40bca07089,5-17,OTHER,mild,2026-08-16T13:12:00,lab
PS-RAM-001,Ramallah,31.9038,35.2034,865eea42f5c6ccea,bbc1721b340a9caf,18-49,OTHER,mild,2026-08-16T16:28:00,ehr
PS-RAM-001,Ramallah,31.9038,35.2034,4dc3b3d585035dae,5b962fc6b920088b,65+,OTHER,mild,2026-08-16T07:09:00,ehr
PS-RAM-001,Ramallah,31.9038,35.2034,2c531e40a3a7ce8c,e094a83dbfd13c37,18-49,OTHER,moderate,2026-08-16T11:17:00,ehr
PS-RAM-001,Ramallah,31.9038,35.2034,4dc3b3d585035dae,2c77054cccf021cb,18-49,OTHER,mild,2026-08-16T08:09:00,ehr
PS-RAM-001,Ramallah,31.9038,35.2034,d4bc341fd534ad06,39eb8291da9441ea,65+,OTHER,mild,2026-08-16T19:51:00,ehr
PS-RAM-001,Ramallah,31.9038,35.2034,2c531e40a3a7ce8c,e33c914d77618856,0-4,OTHER,moderate,2026-08-16T12:05:00,ehr
PS-RAM-001,Ramallah,31.9038,35.2034,2c531e40a3a7ce8c,83047913cfb4f61a,5-17,OTHER,moderate,2026-08-16T15:30:00,lab
PS-RAM-001,Ramallah,31.9038,35.2034,4dc3b3d585035dae,fa622ce915ace5b7,65+,OTHER,moderate,2026-08-16T20:00:00,lab
PS-RAM-001,Ramallah,31.9038,35.2034,2c531e40a3a7ce8c,cc0412b02b92c407,18-49,OTHER,mild,2026-08-16T19:28:00,lab
PS-RAM-001,Ramallah,31.9038,35.2034,4dc3b3d585035dae,e74c162cc557cd0b,18-49,OTHER,severe,2026-08-16T18:49:00,lab
PS-RAM-001,Ramallah,31.9038,35.2034,865eea42f5c6ccea,c80f507ea4bd89cb,65+,OTHER,mild,2026-08-16T13:43:00,ehr
PS-NAB-001,Nablus,32.2211,35.2544,ce0af50d2ab5f724,e05b929c852c08e4,18-49,ILI,mild,2026-08-16T08:16:00,ehr
PS-NAB-001,Nablus,32.2211,35.2544,62c116f8ada8f79a,3070caf2b1486cdf,65+,ILI,mild,2026-08-16T20:42:00,lab
PS-NAB-001,Nablus,32.2211,35.2544,62c116f8ada8f79a,02b51ca79011cf2d,50-64,ILI,mild,2026-08-16T12:00:00,lab
PS-NAB-001,Nablus,32.2211,35.2544,2e49f94506905ef7,06a2958b96f1083b,65+,ILI,mild,2026-08-16T19:15:00,lab
PS-NAB-001,Nablus,32.2211,35.2544,62c116f8ada8f79a,4f760147a756658e,5-17,ILI,mild,2026-08-16T18:38:00,ehr
PS-NAB-001,Nablus,32.2211,35.2544,c9eef5119a779be2,ece87f22b8e70a78,65+,ILI,severe,2026-08-16T14:05:00,ehr
PS-NAB-001,Nablus,32.2211,35.2544,62c116f8ada8f79a,881fd80d191b6fdd,18-49,ILI,moderate,2026-08-16T07:22:00,ehr
PS-NAB-001,Nablus,32.2211,35.2544,c9eef5119a779be2,4a13af6d89e78419,65+,ILI,moderate,2026-08-16T14:14:00,ehr
PS-NAB-001,Nablus,32.2211,35.2544,ce0af50d2ab5f724,92fa82425dece94a,18-49,AGE,mild,2026-08-16T19:57:00,lab
PS-NAB-001,Nablus,32.2211,35.2544,62c116f8ada8f79a,fcf6105f94676120,5-17,AGE,mild,2026-08-16T12:46:00,lab
PS-NAB-001,Nablus,32.2211,35.2544,62c116f8ada8f79a,9620d6b0d6f4f076,18-49,ARI,mild,2026-08-16T14:12:00,lab
PS-NAB-001,Nablus,32.2211,35.2544,62c116f8ada8f79a,cc04bf39bd463145,0-4,ARI,mild,2026-08-16T11:55:00,ehr
PS-NAB-001,Nablus,32.2211,35.2544,c9eef5119a779be2,90c7e6cea4629782,18-49,ARI,moderate,2026-08-16T20:16:00,pharmacy
PS-NAB-001,Nablus,32.2211,35.2544,62c116f8ada8f79a,b754d888d444247e,50-64,ARI,mild,2026-08-16T13:46:00,ehr
PS-NAB-001,Nablus,32.2211,35.2544,62c116f8ada8f79a,51630fa1592d47cf,5-17,ARI,mild,2026-08-16T19:39:00,pharmacy
PS-NAB-001,Nablus,32.2211,35.2544,62c116f8ada8f79a,83aa86c46c5339fd,18-49,FEVER_RASH,mild,2026-08-16T20:24:00,pharmacy
PS-NAB-001,Nablus,32.2211,35.2544,c9eef5119a779be2,e0a175301c4cfe5f,0-4,JAUNDICE,mild,2026-08-16T13:41:00,ehr
PS-NAB-001,Nablus,32.2211,35.2544,62c116f8ada8f79a,dea91aabffb00d30,5-17,MENINGITIS_LIKE,mild,2026-08-16T07:53:00,ehr
PS-NAB-001,Nablus,32.2211,35.2544,ce0af50d2ab5f724,ccb7e8505f135239,18-49,OTHER,mild,2026-08-16T16:41:00,pharmacy
PS-NAB-001,Nablus,32.2211,35.2544,c9eef5119a779be2,f58f83677d05bdc3,5-17,OTHER,moderate,2026-08-16T11:03:00,ehr
PS-NAB-001,Nablus,32.2211,35.2544,ce0af50d2ab5f724,a8f29a164922b7f6,65+,OTHER,moderate,2026-08-16T10:41:00,lab
PS-NAB-001,Nablus,32.2211,35.2544,2e49f94506905ef7,ceb0c0e899b03605,5-17,OTHER,moderate,2026-08-16T19:40:00,lab
PS-NAB-001,Nablus,32.2211,35.2544,2e49f94506905ef7,05d5c51134d38551,50-64,OTHER,mild,2026-08-16T20:23:00,ehr
PS-NAB-001,Nablus,32.2211,35.2544,c9eef5119a779be2,98af43218680e767,0-4,OTHER,mild,2026-08-16T18:04:00,pharmacy
PS-NAB-001,Nablus,32.2211,35.2544,62c116f8ada8f79a,117d22a797ce9ef5,18-49,OTHER,mild,2026-08-16T08:06:00,pharmacy
PS-NAB-001,Nablus,32.2211,35.2544,62c116f8ada8f79a,28dceb2a7ff2ed2a,18-49,OTHER,mild,2026-08-16T17:15:00,ehr
PS-BET-001,Bethlehem,31.7054,35.2024,53365b5018ccb30a,a43ddb9064ac9d5c,50-64,ILI,mild,2026-08-16T17:29:00,ehr
PS-BET-001,Bethlehem,31.7054,35.2024,2ee779d7897ae9a5,c2a3f33a71b43442,18-49,ILI,mild,2026-08-16T15:25:00,pharmacy
PS-BET-001,Bethlehem,31.7054,35.2024,2ee779d7897ae9a5,7c27a9246018b737,50-64,ILI,mild,2026-08-16T14:59:00,ehr
PS-BET-001,Bethlehem,31.7054,35.2024,53365b5018ccb30a,0464db29af0e5a87,18-49,ILI,mild,2026-08-16T20:23:00,ehr
PS-BET-001,Bethlehem,31.7054,35.2024,0a12ccb2fb499cd0,8125907b03828e7c,5-17,ILI,mild,2026-08-16T16:15:00,ehr
PS-BET-001,Bethlehem,31.7054,35.2024,c1a0ab6562099869,fb2852cd09ce092d,65+,ARI,mild,2026-08-16T13:00:00,pharmacy
PS-BET-001,Bethlehem,31.7054,35.2024,2ee779d7897ae9a5,84ffa492150077a3,0-4,ARI,severe,2026-08-16T09:56:00,ehr
PS-BET-001,Bethlehem,31.7054,35.2024,c1a0ab6562099869,6c79bee5bc6a90d2,50-64,ARI,moderate,2026-08-16T20:20:00,ehr
PS-BET-001,Bethlehem,31.7054,35.2024,0a12ccb2fb499cd0,6f9507c4b44f4cd5,0-4,FEVER_RASH,mild,2026-08-16T15:32:00,ehr
PS-BET-001,Bethlehem,31.7054,35.2024,0a12ccb2fb499cd0,c181e89d3b1b7f98,5-17,JAUNDICE,mild,2026-08-16T16:15:00,pharmacy
PS-BET-001,Bethlehem,31.7054,35.2024,2ee779d7897ae9a5,afc24de3609315bc,50-64,OTHER,mild,2026-08-16T18:04:00,pharmacy
PS-BET-001,Bethlehem,31.7054,35.2024,c1a0ab6562099869,6b55b9143b6cec51,18-49,OTHER,mild,2026-08-16T20:58:00,pharmacy
PS-BET-001,Bethlehem,31.7054,35.2024,c1a0ab6562099869,141b9a2d62c99885,50-64,OTHER,mild,2026-08-16T13:05:00,lab
PS-BET-001,Bethlehem,31.7054,35.2024,c1a0ab6562099869,e8166ce09389c314,50-64,OTHER,mild,2026-08-16T13:59:00,pharmacy
PS-BET-001,Bethlehem,31.7054,35.2024,53365b5018ccb30a,d5519e85a9b9f634,0-4,OTHER,mild,2026-08-16T07:40:00,ehr
PS-BET-001,Bethlehem,31.7054,35.2024,0a12ccb2fb499cd0,127ba134da826cc4,5-17,OTHER,mild,2026-08-16T15:36:00,ehr
PS-BET-001,Bethlehem,31.7054,35.2024,53365b5018ccb30a,4a00dea2315379a7,65+,OTHER,moderate,2026-08-16T07:43:00,pharmacy
PS-JEN-001,Jenin,32.4597,35.2951,d723f8382af3d058,5d2d2c29fba8af9f,0-4,ILI,mild,2026-08-16T11:50:00,lab
PS-JEN-001,Jenin,32.4597,35.2951,02322af968c6062f,aa59c56682189e52,18-49,ILI,mild,2026-08-16T16:47:00,lab
PS-JEN-001,Jenin,32.4597,35.2951,0747c175e69e0dff,d271d46d213c5aa3,18-49,ILI,mild,2026-08-16T15:27:00,ehr
PS-JEN-001,Jenin,32.4597,35.2951,0747c175e69e0dff,7408c67adf513943,18-49,AGE,severe,2026-08-16T14:25:00,pharmacy
PS-JEN-001,Jenin,32.4597,35.2951,02322af968c6062f,c44ebf361e974cdb,5-17,AGE,mild,2026-08-16T10:15:00,pharmacy
PS-JEN-001,Jenin,32.4597,35.2951,c0d662d41ad4a594,074254734170f697,5-17,ARI,mild,2026-08-16T13:23:00,ehr
PS-JEN-001,Jenin,32.4597,35.2951,0747c175e69e0dff,f25fd2b1070f0772,65+,ARI,mild,2026-08-16T19:19:00,lab
PS-JEN-001,Jenin,32.4597,35.2951,d723f8382af3d058,43333730e41cd073,0-4,ARI,moderate,2026-08-16T16:09:00,ehr
PS-JEN-001,Jenin,32.4597,35.2951,0747c175e69e0dff,74e028f73c81fe49,18-49,ARI,moderate,2026-08-16T17:23:00,ehr
PS-JEN-001,Jenin,32.4597,35.2951,0747c175e69e0dff,bf6ab1a6be3884bb,65+,ARI,moderate,2026-08-16T18:03:00,ehr
PS-JEN-001,Jenin,32.4597,35.2951,02322af968c6062f,78c8dd66dcb2970e,5-17,ARI,mild,2026-08-16T07:21:00,ehr
PS-JEN-001,Jenin,32.4597,35.2951,0747c175e69e0dff,eda4da3c4eb6542c,5-17,ARI,mild,2026-08-16T10:47:00,ehr
PS-JEN-001,Jenin,32.4597,35.2951,0747c175e69e0dff,7551cf1353caf642,18-49,FEVER_RASH,mild,2026-08-16T15:30:00,lab
PS-JEN-001,Jenin,32.4597,35.2951,c0d662d41ad4a594,2ecc07ea59893767,0-4,OTHER,mild,2026-08-16T11:12:00,ehr
PS-JEN-001,Jenin,32.4597,35.2951,c0d662d41ad4a594,9f0a349539666b67,18-49,OTHER,moderate,2026-08-16T08:24:00,ehr
PS-JEN-001,Jenin,32.4597,35.2951,02322af968c6062f,4da22351c9669d81,5-17,OTHER,moderate,2026-08-16T20:06:00,lab
PS-JEN-001,Jenin,32.4597,35.2951,02322af968c6062f,48cd6599d682c78a,50-64,OTHER,mild,2026-08-16T10:24:00,pharmacy
PS-JEN-001,Jenin,32.4597,35.2951,0747c175e69e0dff,ed13fe69c7b46ab0,5-17,OTHER,severe,2026-08-16T15:05:00,pharmacy
PS-HEB-001,Hebron,31.5326,35.0998,d3391f64b3beb0a2,793021fb552196c9,5-17,ILI,mild,2026-08-17T10:59:00,ehr
PS-HEB-001,Hebron,31.5326,35.0998,d3391f64b3beb0a2,08dc394731069762,5-17,ILI,mild,2026-08-17T07:22:00,pharmacy
PS-HEB-001,Hebron,31.5326,35.0998,7c5d3d710b7ca6a2,ef3294fc3d295105,18-49,ILI,moderate,2026-08-17T11:51:00,ehr
PS-HEB-001,Hebron,31.5326,35.0998,e3dff89ada235d59,8eb4da0e179218b1,0-4,ILI,moderate,2026-08-17T15:17:00,ehr
PS-HEB-001,Hebron,31.5326,35.0998,f17af80950dde2c9,8ce4ef88522f085b,18-49,ILI,mild,2026-08-17T08:46:00,ehr
PS-HEB-001,Hebron,31.5326,35.0998,e3dff89ada235d59,e13436896164ad78,18-49,ILI,mild,2026-08-17T13:15:00,pharmacy
PS-HEB-001,Hebron,31.5326,35.0998,e3dff89ada235d59,7a028863faaebfb7,5-17,ILI,mild,2026-08-17T12:28:00,pharmacy
PS-HEB-001,Hebron,31.5326,35.0998,e3dff89ada235d59,ebab95d379561b8f,50-64,ILI,mild,2026-08-17T17:51:00,pharmacy
PS-HEB-001,Hebron,31.5326,35.0998,e3dff89ada235d59,c309e95bf92d3bad,18-49,ILI,mild,2026-08-17T09:27:00,ehr
PS-HEB-001,Hebron,31.5326,35.0998,7c5d3d710b7ca6a2,35d66b23ff9d3fe7,5-17,AGE,moderate,2026-08-17T12:04:00,ehr
PS-HEB-001,Hebron,31.5326,35.0998,d3391f64b3beb0a2,49320e9353fd7207,50-64,AGE,mild,2026-08-17T18:01:00,lab
PS-HEB-001,Hebron,31.5326,35.0998,d3391f64b3beb0a2,7d6f3de8e9caa5cb,0-4,AGE,mild,2026-08-17T11:28:00,ehr
PS-HEB-001,Hebron,31.5326,35.0998,d3391f64b3beb0a2,1e10c35effeb9dee,18-49,AGE,mild,2026-08-17T09:01:00,pharmacy
PS-HEB-001,Hebron,31.5326,35.0998,7c5d3d710b7ca6a2,28c4c3256f16b7bf,5-17,AGE,mild,2026-08-17T10:14:00,lab
PS-HEB-001,Hebron,31.5326,35.0998,d3391f64b3beb0a2,274050727c68e0e5,5-17,ARI,mild,2026-08-17T14:45:00,lab
PS-HEB-001,Hebron,31.5326,35.0998,e3dff89ada235d59,df6df8301cc34740,5-17,ARI,mild,2026-08-17T09:10:00,ehr
PS-HEB-001,Hebron,31.5326,35.0998,e3dff89ada235d59,fe2f238d4f663149,18-49,ARI,severe,2026-08-17T11:26:00,ehr
PS-HEB-001,Hebron,31.5326,35.0998,f17af80950dde2c9,5c042c1c9578f231,50-64,ARI,mild,2026-08-17T08:11:00,ehr
PS-HEB-001,Hebron,31.5326,35.0998,e3dff89ada235d59,8d3ea3712a4f4eac,18-49,ARI,moderate,2026-08-17T20:29:00,pharmacy
PS-HEB-001,Hebron,31.5326,35.0998,f17af80950dde2c9,eec4726e98b5280e,18-49,ARI,mild,2026-08-17T18:52:00,pharmacy
PS-HEB-001,Hebron,31.5326,35.0998,7c5d3d710b7ca6a2,c6834f136992345a,18-49,ARI,mild,2026-08-17T16:34:00,ehr
PS-HEB-001,Hebron,31.5326,35.0998,f17af80950dde2c9,28602ae943f8e2f9,65+,ARI,mild,2026-08-17T10:33:00,lab
PS-HEB-001,Hebron,31.5326,35.0998,7c5d3d710b7ca6a2,9e9854de4696cec7,5-17,ARI,mild,2026-08-17T15:48:00,ehr
PS-HEB-001,Hebron,31.5326,35.0998,d3391f64b3beb0a2,8c1097d75ca58a37,18-49,ARI,mild,2026-08-17T19:52:00,pharmacy
PS-HEB-001,Hebron,31.5326,35.0998,e3dff89ada235d59,284ed7617f819b1a,18-49,ARI,mild,2026-08-17T07:44:00,ehr
PS-HEB-001,Hebron,31.5326,35.0998,7c5d3d710b7ca6a2,91b84d13811157b8,5-17,ARI,mild,2026-08-17T18:32:00,pharmacy
PS-HEB-001,Hebron,31.5326,35.0998,f17af80950dde2c9,d8928e69fb42897c,5-17,FEVER_RASH,mild,2026-08-17T09:25:00,lab
PS-HEB-001,Hebron,31.5326,35.0998,e3dff89ada235d59,3e9e983aa1ae844c,50-64,FEVER_RASH,mild,2026-08-17T16:57:00,ehr
PS-HEB-001,Hebron,31.5326,35.0998,e3dff89ada235d59,22ae8977449096b5,18-49,FEVER_RASH,mild,2026-08-17T18:41:00,ehr
PS-HEB-001,Hebron,31.5326,35.0998,e3dff89ada235d59,1a794a1d97794a5c,5-17,OTHER,mild,2026-08-17T18:50:00,ehr
PS-HEB-001,Hebron,31.5326,35.0998,e3dff89ada235d59,8a926ecc9a2ae1b6,5-17,OTHER,mild,2026-08-17T12:36:00,ehr
PS-HEB-001,Hebron,31.5326,35.0998,d3391f64b3beb0a2,21278a044af3ff75,18-49,OTHER,severe,2026-08-17T13:19:00,ehr
PS-HEB-001,Hebron,31.5326,35.0998,7c5d3d710b7ca6a2,4afbfffce90c39ca,50-64,OTHER,severe,2026-08-17T17:11:00,ehr
PS-HEB-001,Hebron,31.5326,35.0998,d3391f64b3beb0a2,945695d99d4584fb,0-4,OTHER,mild,2026-08-17T16:48:00,lab
PS-HEB-001,Hebron,31.5326,35.0998,7c5d3d710b7ca6a2,e002602cdc756e47,18-49,OTHER,mild,2026-08-17T15:51:00,ehr
PS-HEB-001,Hebron,31.5326,35.0998,f17af80950dde2c9,ac6b57d980b7eded,18-49,OTHER,mild,2026-08-17T16:42:00,pharmacy
PS-HEB-001,Hebron,31.5326,35.0998,e3dff89ada235d59,367d6a0b1e0f22e4,50-64,OTHER,mild,2026-08-17T16:00:00,pharmacy
PS-HEB-001,Hebron,31.5326,35.0998,e3dff89ada235d59,737ed22fd9304f53,0-4,OTHER,mild,2026-08-17T20:52:00,ehr
PS-HEB-001,Hebron,31.5326,35.0998,7c5d3d710b7ca6a2,a0823ad5dacf6d6f,18-49,OTHER,moderate,2026-08-17T07:09:00,ehr
PS-HEB-002,Hebron,31.545,35.087,d1fda43bf12417c4,b5d4087a53b48a46,5-17,ILI,mild,2026-08-17T08:26:00,pharmacy
PS-HEB-002,Hebron,31.545,35.087,d1fda43bf12417c4,c2fba6e56da280c8,65+,ILI,moderate,2026-08-17T16:50:00,ehr
PS-HEB-002,Hebron,31.545,35.087,3000fc3d8d01f75a,520b85213a66bf9d,5-17,ILI,moderate,2026-08-17T07:05:00,ehr
PS-HEB-002,Hebron,31.545,35.087,b828601a5432663a,a0080c021de59b75,5-17,ILI,mild,2026-08-17T19:27:00,ehr
PS-HEB-002,Hebron,31.545,35.087,9b34d36ec3c96b37,5bd6c6eddc017dbe,18-49,ILI,mild,2026-08-17T12:33:00,pharmacy
PS-HEB-002,Hebron,31.545,35.087,b828601a5432663a,10223bf453c33909,18-49,AGE,mild,2026-08-17T07:06:00,ehr
PS-HEB-002,Hebron,31.545,35.087,3000fc3d8d01f75a,6e23439aaa0edda6,5-17,AGE,mild,2026-08-17T13:38:00,pharmacy
PS-HEB-002,Hebron,31.545,35.087,d1fda43bf12417c4,fbc7fbb6f6caa15a,18-49,AGE,mild,2026-08-17T12:59:00,lab
PS-HEB-002,Hebron,31.545,35.087,d1fda43bf12417c4,62165721c92b993d,50-64,AGE,mild,2026-08-17T14:51:00,ehr
PS-HEB-002,Hebron,31.545,35.087,b828601a5432663a,5bb405ac85be90d9,18-49,ARI,mild,2026-08-17T07:29:00,pharmacy
PS-HEB-002,Hebron,31.545,35.087,b828601a5432663a,83b8468265d17d84,5-17,ARI,mild,2026-08-17T13:26:00,ehr
PS-HEB-002,Hebron,31.545,35.087,d1fda43bf12417c4,847b25552430448c,18-49,ARI,mild,2026-08-17T07:40:00,ehr
PS-HEB-002,Hebron,31.545,35.087,3000fc3d8d01f75a,9223c4905b67c337,18-49,ARI,mild,2026-08-17T11:19:00,ehr
PS-HEB-002,Hebron,31.545,35.087,b828601a5432663a,0295519087e3c8f7,50-64,ARI,mild,2026-08-17T12:25:00,ehr
PS-HEB-002,Hebron,31.545,35.087,9b34d36ec3c96b37,5de2da01fb508ae6,50-64,ARI,mild,2026-08-17T17:30:00,lab
PS-HEB-002,Hebron,31.545,35.087,9b34d36ec3c96b37,649df8469e9a9358,50-64,FEVER_RASH,mild,2026-08-17T09:40:00,ehr
PS-HEB-002,Hebron,31.545,35.087,3000fc3d8d01f75a,b2eca71922abb7c6,18-49,OTHER,mild,2026-08-17T15:19:00,pharmacy
PS-HEB-002,Hebron,31.545,35.087,3000fc3d8d01f75a,51e2a07a2d76b124,0-4,OTHER,mild,2026-08-17T17:21:00,ehr
PS-HEB-002,Hebron,31.545,35.087,d1fda43bf12417c4,d2299a9857516469,18-49,OTHER,mild,2026-08-17T12:24:00,pharmacy
PS-HEB-002,Hebron,31.545,35.087,3000fc3d8d01f75a,b63512a385c0e26e,18-49,OTHER,mild,2026-08-17T08:55:00,ehr
PS-HEB-002,Hebron,31.545,35.087,b828601a5432663a,479b23fcbf5a480c,18-49,OTHER,mild,2026-08-17T11:26:00,lab
PS-RAM-001,Ramallah,31.9038,35.2034,2c531e40a3a7ce8c,166c4f9e86a75fb0,0-4,ILI,moderate,2026-08-17T15:19:00,ehr
PS-RAM-001,Ramallah,31.9038,35.2034,4dc3b3d585035dae,7d0b3c373130d2a5,50-64,ILI,moderate,2026-08-17T08:28:00,ehr
PS-RAM-001,Ramallah,31.9038,35.2034,d4bc341fd534ad06,c6761678953fa424,18-49,ILI,mild,2026-08-17T10:21:00,ehr
PS-RAM-001,Ramallah,31.9038,35.2034,4dc3b3d585035dae,8df1d3c286f96292,50-64,ILI,moderate,2026-08-17T09:49:00,ehr
PS-RAM-001,Ramallah,31.9038,35.2034,4dc3b3d585035dae,f0acfe178d9b4751,18-49,ILI,moderate,2026-08-17T10:46:00,pharmacy
PS-RAM-001,Ramallah,31.9038,35.2034,865eea42f5c6ccea,2d583522619fe733,65+,ILI,mild,2026-08-17T08:00:00,pharmacy
PS-RAM-001,Ramallah,31.9038,35.2034,865eea42f5c6ccea,54050b1fcabc7b6b,18-49,ILI,mild,2026-08-17T20:05:00,pharmacy
PS-RAM-001,Ramallah,31.9038,35.2034,865eea42f5c6ccea,8ef9b0501c497a81,0-4,ILI,moderate,2026-08-17T19:42:00,ehr
PS-RAM-001,Ramallah,31.9038,35.2034,2c531e40a3a7ce8c,572a5bf68a163c4b,5-17,ILI,mild,2026-08-17T12:12:00,lab
PS-RAM-001,Ramallah,31.9038,35.2034,865eea42f5c6ccea,6fc5ed5f94a765df,0-4,ILI,mild,2026-08-17T17:07:00,ehr
PS-RAM-001,Ramallah,31.9038,35.2034,4dc3b3d585035dae,c5f49c4676070389,5-17,ILI,mild,2026-08-17T16:35:00,ehr
PS-RAM-001,Ramallah,31.9038,35.2034,865eea42f5c6ccea,110b38bef37bd4d7,18-49,AGE,mild,2026-08-17T11:09:00,ehr
PS-RAM-001,Ramallah,31.9038,35.2034,865eea42f5c6ccea,266e84968cdea2d0,18-49,AGE,mild,2026-08-17T16:57:00,ehr
PS-RAM-001,Ramallah,31.9038,35.2034,4dc3b3d585035dae,b5c5c725b25c1639,0-4,AGE,mild,2026-08-17T14:57:00,lab
PS-RAM-001,Ramallah,31.9038,35.2034,d4bc341fd534ad06,360ad0493687b13c,18-49,AGE,mild,2026-08-17T13:11:00,ehr
PS-RAM-001,Ramallah,31.9038,35.2034,d4bc341fd534ad06,5e9d21b708d84943,18-49,ARI,mild,2026-08-17T15:05:00,lab
PS-RAM-001,Ramallah,31.9038,35.2034,865eea42f5c6ccea,4553143835dc2765,18-49,ARI,moderate,2026-08-17T08:29:00,lab
PS-RAM-001,Ramallah,31.9038,35.2034,2c531e40a3a7ce8c,ad0b652474185420,0-4,ARI,moderate,2026-08-17T14:14:00,ehr
PS-RAM-001,Ramallah,31.9038,35.2034,2c531e40a3a7ce8c,128792c21d7caebc,18-49,ARI,mild,2026-08-17T12:25:00,ehr
PS-RAM-001,Ramallah,31.9038,35.2034,4dc3b3d585035dae,516ae3f633e55dcb,0-4,ARI,mild,2026-08-17T14:31:00,lab
PS-RAM-001,Ramallah,31.9038,35.2034,2c531e40a3a7ce8c,2c77f7b20a5ed2fd,5-17,ARI,mild,2026-08-17T14:54:00,pharmacy
PS-RAM-001,Ramallah,31.9038,35.2034,4dc3b3d585035dae,fa29dc7ee97d652b,18-49,ARI,moderate,2026-08-17T09:32:00,ehr
PS-RAM-001,Ramallah,31.9038,35.2034,4dc3b3d585035dae,4b4648d8833a9fb0,50-64,ARI,mild,2026-08-17T12:35:00,lab
PS-RAM-001,Ramallah,31.9038,35.2034,4dc3b3d585035dae,07a7a1098facdb8b,5-17,OTHER,moderate,2026-08-17T14:24:00,pharmacy
PS-RAM-001,Ramallah,31.9038,35.2034,d4bc341fd534ad06,7e57c2886a5b3141,18-49,OTHER,mild,2026-08-17T13:50:00,ehr
PS-RAM-001,Ramallah,31.9038,35.2034,4dc3b3d585035dae,54873f7a19970b1e,18-49,OTHER,moderate,2026-08-17T09:42:00,lab
PS-RAM-001,Ramallah,31.9038,35.2034,d4bc341fd534ad06,45240b5a57f3e05b,5-17,OTHER,mild,2026-08-17T08:37:00,lab
PS-RAM-001,Ramallah,31.9038,35.2034,d4bc341fd534ad06,fbe5d071c7443da3,0-4,OTHER,mild,2026-08-17T09:19:00,pharmacy
PS-RAM-001,Ramallah,31.9038,35.2034,d4bc341fd534ad06,d4ccd44fc56860b8,5-17,OTHER,mild,2026-08-17T19:52:00,ehr
PS-RAM-001,Ramallah,31.9038,35.2034,2c531e40a3a7ce8c,8d7c3643fb7fdf81,50-64,OTHER,moderate,2026-08-17T08:13:00,ehr
PS-RAM-001,Ramallah,31.9038,35.2034,2c531e40a3a7ce8c,229f6197b6da14e6,18-49,OTHER,mild,2026-08-17T19:09:00,pharmacy
PS-RAM-001,Ramallah,31.9038,35.2034,2c531e40a3a7ce8c,a74aee14269d3791,5-17,OTHER,moderate,2026-08-17T16:28:00,ehr
PS-RAM-001,Ramallah,31.9038,35.2034,865eea42f5c6ccea,f9942df4b2250432,50-64,OTHER,moderate,2026-08-17T16:50:00,ehr
PS-RAM-001,Ramallah,31.9038,35.2034,4dc3b3d585035dae,e922a1d59d3edaaa,18-49,OTHER,mild,2026-08-17T08:37:00,ehr
PS-NAB-001,Nablus,32.2211,35.2544,2e49f94506905ef7,fc26eea29c86e09d,18-49,ILI,moderate,2026-08-17T15:03:00,ehr
PS-NAB-001,Nablus,32.2211,35.2544,c9eef5119a779be2,d5062b38a1f7760b,50-64,ILI,mild,2026-08-17T08:55:00,pharmacy
PS-NAB-001,Nablus,32.2211,35.2544,c9eef5119a779be2,0cd9e8e0646250af,18-49,ILI,mild,2026-08-17T13:40:00,lab
PS-NAB-001,Nablus,32.2211,35.2544,62c116f8ada8f79a,3a702828b83fec9d,18-49,ILI,mild,2026-08-17T15:13:00,lab
PS-NAB-001,Nablus,32.2211,35.2544,c9eef5119a779be2,c386ed7c9e00efd6,50-64,ILI,mild,2026-08-17T20:59:00,ehr
PS-NAB-001,Nablus,32.2211,35.2544,2e49f94506905ef7,65046752e0309340,18-49,ILI,mild,2026-08-17T09:00:00,lab
PS-NAB-001,Nablus,32.2211,35.2544,62c116f8ada8f79a,07c48070de026ac7,0-4,ILI,mild,2026-08-17T17:27:00,lab
PS-NAB-001,Nablus,32.2211,35.2544,ce0af50d2ab5f724,1a7b65ca5295531f,18-49,ILI,mild,2026-08-17T20:29:00,lab
PS-NAB-001,Nablus,32.2211,35.2544,ce0af50d2ab5f724,f6f63eaca8509ac4,18-49,ILI,mild,2026-08-17T15:52:00,lab
PS-NAB-001,Nablus,32.2211,35.2544,ce0af50d2ab5f724,c2723fcdb0f00816,50-64,AGE,mild,2026-08-17T16:00:00,pharmacy
PS-NAB-001,Nablus,32.2211,35.2544,c9eef5119a779be2,8f63ecd8c3dffb3e,0-4,AGE,mild,2026-08-17T11:26:00,lab
PS-NAB-001,Nablus,32.2211,35.2544,2e49f94506905ef7,8dd44923ec1c913b,18-49,AGE,severe,2026-08-17T18:23:00,ehr
PS-NAB-001,Nablus,32.2211,35.2544,c9eef5119a779be2,e11125bae2592a22,18-49,AGE,mild,2026-08-17T09:46:00,pharmacy
PS-NAB-001,Nablus,32.2211,35.2544,2e49f94506905ef7,27fa72cdab9bebce,18-49,ARI,mild,2026-08-17T18:42:00,pharmacy
PS-NAB-001,Nablus,32.2211,35.2544,2e49f94506905ef7,35de72aac206867a,50-64,ARI,mild,2026-08-17T11:39:00,ehr
PS-NAB-001,Nablus,32.2211,35.2544,ce0af50d2ab5f724,e0a1f9a7e176cb80,18-49,ARI,mild,2026-08-17T14:29:00,ehr
PS-NAB-001,Nablus,32.2211,35.2544,c9eef5119a779be2,b44375d14fc1aca0,5-17,ARI,mild,2026-08-17T19:18:00,pharmacy
PS-NAB-001,Nablus,32.2211,35.2544,c9eef5119a779be2,d1ca9ec6b395df9d,0-4,ARI,mild,2026-08-17T18:19:00,ehr
PS-NAB-001,Nablus,32.2211,35.2544,c9eef5119a779be2,bc7dd56d105f255c,50-64,ARI,mild,2026-08-17T16:03:00,ehr
PS-NAB-001,Nablus,32.2211,35.2544,62c116f8ada8f79a,535169b9b16323a4,18-49,ARI,moderate,2026-08-17T14:05:00,ehr
PS-NAB-001,Nablus,32.2211,35.2544,c9eef5119a779be2,b4bea3fbf2de37f0,5-17,ARI,mild,2026-08-17T11:08:00,ehr
PS-NAB-001,Nablus,32.2211,35.2544,62c116f8ada8f79a,b9becce4ef3d9593,18-49,ARI,mild,2026-08-17T16:11:00,ehr
PS-NAB-001,Nablus,32.2211,35.2544,62c116f8ada8f79a,5a5b4566e9b66b4c,18-49,ARI,moderate,2026-08-17T11:50:00,ehr
PS-NAB-001,Nablus,32.2211,35.2544,62c116f8ada8f79a,263880db93b669e8,18-49,ARI,moderate,2026-08-17T12:05:00,lab
PS-NAB-001,Nablus,32.2211,35.2544,ce0af50d2ab5f724,75846359190202ce,5-17,FEVER_RASH,mild,2026-08-17T19:26:00,ehr
PS-NAB-001,Nablus,32.2211,35.2544,c9eef5119a779be2,1e61846b989aa2e8,0-4,FEVER_RASH,mild,2026-08-17T10:36:00,ehr
PS-NAB-001,Nablus,32.2211,35.2544,ce0af50d2ab5f724,0fa90d713628be52,18-49,JAUNDICE,moderate,2026-08-17T14:19:00,pharmacy
PS-NAB-001,Nablus,32.2211,35.2544,ce0af50d2ab5f724,93742ab5e86887d1,18-49,JAUNDICE,mild,2026-08-17T10:24:00,lab
PS-NAB-001,Nablus,32.2211,35.2544,ce0af50d2ab5f724,08a5f0fdf93b82e9,5-17,MENINGITIS_LIKE,mild,2026-08-17T07:18:00,pharmacy
PS-NAB-001,Nablus,32.2211,35.2544,c9eef5119a779be2,4a03372cc6334f78,65+,OTHER,mild,2026-08-17T15:40:00,ehr
PS-NAB-001,Nablus,32.2211,35.2544,c9eef5119a779be2,0634f938c833e253,50-64,OTHER,mild,2026-08-17T12:17:00,pharmacy
PS-NAB-001,Nablus,32.2211,35.2544,62c116f8ada8f79a,04dec82caf73fb84,18-49,OTHER,mild,2026-08-17T13:29:00,ehr
PS-NAB-001,Nablus,32.2211,35.2544,62c116f8ada8f79a,4d6f95babe0c7198,5-17,OTHER,mild,2026-08-17T15:21:00,ehr
PS-NAB-001,Nablus,32.2211,35.2544,2e49f94506905ef7,c16b69cdf25b7721,18-49,OTHER,mild,2026-08-17T20:04:00,lab
PS-NAB-001,Nablus,32.2211,35.2544,c9eef5119a779be2,920cbf191f1644b4,5-17,OTHER,mild,2026-08-17T12:14:00,pharmacy
PS-NAB-001,Nablus,32.2211,35.2544,62c116f8ada8f79a,126b9f0b1a728bbe,65+,OTHER,mild,2026-08-17T08:03:00,ehr
PS-BET-001,Bethlehem,31.7054,35.2024,0a12ccb2fb499cd0,c2baa7bef86cf84c,50-64,ILI,mild,2026-08-17T13:42:00,ehr
PS-BET-001,Bethlehem,31.7054,35.2024,c1a0ab6562099869,ee74469db38cc7d4,18-49,ILI,moderate,2026-08-17T11:29:00,ehr
PS-BET-001,Bethlehem,31.7054,35.2024,2ee779d7897ae9a5,e9894913a3ffed4e,5-17,ILI,moderate,2026-08-17T19:27:00,ehr
PS-BET-001,Bethlehem,31.7054,35.2024,53365b5018ccb30a,19970f3e063bd54b,18-49,ILI,severe,2026-08-17T19:03:00,ehr
PS-BET-001,Bethlehem,31.7054,35.2024,0a12ccb2fb499cd0,1bb45904310bc5ee,18-49,ILI,mild,2026-08-17T20:16:00,ehr
PS-BET-001,Bethlehem,31.7054,35.2024,0a12ccb2fb499cd0,8160d3e5ed68fd6d,18-49,ILI,mild,2026-08-17T16:25:00,pharmacy
PS-BET-001,Bethlehem,31.7054,35.2024,0a12ccb2fb499cd0,971accf8e63094dc,18-49,ILI,mild,2026-08-17T19:27:00,lab
PS-BET-001,Bethlehem,31.7054,35.2024,c1a0ab6562099869,274483c4f5912b34,0-4,AGE,mild,2026-08-17T18:16:00,ehr
PS-BET-001,Bethlehem,31.7054,35.2024,c1a0ab6562099869,ec26148d65420957,50-64,AGE,mild,2026-08-17T19:28:00,ehr
PS-BET-001,Bethlehem,31.7054,35.2024,53365b5018ccb30a,88721e308c0e10c2,5-17,AGE,moderate,2026-08-17T07:42:00,lab
PS-BET-001,Bethlehem,31.7054,35.2024,53365b5018ccb30a,c491c36a3478f4d7,18-49,AGE,mild,2026-08-17T16:00:00,ehr
PS-BET-001,Bethlehem,31.7054,35.2024,53365b5018ccb30a,a421dc596e089ff7,0-4,ARI,mild,2026-08-17T18:52:00,ehr
PS-BET-001,Bethlehem,31.7054,35.2024,2ee779d7897ae9a5,425cf81991dfb355,18-49,ARI,mild,2026-08-17T12:43:00,ehr
PS-BET-001,Bethlehem,31.7054,35.2024,2ee779d7897ae9a5,105f3d1c2f8f6497,0-4,ARI,mild,2026-08-17T12:34:00,ehr
PS-BET-001,Bethlehem,31.7054,35.2024,0a12ccb2fb499cd0,e84213db00caa6b7,18-49,ARI,severe,2026-08-17T17:12:00,ehr
PS-BET-001,Bethlehem,31.7054,35.2024,53365b5018ccb30a,72311722af4418f7,18-49,OTHER,mild,2026-08-17T14:05:00,ehr
PS-BET-001,Bethlehem,31.7054,35.2024,0a12ccb2fb499cd0,47f6a4ba39742498,18-49,OTHER,mild,2026-08-17T07:46:00,pharmacy
PS-BET-001,Bethlehem,31.7054,35.2024,53365b5018ccb30a,93459464189a7460,18-49,OTHER,moderate,2026-08-17T17:19:00,lab
PS-BET-001,Bethlehem,31.7054,35.2024,2ee779d7897ae9a5,b2027d49b5599248,0-4,OTHER,moderate,2026-08-17T07:02:00,ehr
PS-BET-001,Bethlehem,31.7054,35.2024,0a12ccb2fb499cd0,58b160829f1d96b7,50-64,OTHER,mild,2026-08-17T13:07:00,lab
PS-BET-001,Bethlehem,31.7054,35.2024,0a12ccb2fb499cd0,fc3d0e880fbcd951,18-49,OTHER,mild,2026-08-17T17:55:00,ehr
PS-BET-001,Bethlehem,31.7054,35.2024,0a12ccb2fb499cd0,85df32d23ab42ea1,18-49,OTHER,mild,2026-08-17T07:47:00,pharmacy
PS-JEN-001,Jenin,32.4597,35.2951,0747c175e69e0dff,3e479841cd605036,18-49,ILI,moderate,2026-08-17T09:00:00,ehr
PS-JEN-001,Jenin,32.4597,35.2951,0747c175e69e0dff,3e1669c091315d10,50-64,ILI,mild,2026-08-17T14:39:00,ehr
PS-JEN-001,Jenin,32.4597,35.2951,0747c175e69e0dff,2b98b97b666e1791,0-4,ILI,mild,2026-08-17T08:31:00,ehr
PS-JEN-001,Jenin,32.4597,35.2951,d723f8382af3d058,6c81ffd49f9eba5c,5-17,ILI,severe,2026-08-17T19:53:00,pharmacy
PS-JEN-001,Jenin,32.4597,35.2951,c0d662d41ad4a594,e801c9a04f302737,50-64,ILI,moderate,2026-08-17T15:08:00,ehr
PS-JEN-001,Jenin,32.4597,35.2951,c0d662d41ad4a594,9be5e20c1e463465,0-4,ILI,mild,2026-08-17T16:11:00,lab
PS-JEN-001,Jenin,32.4597,35.2951,c0d662d41ad4a594,62c648d5656d83ac,18-49,ILI,mild,2026-08-17T09:44:00,pharmacy
PS-JEN-001,Jenin,32.4597,35.2951,02322af968c6062f,19aeb890b979c709,50-64,ILI,mild,2026-08-17T07:08:00,lab
PS-JEN-001,Jenin,32.4597,35.2951,02322af968c6062f,7e5fe2c0d3cd28a2,50-64,AGE,mild,2026-08-17T19:10:00,ehr
PS-JEN-001,Jenin,32.4597,35.2951,02322af968c6062f,009d54cbc3f8fee4,18-49,AGE,mild,2026-08-17T09:59:00,ehr
PS-JEN-001,Jenin,32.4597,35.2951,d723f8382af3d058,966ec955fcab985e,18-49,AGE,mild,2026-08-17T13:44:00,ehr
PS-JEN-001,Jenin,32.4597,35.2951,02322af968c6062f,1f137d7cdb867d74,18-49,ARI,moderate,2026-08-17T09:39:00,pharmacy
PS-JEN-001,Jenin,32.4597,35.2951,c0d662d41ad4a594,d8343278a7582f34,5-17,ARI,mild,2026-08-17T08:40:00,ehr
PS-JEN-001,Jenin,32.4597,35.2951,c0d662d41ad4a594,0e9137eea1614c0b,50-64,JAUNDICE,severe,2026-08-17T08:39:00,pharmacy
PS-JEN-001,Jenin,32.4597,35.2951,0747c175e69e0dff,80f8a07a4eebd9c3,5-17,MENINGITIS_LIKE,mild,2026-08-17T10:29:00,ehr
PS-JEN-001,Jenin,32.4597,35.2951,d723f8382af3d058,01b07255974c1a6c,18-49,MENINGITIS_LIKE,mild,2026-08-17T17:54:00,ehr
PS-JEN-001,Jenin,32.4597,35.2951,c0d662d41ad4a594,03017a6cfc269908,5-17,OTHER,moderate,2026-08-17T10:27:00,lab
PS-JEN-001,Jenin,32.4597,35.2951,02322af968c6062f,c07d268bf12404ac,65+,OTHER,mild,2026-08-17T07:06:00,ehr
PS-JEN-001,Jenin,32.4597,35.2951,02322af968c6062f,7e6ea2b7cec24de2,0-4,OTHER,mild,2026-08-17T14:32:00,lab
PS-JEN-001,Jenin,32.4597,35.2951,c0d662d41ad4a594,49e07ba114862884,18-49,OTHER,moderate,2026-08-17T16:37:00,ehr
PS-JEN-001,Jenin,32.4597,35.2951,02322af968c6062f,8cdb5e9b1eebfb74,5-17,OTHER,mild,2026-08-17T10:49:00,lab
PS-HEB-001,Hebron,31.5326,35.0998,f17af80950dde2c9,8c4b1842dce89d83,18-49,ILI,mild,2026-08-18T10:04:00,lab
PS-HEB-001,Hebron,31.5326,35.0998,f17af80950dde2c9,0b4753ce9ff65b6d,5-17,ILI,mild,2026-08-18T09:13:00,lab
PS-HEB-001,Hebron,31.5326,35.0998,d3391f64b3beb0a2,29946a4b2a91eb0c,65+,ILI,mild,2026-08-18T18:12:00,ehr
PS-HEB-001,Hebron,31.5326,35.0998,7c5d3d710b7ca6a2,16dc1daf968ee6a6,5-17,ILI,mild,2026-08-18T07:44:00,lab
PS-HEB-001,Hebron,31.5326,35.0998,e3dff89ada235d59,c551e35501d5f911,18-49,ILI,mild,2026-08-18T14:26:00,ehr
PS-HEB-001,Hebron,31.5326,35.0998,e3dff89ada235d59,9e8906cf6b9003c1,18-49,ILI,mild,2026-08-18T16:10:00,ehr
PS-HEB-001,Hebron,31.5326,35.0998,f17af80950dde2c9,58f9bbdbe6a9a9fb,50-64,ILI,mild,2026-08-18T08:26:00,lab
PS-HEB-001,Hebron,31.5326,35.0998,d3391f64b3beb0a2,8362c93493499e27,0-4,ILI,mild,2026-08-18T20:29:00,ehr
PS-HEB-001,Hebron,31.5326,35.0998,f17af80950dde2c9,9084e440611f6108,18-49,ILI,moderate,2026-08-18T10:20:00,pharmacy
PS-HEB-001,Hebron,31.5326,35.0998,7c5d3d710b7ca6a2,e59a9e2c8e6b53ae,18-49,ILI,mild,2026-08-18T09:58:00,lab
PS-HEB-001,Hebron,31.5326,35.0998,7c5d3d710b7ca6a2,d1658c45733af2f9,18-49,AGE,mild,2026-08-18T18:49:00,ehr
PS-HEB-001,Hebron,31.5326,35.0998,e3dff89ada235d59,79862adc4fda602f,0-4,AGE,moderate,2026-08-18T14:31:00,lab
PS-HEB-001,Hebron,31.5326,35.0998,d3391f64b3beb0a2,e8230da6b0307be8,5-17,AGE,mild,2026-08-18T10:08:00,ehr
PS-HEB-001,Hebron,31.5326,35.0998,f17af80950dde2c9,84fc6dad2220bb60,50-64,ARI,moderate,2026-08-18T09:45:00,ehr
PS-HEB-001,Hebron,31.5326,35.0998,e3dff89ada235d59,36a80367e1afd548,50-64,ARI,mild,2026-08-18T14:29:00,ehr
PS-HEB-001,Hebron,31.5326,35.0998,7c5d3d710b7ca6a2,3df1df112bf0cab1,50-64,ARI,mild,2026-08-18T17:29:00,ehr
PS-HEB-001,Hebron,31.5326,35.0998,d3391f64b3beb0a2,d05a500a18671e28,18-49,ARI,mild,2026-08-18T15:02:00,pharmacy
PS-HEB-001,Hebron,31.5326,35.0998,e3dff89ada235d59,8c9c4898a9d0cc1a,50-64,ARI,mild,2026-08-18T15:36:00,ehr
PS-HEB-001,Hebron,31.5326,35.0998,7c5d3d710b7ca6a2,0d1bac857ce6a768,18-49,ARI,moderate,2026-08-18T18:59:00,ehr
PS-HEB-001,Hebron,31.5326,35.0998,f17af80950dde2c9,3cfdafd1b1fbe6f0,5-17,ARI,mild,2026-08-18T07:07:00,ehr
PS-HEB-001,Hebron,31.5326,35.0998,7c5d3d710b7ca6a2,6212d84bdb87696d,18-49,ARI,moderate,2026-08-18T12:11:00,ehr
PS-HEB-001,Hebron,31.5326,35.0998,7c5d3d710b7ca6a2,f9a01813b43a5e37,18-49,ARI,moderate,2026-08-18T12:15:00,pharmacy
PS-HEB-001,Hebron,31.5326,35.0998,e3dff89ada235d59,0aef7bda723d6404,18-49,ARI,moderate,2026-08-18T20:44:00,ehr
PS-HEB-001,Hebron,31.5326,35.0998,d3391f64b3beb0a2,aae5eef315ab3c9f,18-49,ARI,mild,2026-08-18T12:57:00,ehr
PS-HEB-001,Hebron,31.5326,35.0998,d3391f64b3beb0a2,6fc608950da0defa,18-49,ARI,mild,2026-08-18T08:23:00,ehr
PS-HEB-001,Hebron,31.5326,35.0998,d3391f64b3beb0a2,6ce8edcda5a194d0,18-49,ARI,mild,2026-08-18T14:45:00,ehr
PS-HEB-001,Hebron,31.5326,35.0998,f17af80950dde2c9,6087c16eefcfeca3,0-4,FEVER_RASH,mild,2026-08-18T10:57:00,ehr
PS-HEB-001,Hebron,31.5326,35.0998,d3391f64b3beb0a2,0f73a1968bda7fe5,0-4,MENINGITIS_LIKE,mild,2026-08-18T08:10:00,ehr
PS-HEB-001,Hebron,31.5326,35.0998,7c5d3d710b7ca6a2,6ebbbc98b4d0a42b,5-17,MENINGITIS_LIKE,severe,2026-08-18T20:13:00,pharmacy
PS-HEB-001,Hebron,31.5326,35.0998,7c5d3d710b7ca6a2,51261b37796b1bd3,5-17,OTHER,mild,2026-08-18T13:28:00,ehr
PS-HEB-001,Hebron,31.5326,35.0998,d3391f64b3beb0a2,86a83d5f532b3103,18-49,OTHER,mild,2026-08-18T20:33:00,ehr
PS-HEB-001,Hebron,31.5326,35.0998,f17af80950dde2c9,27485830cc1b5d27,18-49,OTHER,mild,2026-08-18T14:37:00,ehr
PS-HEB-001,Hebron,31.5326,35.0998,d3391f64b3beb0a2,11c2762cac4ae1af,5-17,OTHER,mild,2026-08-18T09:50:00,ehr
PS-HEB-001,Hebron,31.5326,35.0998,7c5d3d710b7ca6a2,9df9d50a644563ef,0-4,OTHER,mild,2026-08-18T19:54:00,ehr
PS-HEB-001,Hebron,31.5326,35.0998,e3dff89ada235d59,0c478bc3af061980,18-49,OTHER,mild,2026-08-18T16:59:00,ehr
PS-HEB-001,Hebron,31.5326,35.0998,e3dff89ada235d59,b3f6b40c2880c30f,5-17,OTHER,mild,2026-08-18T20:45:00,ehr
PS-HEB-002,Hebron,31.545,35.087,d1fda43bf12417c4,e17f039c230ee40a,18-49,ILI,mild,2026-08-18T12:11:00,ehr
PS-HEB-002,Hebron,31.545,35.087,3000fc3d8d01f75a,5276c97e1e3c759a,18-49,ILI,severe,2026-08-18T12:09:00,pharmacy
PS-HEB-002,Hebron,31.545,35.087,b828601a5432663a,7251a339156ed2c0,18-49,ILI,mild,2026-08-18T11:07:00,ehr
PS-HEB-002,Hebron,31.545,35.087,3000fc3d8d01f75a,d00800546be29e59,5-17,AGE,severe,2026-08-18T14:59:00,pharmacy
PS-HEB-002,Hebron,31.545,35.087,3000fc3d8d01f75a,c91b4b7a3cb5650e,18-49,AGE,mild,2026-08-18T15:21:00,pharmacy
PS-HEB-002,Hebron,31.545,35.087,9b34d36ec3c96b37,ccfe594f04d4a1fe,5-17,ARI,mild,2026-08-18T18:58:00,lab
PS-HEB-002,Hebron,31.545,35.087,b828601a5432663a,0f2b2a8b8ed01a6e,5-17,ARI,mild,2026-08-18T07:08:00,ehr
PS-HEB-002,Hebron,31.545,35.087,b828601a5432663a,adcffa284df29fae,5-17,ARI,mild,2026-08-18T14:22:00,ehr
PS-HEB-002,Hebron,31.545,35.087,d1fda43bf12417c4,6b20a1eba54d5c5f,50-64,ARI,moderate,2026-08-18T16:33:00,ehr
PS-HEB-002,Hebron,31.545,35.087,b828601a5432663a,5160451bb4aa0420,65+,JAUNDICE,mild,2026-08-18T14:43:00,lab
PS-HEB-002,Hebron,31.545,35.087,3000fc3d8d01f75a,7b1fd3f7001ee669,18-49,OTHER,moderate,2026-08-18T07:58:00,lab
PS-HEB-002,Hebron,31.545,35.087,3000fc3d8d01f75a,bea4a2058e6be8e8,0-4,OTHER,mild,2026-08-18T12:24:00,ehr
PS-HEB-002,Hebron,31.545,35.087,b828601a5432663a,56100a8c5c634016,5-17,OTHER,moderate,2026-08-18T14:55:00,lab
PS-HEB-002,Hebron,31.545,35.087,3000fc3d8d01f75a,261644ded51e506a,5-17,OTHER,moderate,2026-08-18T19:28:00,lab
PS-HEB-002,Hebron,31.545,35.087,9b34d36ec3c96b37,d15200fda723d373,0-4,OTHER,mild,2026-08-18T18:57:00,ehr
PS-HEB-002,Hebron,31.545,35.087,3000fc3d8d01f75a,12cc6e031dc47f3a,18-49,OTHER,moderate,2026-08-18T09:13:00,ehr
PS-HEB-002,Hebron,31.545,35.087,9b34d36ec3c96b37,8dfe82c7ee33cf2a,0-4,OTHER,mild,2026-08-18T08:59:00,ehr
PS-HEB-002,Hebron,31.545,35.087,9b34d36ec3c96b37,2e2d54992dd4543b,18-49,OTHER,moderate,2026-08-18T13:11:00,ehr
PS-HEB-002,Hebron,31.545,35.087,9b34d36ec3c96b37,7552922c5281f253,5-17,OTHER,mild,2026-08-18T10:11:00,ehr
PS-RAM-001,Ramallah,31.9038,35.2034,d4bc341fd534ad06,74d9e77a952736cc,5-17,ILI,moderate,2026-08-18T15:47:00,ehr
PS-RAM-001,Ramallah,31.9038,35.2034,d4bc341fd534ad06,700f550ab8695992,0-4,ILI,mild,2026-08-18T11:19:00,ehr
PS-RAM-001,Ramallah,31.9038,35.2034,d4bc341fd534ad06,fe94d102f2f62536,50-64,ILI,mild,2026-08-18T13:11:00,ehr
PS-RAM-001,Ramallah,31.9038,35.2034,865eea42f5c6ccea,51e729231c8f59ae,18-49,ILI,severe,2026-08-18T08:48:00,pharmacy
PS-RAM-001,Ramallah,31.9038,35.2034,d4bc341fd534ad06,1bad7fae6191ca90,18-49,ILI,moderate,2026-08-18T18:23:00,lab
PS-RAM-001,Ramallah,31.9038,35.2034,4dc3b3d585035dae,d7b7b7e4e3b45ce8,5-17,ILI,moderate,2026-08-18T18:52:00,ehr
PS-RAM-001,Ramallah,31.9038,35.2034,2c531e40a3a7ce8c,9059a95d250e5d05,18-49,ILI,mild,2026-08-18T20:16:00,lab
PS-RAM-001,Ramallah,31.9038,35.2034,865eea42f5c6ccea,1b455fe2b9818ae1,5-17,ILI,mild,2026-08-18T18:08:00,lab
PS-RAM-001,Ramallah,31.9038,35.2034,865eea42f5c6ccea,a36bf34c34271f57,0-4,ILI,mild,2026-08-18T17:58:00,ehr
PS-RAM-001,Ramallah,31.9038,35.2034,2c531e40a3a7ce8c,7f94a19505274d2f,18-49,ILI,mild,2026-08-18T15:12:00,ehr
PS-RAM-001,Ramallah,31.9038,35.2034,865eea42f5c6ccea,e51bda2eefb59212,50-64,ILI,mild,2026-08-18T15:20:00,ehr
PS-RAM-001,Ramallah,31.9038,35.2034,865eea42f5c6ccea,150218f51f0815c9,0-4,AGE,mild,2026-08-18T11:43:00,ehr
PS-RAM-001,Ramallah,31.9038,35.2034,865eea42f5c6ccea,1f035f8808cd8921,5-17,AGE,mild,2026-08-18T07:08:00,ehr
PS-RAM-001,Ramallah,31.9038,35.2034,2c531e40a3a7ce8c,77ecff4d803ede40,5-17,AGE,mild,2026-08-18T09:06:00,ehr
PS-RAM-001,Ramallah,31.9038,35.2034,4dc3b3d585035dae,950bb3a1539ab3b2,18-49,AGE,moderate,2026-08-18T19:57:00,ehr
PS-RAM-001,Ramallah,31.9038,35.2034,865eea42f5c6ccea,4e284d370989a73e,18-49,ARI,mild,2026-08-18T14:22:00,lab
PS-RAM-001,Ramallah,31.9038,35.2034,865eea42f5c6ccea,d67dac4a3a004a67,5-17,ARI,mild,2026-08-18T16:33:00,ehr
PS-RAM-001,Ramallah,31.9038,35.2034,2c531e40a3a7ce8c,49f7bc3181dc3cac,18-49,ARI,mild,2026-08-18T10:08:00,ehr
PS-RAM-001,Ramallah,31.9038,35.2034,d4bc341fd534ad06,be5566511e1e4807,18-49,ARI,moderate,2026-08-18T09:05:00,ehr
PS-RAM-001,Ramallah,31.9038,35.2034,d4bc341fd534ad06,65ae64ca00f65565,18-49,ARI,mild,2026-08-18T07:49:00,ehr
PS-RAM-001,Ramallah,31.9038,35.2034,4dc3b3d585035dae,864d3d6cf41db8d3,18-49,ARI,moderate,2026-08-18T07:50:00,ehr
PS-RAM-001,Ramallah,31.9038,35.2034,4dc3b3d585035dae,2c9fbe8d56086a87,18-49,ARI,moderate,2026-08-18T08:19:00,pharmacy
PS-RAM-001,Ramallah,31.9038,35.2034,2c531e40a3a7ce8c,0bc77c3118d34721,5-17,ARI,mild,2026-08-18T10:37:00,ehr
PS-RAM-001,Ramallah,31.9038,35.2034,865eea42f5c6ccea,aed9369fc32ec088,65+,ARI,mild,2026-08-18T09:54:00,ehr
PS-RAM-001,Ramallah,31.9038,35.2034,2c531e40a3a7ce8c,25aceeb3f502f1e5,18-49,ARI,mild,2026-08-18T20:32:00,pharmacy
PS-RAM-001,Ramallah,31.9038,35.2034,2c531e40a3a7ce8c,0bc2aefcc8c3fb76,18-49,ARI,severe,2026-08-18T19:00:00,ehr
PS-RAM-001,Ramallah,31.9038,35.2034,4dc3b3d585035dae,ad3934d714afbd0a,65+,ARI,mild,2026-08-18T19:34:00,ehr
PS-RAM-001,Ramallah,31.9038,35.2034,d4bc341fd534ad06,de47085a77231fe6,5-17,ARI,mild,2026-08-18T15:54:00,lab
PS-RAM-001,Ramallah,31.9038,35.2034,2c531e40a3a7ce8c,1f920203c0ce8df4,18-49,OTHER,moderate,2026-08-18T13:13:00,ehr
PS-RAM-001,Ramallah,31.9038,35.2034,4dc3b3d585035dae,5484b913d99e6101,18-49,OTHER,mild,2026-08-18T08:29:00,ehr
PS-NAB-001,Nablus,32.2211,35.2544,c9eef5119a779be2,369eb17f190c17a6,18-49,ILI,mild,2026-08-18T07:05:00,lab
PS-NAB-001,Nablus,32.2211,35.2544,c9eef5119a779be2,422676b9135ba2ca,18-49,ILI,moderate,2026-08-18T16:47:00,ehr
PS-NAB-001,Nablus,32.2211,35.2544,c9eef5119a779be2,227a9ec81b77b017,65+,ILI,mild,2026-08-18T15:26:00,ehr
PS-NAB-001,Nablus,32.2211,35.2544,ce0af50d2ab5f724,ac3386c82019cf8c,65+,ILI,mild,2026-08-18T20:51:00,ehr
PS-NAB-001,Nablus,32.2211,35.2544,2e49f94506905ef7,e1650e96c7d01acc,18-49,ILI,mild,2026-08-18T17:31:00,ehr
PS-NAB-001,Nablus,32.2211,35.2544,ce0af50d2ab5f724,3b23eebf577c3f0e,18-49,ILI,mild,2026-08-18T08:09:00,ehr
PS-NAB-001,Nablus,32.2211,35.2544,62c116f8ada8f79a,21b6a2be335834cf,0-4,ILI,severe,2026-08-18T18:59:00,ehr
PS-NAB-001,Nablus,32.2211,35.2544,ce0af50d2ab5f724,4277381b1cf87db2,0-4,AGE,moderate,2026-08-18T10:38:00,lab
PS-NAB-001,Nablus,32.2211,35.2544,c9eef5119a779be2,c5049e6d4d067145,18-49,AGE,moderate,2026-08-18T11:48:00,lab
PS-NAB-001,Nablus,32.2211,35.2544,c9eef5119a779be2,1a39d92d16f00f49,0-4,ARI,mild,2026-08-18T13:31:00,ehr
PS-NAB-001,Nablus,32.2211,35.2544,ce0af50d2ab5f724,e43f9597993bf4cc,5-17,ARI,moderate,2026-08-18T11:31:00,ehr
PS-NAB-001,Nablus,32.2211,35.2544,2e49f94506905ef7,07dee5881f57cce5,50-64,ARI,mild,2026-08-18T08:47:00,ehr
PS-NAB-001,Nablus,32.2211,35.2544,c9eef5119a779be2,38aaa7d408e69928,0-4,ARI,mild,2026-08-18T09:24:00,ehr
PS-NAB-001,Nablus,32.2211,35.2544,ce0af50d2ab5f724,a288b6c161e6304c,50-64,ARI,mild,2026-08-18T19:04:00,lab
PS-NAB-001,Nablus,32.2211,35.2544,c9eef5119a779be2,a073ac00a041b5db,18-49,ARI,moderate,2026-08-18T14:32:00,pharmacy
PS-NAB-001,Nablus,32.2211,35.2544,2e49f94506905ef7,d5c32efe2032aa18,65+,FEVER_RASH,moderate,2026-08-18T15:01:00,ehr
PS-NAB-001,Nablus,32.2211,35.2544,c9eef5119a779be2,a8b831845b8ba43b,50-64,FEVER_RASH,mild,2026-08-18T13:28:00,ehr
PS-NAB-001,Nablus,32.2211,35.2544,c9eef5119a779be2,95b7208416c9a7e3,50-64,FEVER_RASH,mild,2026-08-18T07:11:00,lab
PS-NAB-001,Nablus,32.2211,35.2544,2e49f94506905ef7,f3198074c6cc9f50,18-49,JAUNDICE,mild,2026-08-18T14:48:00,pharmacy
PS-NAB-001,Nablus,32.2211,35.2544,ce0af50d2ab5f724,2aeeb012c8c2f4a7,18-49,JAUNDICE,moderate,2026-08-18T17:34:00,pharmacy
PS-NAB-001,Nablus,32.2211,35.2544,c9eef5119a779be2,d292f05f33842aa4,18-49,MENINGITIS_LIKE,severe,2026-08-18T07:25:00,pharmacy
PS-NAB-001,Nablus,32.2211,35.2544,2e49f94506905ef7,751d0b870d02d204,0-4,OTHER,mild,2026-08-18T11:20:00,ehr
PS-NAB-001,Nablus,32.2211,35.2544,2e49f94506905ef7,49e76edb8589ad10,18-49,OTHER,mild,2026-08-18T12:51:00,lab
PS-NAB-001,Nablus,32.2211,35.2544,c9eef5119a779be2,c4e70f603b2660a8,65+,OTHER,mild,2026-08-18T08:27:00,ehr
PS-NAB-001,Nablus,32.2211,35.2544,62c116f8ada8f79a,9742392d090978d4,5-17,OTHER,mild,2026-08-18T17:15:00,ehr
PS-BET-001,Bethlehem,31.7054,35.2024,2ee779d7897ae9a5,8c811c24c00b9a65,5-17,ILI,mild,2026-08-18T11:07:00,ehr
PS-BET-001,Bethlehem,31.7054,35.2024,53365b5018ccb30a,358e0e47c625a5e6,18-49,ILI,moderate,2026-08-18T14:42:00,ehr
PS-BET-001,Bethlehem,31.7054,35.2024,53365b5018ccb30a,e22071256d6a96fd,18-49,ILI,severe,2026-08-18T07:44:00,lab
PS-BET-001,Bethlehem,31.7054,35.2024,2ee779d7897ae9a5,a6b428e9a75d2252,18-49,ILI,moderate,2026-08-18T16:24:00,ehr
PS-BET-001,Bethlehem,31.7054,35.2024,0a12ccb2fb499cd0,5d1d01d0d1791c3d,5-17,ILI,mild,2026-08-18T18:43:00,ehr
PS-BET-001,Bethlehem,31.7054,35.2024,2ee779d7897ae9a5,b7080cdc4a736bbe,5-17,AGE,mild,2026-08-18T09:39:00,lab
PS-BET-001,Bethlehem,31.7054,35.2024,c1a0ab6562099869,a9f10e8dfe3c6b5c,50-64,AGE,mild,2026-08-18T17:54:00,ehr
PS-BET-001,Bethlehem,31.7054,35.2024,0a12ccb2fb499cd0,676ee41c7f171172,18-49,ARI,severe,2026-08-18T16:25:00,pharmacy
PS-BET-001,Bethlehem,31.7054,35.2024,2ee779d7897ae9a5,8b1a45d47246d17d,5-17,ARI,mild,2026-08-18T08:37:00,pharmacy
PS-BET-001,Bethlehem,31.7054,35.2024,0a12ccb2fb499cd0,49881ad0d2297d86,5-17,ARI,mild,2026-08-18T14:27:00,ehr
PS-BET-001,Bethlehem,31.7054,35.2024,2ee779d7897ae9a5,8bcaf94142ea5a96,18-49,ARI,mild,2026-08-18T15:51:00,ehr
PS-BET-001,Bethlehem,31.7054,35.2024,2ee779d7897ae9a5,a6e689aeacca7567,18-49,FEVER_RASH,mild,2026-08-18T13:25:00,pharmacy
PS-JEN-001,Jenin,32.4597,35.2951,d723f8382af3d058,a770b44262870268,5-17,ILI,mild,2026-08-18T20:47:00,pharmacy
PS-JEN-001,Jenin,32.4597,35.2951,d723f8382af3d058,854f6f8c16e71e36,65+,ILI,moderate,2026-08-18T20:49:00,ehr
PS-JEN-001,Jenin,32.4597,35.2951,c0d662d41ad4a594,6f0c0a2335433e49,18-49,ILI,mild,2026-08-18T15:12:00,ehr
PS-JEN-001,Jenin,32.4597,35.2951,d723f8382af3d058,4c067ba0ce74f89c,5-17,AGE,moderate,2026-08-18T20:27:00,ehr
PS-JEN-001,Jenin,32.4597,35.2951,d723f8382af3d058,76c9b66aff6823c8,5-17,AGE,mild,2026-08-18T17:13:00,ehr
PS-JEN-001,Jenin,32.4597,35.2951,02322af968c6062f,46a379217c17ecfa,0-4,ARI,mild,2026-08-18T13:15:00,ehr
PS-JEN-001,Jenin,32.4597,35.2951,d723f8382af3d058,00899cae5105bb92,18-49,ARI,moderate,2026-08-18T14:31:00,ehr
PS-JEN-001,Jenin,32.4597,35.2951,0747c175e69e0dff,a50e277790dfe686,0-4,ARI,moderate,2026-08-18T09:17:00,ehr
PS-JEN-001,Jenin,32.4597,35.2951,0747c175e69e0dff,25e02d594ad9a1c3,18-49,ARI,mild,2026-08-18T17:35:00,lab
PS-JEN-001,Jenin,32.4597,35.2951,02322af968c6062f,e4b8265da66b5b24,50-64,FEVER_RASH,mild,2026-08-18T19:01:00,pharmacy
PS-JEN-001,Jenin,32.4597,35.2951,02322af968c6062f,f3354d5f7be34258,50-64,FEVER_RASH,mild,2026-08-18T11:55:00,ehr
PS-JEN-001,Jenin,32.4597,35.2951,0747c175e69e0dff,6fafe31b179e88e6,0-4,OTHER,moderate,2026-08-18T20:08:00,ehr
PS-JEN-001,Jenin,32.4597,35.2951,c0d662d41ad4a594,f66b1fc11c2f16a4,18-49,OTHER,mild,2026-08-18T15:42:00,pharmacy
PS-JEN-001,Jenin,32.4597,35.2951,c0d662d41ad4a594,d1916fd2d4f76e94,5-17,OTHER,mild,2026-08-18T08:49:00,lab
PS-JEN-001,Jenin,32.4597,35.2951,0747c175e69e0dff,69dd418d67a1fca7,65+,OTHER,mild,2026-08-18T19:47:00,ehr
PS-JEN-001,Jenin,32.4597,35.2951,c0d662d41ad4a594,da3cff1790cb5d15,18-49,OTHER,mild,2026-08-18T09:13:00,pharmacy
PS-JEN-001,Jenin,32.4597,35.2951,c0d662d41ad4a594,1cbf08e01fbb9af1,18-49,OTHER,mild,2026-08-18T07:31:00,pharmacy
PS-JEN-001,Jenin,32.4597,35.2951,0747c175e69e0dff,8c2f4eb28b858ca4,65+,OTHER,moderate,2026-08-18T13:30:00,ehr
PS-HEB-001,Hebron,31.5326,35.0998,7c5d3d710b7ca6a2,8008481c45e7c840,18-49,ILI,moderate,2026-08-19T20:19:00,ehr
PS-HEB-001,Hebron,31.5326,35.0998,7c5d3d710b7ca6a2,a73e19757f36df98,18-49,ILI,moderate,2026-08-19T20:47:00,ehr
PS-HEB-001,Hebron,31.5326,35.0998,f17af80950dde2c9,ea979e33edd51ea3,5-17,ILI,severe,2026-08-19T11:35:00,ehr
PS-HEB-001,Hebron,31.5326,35.0998,7c5d3d710b7ca6a2,d4c0d9c16c89667f,18-49,ILI,mild,2026-08-19T19:43:00,lab
PS-HEB-001,Hebron,31.5326,35.0998,f17af80950dde2c9,ccf71311ac3bd0a0,65+,ILI,moderate,2026-08-19T13:00:00,ehr
PS-HEB-001,Hebron,31.5326,35.0998,e3dff89ada235d59,92e461f9041e6806,5-17,AGE,moderate,2026-08-19T08:59:00,ehr
PS-HEB-001,Hebron,31.5326,35.0998,d3391f64b3beb0a2,f5eb1bc26d755802,50-64,AGE,moderate,2026-08-19T14:40:00,lab
PS-HEB-001,Hebron,31.5326,35.0998,d3391f64b3beb0a2,6bfc8600aa254107,50-64,AGE,moderate,2026-08-19T19:02:00,lab
PS-HEB-001,Hebron,31.5326,35.0998,f17af80950dde2c9,a632df66b9c59148,65+,AGE,mild,2026-08-19T14:47:00,lab
PS-HEB-001,Hebron,31.5326,35.0998,e3dff89ada235d59,1a21f4d2988ac85f,18-49,AGE,mild,2026-08-19T20:06:00,ehr
PS-HEB-001,Hebron,31.5326,35.0998,d3391f64b3beb0a2,1aae33da5461ad2e,18-49,AGE,mild,2026-08-19T13:38:00,ehr
PS-HEB-001,Hebron,31.5326,35.0998,e3dff89ada235d59,8821247d98007681,18-49,AGE,moderate,2026-08-19T17:41:00,ehr
PS-HEB-001,Hebron,31.5326,35.0998,e3dff89ada235d59,bd6e3c37cf89c4d0,18-49,AGE,mild,2026-08-19T07:25:00,ehr
PS-HEB-001,Hebron,31.5326,35.0998,e3dff89ada235d59,09717ab2d63dd33f,50-64,ARI,mild,2026-08-19T18:49:00,ehr
PS-HEB-001,Hebron,31.5326,35.0998,e3dff89ada235d59,191ef8326d338df0,5-17,ARI,mild,2026-08-19T14:30:00,ehr
PS-HEB-001,Hebron,31.5326,35.0998,e3dff89ada235d59,d392aaf3adf104e2,0-4,ARI,mild,2026-08-19T19:18:00,lab
PS-HEB-001,Hebron,31.5326,35.0998,e3dff89ada235d59,2c2c10d37d5425b0,0-4,ARI,mild,2026-08-19T13:53:00,pharmacy
PS-HEB-001,Hebron,31.5326,35.0998,e3dff89ada235d59,3aea86cc1130d3da,50-64,ARI,severe,2026-08-19T17:39:00,ehr
PS-HEB-001,Hebron,31.5326,35.0998,e3dff89ada235d59,c8401bfbb62679d0,0-4,ARI,mild,2026-08-19T11:44:00,pharmacy
PS-HEB-001,Hebron,31.5326,35.0998,7c5d3d710b7ca6a2,6fbc2c3d3669319c,65+,ARI,mild,2026-08-19T11:09:00,pharmacy
PS-HEB-001,Hebron,31.5326,35.0998,f17af80950dde2c9,2b4cdc531d507910,50-64,ARI,moderate,2026-08-19T08:00:00,lab
PS-HEB-001,Hebron,31.5326,35.0998,e3dff89ada235d59,bd942af654c1cda8,5-17,ARI,moderate,2026-08-19T08:14:00,ehr
PS-HEB-001,Hebron,31.5326,35.0998,f17af80950dde2c9,af6504b6ee07582a,5-17,ARI,mild,2026-08-19T11:47:00,ehr
PS-HEB-001,Hebron,31.5326,35.0998,d3391f64b3beb0a2,0d38e335f446add2,18-49,FEVER_RASH,mild,2026-08-19T16:13:00,ehr
PS-HEB-001,Hebron,31.5326,35.0998,e3dff89ada235d59,387fb2d615141a54,0-4,FEVER_RASH,severe,2026-08-19T13:50:00,ehr
PS-HEB-001,Hebron,31.5326,35.0998,7c5d3d710b7ca6a2,1c4e930054b5e793,18-49,OTHER,moderate,2026-08-19T14:05:00,lab
PS-HEB-001,Hebron,31.5326,35.0998,f17af80950dde2c9,c87bafa9985d5a49,18-49,OTHER,moderate,2026-08-19T17:13:00,ehr
PS-HEB-001,Hebron,31.5326,35.0998,7c5d3d710b7ca6a2,3f3a8bd722985c55,0-4,OTHER,moderate,2026-08-19T08:06:00,lab
PS-HEB-001,Hebron,31.5326,35.0998,7c5d3d710b7ca6a2,2cccf12c0a19a5ef,0-4,OTHER,mild,2026-08-19T12:38:00,lab
PS-HEB-001,Hebron,31.5326,35.0998,d3391f64b3beb0a2,422e33f7b1538450,0-4,OTHER,moderate,2026-08-19T11:25:00,ehr
PS-HEB-001,Hebron,31.5326,35.0998,d3391f64b3beb0a2,c87583a9e136aa95,5-17,OTHER,mild,2026-08-19T16:11:00,ehr
PS-HEB-001,Hebron,31.5326,35.0998,7c5d3d710b7ca6a2,53fd34648b5eb999,5-17,OTHER,mild,2026-08-19T14:08:00,ehr
PS-HEB-001,Hebron,31.5326,35.0998,d3391f64b3beb0a2,f234a6f946fa6ae2,0-4,OTHER,mild,2026-08-19T11:07:00,ehr
PS-HEB-001,Hebron,31.5326,35.0998,f17af80950dde2c9,8947a9051d72ba75,5-17,OTHER,moderate,2026-08-19T18:23:00,pharmacy
PS-HEB-001,Hebron,31.5326,35.0998,d3391f64b3beb0a2,9d1685c6a741e807,18-49,OTHER,mild,2026-08-19T20:48:00,ehr
PS-HEB-001,Hebron,31.5326,35.0998,f17af80950dde2c9,e3e9a9638561ca51,18-49,OTHER,mild,2026-08-19T12:47:00,lab
PS-HEB-002,Hebron,31.545,35.087,b828601a5432663a,4772ef1991bd4798,18-49,ILI,mild,2026-08-19T10:11:00,lab
PS-HEB-002,Hebron,31.545,35.087,9b34d36ec3c96b37,865fb1464be548f3,0-4,ILI,mild,2026-08-19T13:07:00,pharmacy
PS-HEB-002,Hebron,31.545,35.087,9b34d36ec3c96b37,cc640c259000a9f7,0-4,ILI,moderate,2026-08-19T14:29:00,ehr
PS-HEB-002,Hebron,31.545,35.087,b828601a5432663a,c190cd311887f006,5-17,ILI,mild,2026-08-19T08:22:00,ehr
PS-HEB-002,Hebron,31.545,35.087,3000fc3d8d01f75a,f4d3374449f0c62d,18-49,ILI,mild,2026-08-19T18:32:00,ehr
PS-HEB-002,Hebron,31.545,35.087,d1fda43bf12417c4,cec4cce68112a06b,18-49,ILI,mild,2026-08-19T16:00:00,lab
PS-HEB-002,Hebron,31.545,35.087,3000fc3d8d01f75a,6b79108ab170c70e,0-4,ILI,mild,2026-08-19T17:06:00,ehr
PS-HEB-002,Hebron,31.545,35.087,b828601a5432663a,942f143fbe0324d1,50-64,AGE,mild,2026-08-19T13:23:00,ehr
PS-HEB-002,Hebron,31.545,35.087,9b34d36ec3c96b37,2be118fae041f48b,18-49,AGE,severe,2026-08-19T14:53:00,pharmacy
PS-HEB-002,Hebron,31.545,35.087,3000fc3d8d01f75a,768e24bc589cfdfc,65+,AGE,mild,2026-08-19T17:00:00,lab
PS-HEB-002,Hebron,31.545,35.087,d1fda43bf12417c4,c9c65c25407db6d9,5-17,AGE,mild,2026-08-19T12:46:00,ehr
PS-HEB-002,Hebron,31.545,35.087,9b34d36ec3c96b37,14cc1a4ff07d3b30,0-4,ARI,mild,2026-08-19T08:35:00,ehr
PS-HEB-002,Hebron,31.545,35.087,9b34d36ec3c96b37,f099a6d909d4399b,0-4,ARI,moderate,2026-08-19T19:55:00,ehr
PS-HEB-002,Hebron,31.545,35.087,9b34d36ec3c96b37,439e90d53bff3024,5-17,ARI,moderate,2026-08-19T13:49:00,ehr
PS-HEB-002,Hebron,31.545,35.087,9b34d36ec3c96b37,41e5967ff2baf44a,50-64,ARI,moderate,2026-08-19T08:19:00,ehr
PS-HEB-002,Hebron,31.545,35.087,d1fda43bf12417c4,1dcf65cb05be62a1,5-17,ARI,mild,2026-08-19T17:38:00,ehr
PS-HEB-002,Hebron,31.545,35.087,9b34d36ec3c96b37,4df9fadcc0d529a2,18-49,FEVER_RASH,mild,2026-08-19T15:12:00,ehr
PS-HEB-002,Hebron,31.545,35.087,9b34d36ec3c96b37,5bbec8b494be5975,18-49,OTHER,mild,2026-08-19T16:11:00,pharmacy
PS-RAM-001,Ramallah,31.9038,35.2034,2c531e40a3a7ce8c,19c8b9b494c6db2a,65+,ILI,mild,2026-08-19T10:41:00,pharmacy
PS-RAM-001,Ramallah,31.9038,35.2034,d4bc341fd534ad06,b98e38919737496c,18-49,ILI,moderate,2026-08-19T08:18:00,lab
PS-RAM-001,Ramallah,31.9038,35.2034,2c531e40a3a7ce8c,d0c09415253b7f60,18-49,ILI,mild,2026-08-19T11:09:00,ehr
PS-RAM-001,Ramallah,31.9038,35.2034,865eea42f5c6ccea,01f1d247b920557d,18-49,ILI,mild,2026-08-19T15:27:00,ehr
PS-RAM-001,Ramallah,31.9038,35.2034,d4bc341fd534ad06,8e2e35d50e808639,18-49,ILI,mild,2026-08-19T15:06:00,pharmacy
PS-RAM-001,Ramallah,31.9038,35.2034,865eea42f5c6ccea,4b2946da597d0d53,5-17,ILI,mild,2026-08-19T20:16:00,pharmacy
PS-RAM-001,Ramallah,31.9038,35.2034,d4bc341fd534ad06,b6a8b08d8b14c80b,5-17,ILI,mild,2026-08-19T07:07:00,lab
PS-RAM-001,Ramallah,31.9038,35.2034,d4bc341fd534ad06,f6644c8c0d9f89e9,50-64,ILI,mild,2026-08-19T07:05:00,pharmacy
PS-RAM-001,Ramallah,31.9038,35.2034,d4bc341fd534ad06,f249c4b78031c9d4,18-49,AGE,mild,2026-08-19T18:29:00,ehr
PS-RAM-001,Ramallah,31.9038,35.2034,4dc3b3d585035dae,fa16322a45d83ff0,18-49,AGE,mild,2026-08-19T10:11:00,ehr
PS-RAM-001,Ramallah,31.9038,35.2034,4dc3b3d585035dae,72fe7dbc6ea519a1,0-4,AGE,mild,2026-08-19T13:34:00,ehr
PS-RAM-001,Ramallah,31.9038,35.2034,d4bc341fd534ad06,cca2841b79a785e0,18-49,AGE,moderate,2026-08-19T17:30:00,pharmacy
PS-RAM-001,Ramallah,31.9038,35.2034,865eea42f5c6ccea,b3c181971ced3b2e,18-49,AGE,severe,2026-08-19T18:31:00,ehr
PS-RAM-001,Ramallah,31.9038,35.2034,d4bc341fd534ad06,766f56264dc3a2a4,50-64,AGE,mild,2026-08-19T18:43:00,ehr
PS-RAM-001,Ramallah,31.9038,35.2034,4dc3b3d585035dae,db8c34526c8dbedc,50-64,AGE,mild,2026-08-19T07:12:00,ehr
PS-RAM-001,Ramallah,31.9038,35.2034,2c531e40a3a7ce8c,9aa5505fc1018ba6,18-49,AGE,mild,2026-08-19T20:01:00,ehr
PS-RAM-001,Ramallah,31.9038,35.2034,2c531e40a3a7ce8c,149654f796270897,0-4,ARI,moderate,2026-08-19T19:34:00,ehr
PS-RAM-001,Ramallah,31.9038,35.2034,4dc3b3d585035dae,66dcd90e0964427c,0-4,ARI,moderate,2026-08-19T14:27:00,lab
PS-RAM-001,Ramallah,31.9038,35.2034,4dc3b3d585035dae,b6e97a68585835b3,50-64,ARI,mild,2026-08-19T14:30:00,ehr
PS-RAM-001,Ramallah,31.9038,35.2034,d4bc341fd534ad06,d222d205ff6551fb,0-4,ARI,mild,2026-08-19T11:36:00,lab
PS-RAM-001,Ramallah,31.9038,35.2034,d4bc341fd534ad06,9eb13a92905057d1,18-49,ARI,mild,2026-08-19T13:54:00,pharmacy
PS-RAM-001,Ramallah,31.9038,35.2034,d4bc341fd534ad06,ae686622fb438084,18-49,FEVER_RASH,mild,2026-08-19T11:02:00,pharmacy
PS-RAM-001,Ramallah,31.9038,35.2034,d4bc341fd534ad06,868648c9babcb6ef,5-17,FEVER_RASH,mild,2026-08-19T17:57:00,ehr
PS-RAM-001,Ramallah,31.9038,35.2034,d4bc341fd534ad06,1e3d531f9425b4ef,50-64,MENINGITIS_LIKE,mild,2026-08-19T08:17:00,pharmacy
PS-RAM-001,Ramallah,31.9038,35.2034,4dc3b3d585035dae,66b18dc3d91defdb,5-17,OTHER,moderate,2026-08-19T18:27:00,lab
PS-RAM-001,Ramallah,31.9038,35.2034,2c531e40a3a7ce8c,2e79b870d2950a35,18-49,OTHER,mild,2026-08-19T12:28:00,ehr
PS-RAM-001,Ramallah,31.9038,35.2034,d4bc341fd534ad06,df0460b89000431c,0-4,OTHER,mild,2026-08-19T16:54:00,lab
PS-RAM-001,Ramallah,31.9038,35.2034,865eea42f5c6ccea,c67682035b0aaa6c,50-64,OTHER,moderate,2026-08-19T13:53:00,ehr
PS-RAM-001,Ramallah,31.9038,35.2034,865eea42f5c6ccea,413c8bbec800ed6a,18-49,OTHER,mild,2026-08-19T16:13:00,lab
PS-RAM-001,Ramallah,31.9038,35.2034,2c531e40a3a7ce8c,7ee84669887b4d90,5-17,OTHER,mild,2026-08-19T09:11:00,lab
PS-RAM-001,Ramallah,31.9038,35.2034,2c531e40a3a7ce8c,2cee6b01de7f03ce,5-17,OTHER,mild,2026-08-19T14:19:00,ehr
PS-RAM-001,Ramallah,31.9038,35.2034,865eea42f5c6ccea,bb01b29f5bf2c466,5-17,OTHER,mild,2026-08-19T12:56:00,pharmacy
PS-NAB-001,Nablus,32.2211,35.2544,62c116f8ada8f79a,5c2dcb82a75af79b,0-4,ILI,mild,2026-08-19T13:07:00,ehr
PS-NAB-001,Nablus,32.2211,35.2544,c9eef5119a779be2,4e5deeca41c04a9a,50-64,ILI,moderate,2026-08-19T12:50:00,pharmacy
PS-NAB-001,Nablus,32.2211,35.2544,62c116f8ada8f79a,a6970a09ad822778,50-64,ILI,moderate,2026-08-19T11:57:00,pharmacy
PS-NAB-001,Nablus,32.2211,35.2544,2e49f94506905ef7,458f7418ab373f88,65+,ILI,mild,2026-08-19T17:06:00,lab
PS-NAB-001,Nablus,32.2211,35.2544,2e49f94506905ef7,96f3914c1a9379e1,65+,ILI,moderate,2026-08-19T20:48:00,pharmacy
PS-NAB-001,Nablus,32.2211,35.2544,2e49f94506905ef7,e4be1bcb2b8c4652,50-64,ILI,mild,2026-08-19T19:54:00,ehr
PS-NAB-001,Nablus,32.2211,35.2544,2e49f94506905ef7,83039d5e0cebd24c,50-64,ILI,moderate,2026-08-19T09:40:00,ehr
PS-NAB-001,Nablus,32.2211,35.2544,ce0af50d2ab5f724,7f940d566472e169,18-49,ILI,mild,2026-08-19T18:18:00,ehr
PS-NAB-001,Nablus,32.2211,35.2544,c9eef5119a779be2,49241b6dcbe74134,5-17,ILI,mild,2026-08-19T09:41:00,ehr
PS-NAB-001,Nablus,32.2211,35.2544,2e49f94506905ef7,23b305287c0b3cad,5-17,AGE,moderate,2026-08-19T14:26:00,ehr
PS-NAB-001,Nablus,32.2211,35.2544,62c116f8ada8f79a,79f33e36ed8ee006,0-4,AGE,mild,2026-08-19T11:32:00,lab
PS-NAB-001,Nablus,32.2211,35.2544,62c116f8ada8f79a,e1f4702daa79381d,0-4,AGE,moderate,2026-08-19T12:40:00,lab
PS-NAB-001,Nablus,32.2211,35.2544,62c116f8ada8f79a,225fc94d59e87957,50-64,AGE,mild,2026-08-19T19:14:00,lab
PS-NAB-001,Nablus,32.2211,35.2544,c9eef5119a779be2,50fe15b81257556b,65+,AGE,mild,2026-08-19T14:54:00,ehr
PS-NAB-001,Nablus,32.2211,35.2544,c9eef5119a779be2,229ce64541df82c1,5-17,ARI,severe,2026-08-19T08:05:00,ehr
PS-NAB-001,Nablus,32.2211,35.2544,ce0af50d2ab5f724,4b99a46d1e75e5ba,18-49,ARI,mild,2026-08-19T13:03:00,ehr
PS-NAB-001,Nablus,32.2211,35.2544,c9eef5119a779be2,399b408138b176a3,18-49,ARI,moderate,2026-08-19T16:03:00,pharmacy
PS-NAB-001,Nablus,32.2211,35.2544,c9eef5119a779be2,51307f491dd8ef9a,50-64,ARI,mild,2026-08-19T20:19:00,ehr
PS-NAB-001,Nablus,32.2211,35.2544,62c116f8ada8f79a,b8d21ba3a2247ccd,18-49,ARI,mild,2026-08-19T15:39:00,ehr
PS-NAB-001,Nablus,32.2211,35.2544,ce0af50d2ab5f724,34edba3f9eb7b649,18-49,ARI,moderate,2026-08-19T15:39:00,lab
PS-NAB-001,Nablus,32.2211,35.2544,c9eef5119a779be2,78473cfd6ea4db56,0-4,ARI,mild,2026-08-19T19:12:00,lab
PS-NAB-001,Nablus,32.2211,35.2544,62c116f8ada8f79a,e366ba1cfa35d1ef,18-49,ARI,mild,2026-08-19T18:46:00,ehr
PS-NAB-001,Nablus,32.2211,35.2544,62c116f8ada8f79a,9033e04762c02d6f,0-4,JAUNDICE,moderate,2026-08-19T15:21:00,pharmacy
PS-NAB-001,Nablus,32.2211,35.2544,62c116f8ada8f79a,14af8523fedbde8b,50-64,JAUNDICE,mild,2026-08-19T16:16:00,lab
PS-NAB-001,Nablus,32.2211,35.2544,2e49f94506905ef7,2988fa47412acf21,50-64,MENINGITIS_LIKE,mild,2026-08-19T15:07:00,pharmacy
PS-NAB-001,Nablus,32.2211,35.2544,ce0af50d2ab5f724,6e1bb631876b670d,5-17,OTHER,moderate,2026-08-19T17:07:00,lab
PS-NAB-001,Nablus,32.2211,35.2544,62c116f8ada8f79a,c0386287d89eb51f,5-17,OTHER,mild,2026-08-19T12:15:00,pharmacy
PS-NAB-001,Nablus,32.2211,35.2544,ce0af50d2ab5f724,b9d52161516126ae,18-49,OTHER,mild,2026-08-19T17:08:00,ehr
PS-NAB-001,Nablus,32.2211,35.2544,62c116f8ada8f79a,90e6ce1e88d9583f,50-64,OTHER,mild,2026-08-19T15:37:00,ehr
PS-NAB-001,Nablus,32.2211,35.2544,ce0af50d2ab5f724,4fb343a28b7839f8,50-64,OTHER,mild,2026-08-19T09:45:00,ehr
PS-NAB-001,Nablus,32.2211,35.2544,62c116f8ada8f79a,969069f5737e86c5,18-49,OTHER,mild,2026-08-19T13:56:00,ehr
PS-NAB-001,Nablus,32.2211,35.2544,ce0af50d2ab5f724,17d92bc1b5816214,18-49,OTHER,mild,2026-08-19T17:33:00,lab
PS-NAB-001,Nablus,32.2211,35.2544,ce0af50d2ab5f724,7b5f048f25730337,18-49,OTHER,severe,2026-08-19T20:16:00,lab
PS-NAB-001,Nablus,32.2211,35.2544,62c116f8ada8f79a,853ff89f51c853e6,0-4,OTHER,mild,2026-08-19T18:26:00,lab
PS-BET-001,Bethlehem,31.7054,35.2024,c1a0ab6562099869,981696dc9a08c9f1,18-49,ILI,mild,2026-08-19T20:33:00,ehr
PS-BET-001,Bethlehem,31.7054,35.2024,2ee779d7897ae9a5,55088fa57ecf8aa6,50-64,ILI,mild,2026-08-19T18:10:00,lab
PS-BET-001,Bethlehem,31.7054,35.2024,2ee779d7897ae9a5,3c88209bcb112346,18-49,ILI,mild,2026-08-19T08:07:00,ehr
PS-BET-001,Bethlehem,31.7054,35.2024,2ee779d7897ae9a5,08dbba932e637c89,65+,ILI,mild,2026-08-19T08:23:00,lab
PS-BET-001,Bethlehem,31.7054,35.2024,0a12ccb2fb499cd0,7588fa4515c938dd,0-4,ILI,mild,2026-08-19T07:50:00,ehr
PS-BET-001,Bethlehem,31.7054,35.2024,2ee779d7897ae9a5,9c59280349980c6c,5-17,ILI,moderate,2026-08-19T11:56:00,lab
PS-BET-001,Bethlehem,31.7054,35.2024,2ee779d7897ae9a5,2ea953db0429baf9,0-4,ILI,mild,2026-08-19T07:07:00,lab
PS-BET-001,Bethlehem,31.7054,35.2024,53365b5018ccb30a,5c057d6ee9fbf5ba,50-64,AGE,moderate,2026-08-19T16:19:00,lab
PS-BET-001,Bethlehem,31.7054,35.2024,0a12ccb2fb499cd0,23a34c183380fe47,18-49,AGE,mild,2026-08-19T20:46:00,lab
PS-BET-001,Bethlehem,31.7054,35.2024,53365b5018ccb30a,693cff7176d38ff5,0-4,AGE,moderate,2026-08-19T19:28:00,ehr
PS-BET-001,Bethlehem,31.7054,35.2024,53365b5018ccb30a,6747a8e3fb6f7f77,18-49,AGE,moderate,2026-08-19T19:39:00,ehr
PS-BET-001,Bethlehem,31.7054,35.2024,0a12ccb2fb499cd0,97ea3d3d8d763a10,18-49,JAUNDICE,mild,2026-08-19T17:05:00,ehr
PS-BET-001,Bethlehem,31.7054,35.2024,0a12ccb2fb499cd0,21ff5b333069c5d9,65+,OTHER,mild,2026-08-19T15:05:00,ehr
PS-BET-001,Bethlehem,31.7054,35.2024,0a12ccb2fb499cd0,9f05b5719dd3b74c,18-49,OTHER,mild,2026-08-19T16:33:00,ehr
PS-BET-001,Bethlehem,31.7054,35.2024,0a12ccb2fb499cd0,70637169d9bd567e,65+,OTHER,mild,2026-08-19T08:42:00,ehr
PS-BET-001,Bethlehem,31.7054,35.2024,53365b5018ccb30a,f5ada2dc730ba059,0-4,OTHER,mild,2026-08-19T10:53:00,ehr
PS-JEN-001,Jenin,32.4597,35.2951,02322af968c6062f,0e4d8755b99c6667,5-17,ILI,mild,2026-08-19T20:59:00,ehr
PS-JEN-001,Jenin,32.4597,35.2951,c0d662d41ad4a594,db9e0b92f9929908,5-17,ILI,mild,2026-08-19T20:33:00,ehr
PS-JEN-001,Jenin,32.4597,35.2951,c0d662d41ad4a594,716794e83c1fc5d3,0-4,ILI,mild,2026-08-19T15:10:00,ehr
PS-JEN-001,Jenin,32.4597,35.2951,d723f8382af3d058,8da3032f7c1e35be,18-49,ILI,mild,2026-08-19T09:19:00,ehr
PS-JEN-001,Jenin,32.4597,35.2951,02322af968c6062f,87388113a6bfb6df,5-17,AGE,mild,2026-08-19T09:01:00,ehr
PS-JEN-001,Jenin,32.4597,35.2951,c0d662d41ad4a594,449e20204df6b12c,5-17,AGE,moderate,2026-08-19T13:57:00,ehr
PS-JEN-001,Jenin,32.4597,35.2951,0747c175e69e0dff,261aaf9bef57e476,18-49,AGE,mild,2026-08-19T07:12:00,lab
PS-JEN-001,Jenin,32.4597,35.2951,02322af968c6062f,40312024cc18e989,5-17,ARI,mild,2026-08-19T08:17:00,ehr
PS-JEN-001,Jenin,32.4597,35.2951,d723f8382af3d058,2476fe102da47ff1,18-49,ARI,moderate,2026-08-19T14:01:00,ehr
PS-JEN-001,Jenin,32.4597,35.2951,0747c175e69e0dff,e810b3d97d7c0802,18-49,MENINGITIS_LIKE,mild,2026-08-19T17:06:00,ehr
PS-JEN-001,Jenin,32.4597,35.2951,d723f8382af3d058,197cdffecf9859d5,18-49,MENINGITIS_LIKE,moderate,2026-08-19T11:36:00,pharmacy
PS-JEN-001,Jenin,32.4597,35.2951,0747c175e69e0dff,d8c3896cb1b429ba,50-64,OTHER,mild,2026-08-19T12:34:00,lab
PS-JEN-001,Jenin,32.4597,35.2951,02322af968c6062f,95affd7e7d171608,0-4,OTHER,mild,2026-08-19T15:28:00,pharmacy
PS-JEN-001,Jenin,32.4597,35.2951,0747c175e69e0dff,f347a5f5dbfc9370,0-4,OTHER,moderate,2026-08-19T11:41:00,lab
PS-JEN-001,Jenin,32.4597,35.2951,c0d662d41ad4a594,38100e44aefda6e5,50-64,OTHER,mild,2026-08-19T11:38:00,ehr
PS-JEN-001,Jenin,32.4597,35.2951,0747c175e69e0dff,eefaf89aeb63b7ce,18-49,OTHER,mild,2026-08-19T20:40:00,ehr
PS-JEN-001,Jenin,32.4597,35.2951,02322af968c6062f,f4056e7e7154b715,5-17,OTHER,mild,2026-08-19T09:47:00,ehr
PS-JEN-001,Jenin,32.4597,35.2951,c0d662d41ad4a594,8039934fdcda9863,50-64,OTHER,mild,2026-08-19T20:08:00,pharmacy
PS-JEN-001,Jenin,32.4597,35.2951,c0d662d41ad4a594,ba100668d3c96b3d,18-49,OTHER,severe,2026-08-19T19:20:00,lab
PS-JEN-001,Jenin,32.4597,35.2951,c0d662d41ad4a594,e9d904f76b0154b2,5-17,OTHER,mild,2026-08-19T11:15:00,pharmacy
PS-JEN-001,Jenin,32.4597,35.2951,0747c175e69e0dff,371398c7725b847b,18-49,OTHER,mild,2026-08-19T12:01:00,lab
PS-HEB-001,Hebron,31.5326,35.0998,f17af80950dde2c9,ee4b7ab19a99c5fe,18-49,ILI,mild,2026-08-20T09:26:00,ehr
PS-HEB-001,Hebron,31.5326,35.0998,f17af80950dde2c9,e371c0140b3f7565,18-49,ILI,mild,2026-08-20T15:01:00,lab
PS-HEB-001,Hebron,31.5326,35.0998,d3391f64b3beb0a2,ad1a684eb21c4da5,18-49,ILI,moderate,2026-08-20T20:38:00,ehr
PS-HEB-001,Hebron,31.5326,35.0998,d3391f64b3beb0a2,b16993c45e88e91f,65+,ILI,mild,2026-08-20T08:29:00,ehr
PS-HEB-001,Hebron,31.5326,35.0998,d3391f64b3beb0a2,d6071f64499229d4,18-49,ILI,moderate,2026-08-20T18:01:00,ehr
PS-HEB-001,Hebron,31.5326,35.0998,d3391f64b3beb0a2,93f48eb3a1d5209b,50-64,ILI,mild,2026-08-20T08:52:00,lab
PS-HEB-001,Hebron,31.5326,35.0998,d3391f64b3beb0a2,9eb104902e05c664,18-49,ILI,moderate,2026-08-20T12:02:00,pharmacy
PS-HEB-001,Hebron,31.5326,35.0998,e3dff89ada235d59,e0f5e41d0a186be3,65+,ILI,mild,2026-08-20T10:00:00,ehr
PS-HEB-001,Hebron,31.5326,35.0998,f17af80950dde2c9,86346d6101ecc357,5-17,ILI,mild,2026-08-20T20:17:00,pharmacy
PS-HEB-001,Hebron,31.5326,35.0998,e3dff89ada235d59,8af86d043cffb335,0-4,AGE,mild,2026-08-20T17:43:00,ehr
PS-HEB-001,Hebron,31.5326,35.0998,e3dff89ada235d59,04ca7ac1a27c9f8d,50-64,AGE,moderate,2026-08-20T09:16:00,ehr
PS-HEB-001,Hebron,31.5326,35.0998,7c5d3d710b7ca6a2,1c0a0b6b29000ded,65+,AGE,mild,2026-08-20T10:54:00,pharmacy
PS-HEB-001,Hebron,31.5326,35.0998,f17af80950dde2c9,eb3bc095ab02a980,0-4,AGE,mild,2026-08-20T16:16:00,ehr
PS-HEB-001,Hebron,31.5326,35.0998,f17af80950dde2c9,a080f161d5d2de38,50-64,AGE,mild,2026-08-20T20:20:00,ehr
PS-HEB-001,Hebron,31.5326,35.0998,7c5d3d710b7ca6a2,994d37cb28d88fd7,50-64,ARI,mild,2026-08-20T12:33:00,ehr
PS-HEB-001,Hebron,31.5326,35.0998,f17af80950dde2c9,1450b18dca14c902,5-17,ARI,mild,2026-08-20T13:34:00,ehr
PS-HEB-001,Hebron,31.5326,35.0998,7c5d3d710b7ca6a2,db4219e311e6ed1d,65+,ARI,mild,2026-08-20T08:56:00,lab
PS-HEB-001,Hebron,31.5326,35.0998,e3dff89ada235d59,d1e5e07225e966ab,5-17,ARI,mild,2026-08-20T08:58:00,ehr
PS-HEB-001,Hebron,31.5326,35.0998,7c5d3d710b7ca6a2,ae0062444674a817,0-4,ARI,mild,2026-08-20T17:40:00,ehr
PS-HEB-001,Hebron,31.5326,35.0998,d3391f64b3beb0a2,d2f7497142f58704,50-64,ARI,mild,2026-08-20T16:51:00,lab
PS-HEB-001,Hebron,31.5326,35.0998,7c5d3d710b7ca6a2,2749ca8008a808ca,50-64,ARI,mild,2026-08-20T10:21:00,ehr
PS-HEB-001,Hebron,31.5326,35.0998,7c5d3d710b7ca6a2,223f8cec3eced0ba,18-49,JAUNDICE,mild,2026-08-20T16:28:00,ehr
PS-HEB-001,Hebron,31.5326,35.0998,7c5d3d710b7ca6a2,36f7c6a123e598ae,5-17,JAUNDICE,moderate,2026-08-20T07:58:00,ehr
PS-HEB-001,Hebron,31.5326,35.0998,7c5d3d710b7ca6a2,b0dbd7e32218a24c,5-17,OTHER,mild,2026-08-20T19:28:00,ehr
PS-HEB-001,Hebron,31.5326,35.0998,7c5d3d710b7ca6a2,68ab77eca22ff27a,18-49,OTHER,mild,2026-08-20T08:43:00,lab
PS-HEB-001,Hebron,31.5326,35.0998,f17af80950dde2c9,16845725812ef9d1,5-17,OTHER,mild,2026-08-20T13:06:00,pharmacy
PS-HEB-001,Hebron,31.5326,35.0998,f17af80950dde2c9,fd3ed1f1d7555b10,18-49,OTHER,mild,2026-08-20T07:29:00,pharmacy
PS-HEB-001,Hebron,31.5326,35.0998,d3391f64b3beb0a2,6593e15b59cb29f1,18-49,OTHER,mild,2026-08-20T16:06:00,ehr
PS-HEB-001,Hebron,31.5326,35.0998,d3391f64b3beb0a2,34426ceb9eb4bf24,18-49,OTHER,mild,2026-08-20T14:33:00,ehr
PS-HEB-001,Hebron,31.5326,35.0998,7c5d3d710b7ca6a2,300593f79235bca2,18-49,OTHER,moderate,2026-08-20T16:45:00,pharmacy
PS-HEB-002,Hebron,31.545,35.087,9b34d36ec3c96b37,5c2f9ab126dc6754,18-49,ILI,mild,2026-08-20T12:26:00,ehr
PS-HEB-002,Hebron,31.545,35.087,b828601a5432663a,b0c86cbc21abd01d,0-4,ILI,mild,2026-08-20T09:51:00,lab
PS-HEB-002,Hebron,31.545,35.087,3000fc3d8d01f75a,0d88451f1df7f703,5-17,ILI,moderate,2026-08-20T15:41:00,ehr
PS-HEB-002,Hebron,31.545,35.087,3000fc3d8d01f75a,c59762891c55af14,18-49,ILI,mild,2026-08-20T09:30:00,ehr
PS-HEB-002,Hebron,31.545,35.087,d1fda43bf12417c4,53ad935f0d1cd7a9,0-4,ILI,mild,2026-08-20T15:37:00,pharmacy
PS-HEB-002,Hebron,31.545,35.087,9b34d36ec3c96b37,456e9871683817cb,5-17,ILI,severe,2026-08-20T20:03:00,ehr
PS-HEB-002,Hebron,31.545,35.087,3000fc3d8d01f75a,be3a40e62b59f7b8,5-17,ILI,mild,2026-08-20T19:04:00,lab
PS-HEB-002,Hebron,31.545,35.087,3000fc3d8d01f75a,97ffbf771f6f2bd1,50-64,ILI,mild,2026-08-20T16:44:00,ehr
PS-HEB-002,Hebron,31.545,35.087,9b34d36ec3c96b37,9a99d68d09418afb,5-17,AGE,mild,2026-08-20T16:19:00,ehr
PS-HEB-002,Hebron,31.545,35.087,b828601a5432663a,92195ab231fd00aa,18-49,AGE,mild,2026-08-20T14:14:00,lab
PS-HEB-002,Hebron,31.545,35.087,d1fda43bf12417c4,f0bfa28bccf4c140,18-49,AGE,moderate,2026-08-20T16:13:00,ehr
PS-HEB-002,Hebron,31.545,35.087,9b34d36ec3c96b37,c25c12480df99b5c,5-17,AGE,mild,2026-08-20T19:47:00,ehr
PS-HEB-002,Hebron,31.545,35.087,b828601a5432663a,c23118b6cb131d9f,5-17,AGE,mild,2026-08-20T12:00:00,ehr
PS-HEB-002,Hebron,31.545,35.087,3000fc3d8d01f75a,51195fe4151e62af,0-4,ARI,mild,2026-08-20T16:58:00,ehr
PS-HEB-002,Hebron,31.545,35.087,d1fda43bf12417c4,b6958ec8bde269fc,50-64,ARI,moderate,2026-08-20T11:11:00,ehr
PS-HEB-002,Hebron,31.545,35.087,d1fda43bf12417c4,3755127f204ca244,5-17,ARI,mild,2026-08-20T20:35:00,ehr
PS-HEB-002,Hebron,31.545,35.087,d1fda43bf12417c4,4aa464a1cfe052b9,5-17,ARI,moderate,2026-08-20T08:01:00,ehr
PS-HEB-002,Hebron,31.545,35.087,d1fda43bf12417c4,d8c12c4c8f4535de,5-17,ARI,mild,2026-08-20T12:59:00,ehr
PS-HEB-002,Hebron,31.545,35.087,9b34d36ec3c96b37,08b0cb49e9b15477,50-64,FEVER_RASH,mild,2026-08-20T17:10:00,ehr
PS-HEB-002,Hebron,31.545,35.087,9b34d36ec3c96b37,0982a5d35f9136f6,18-49,JAUNDICE,mild,2026-08-20T10:12:00,lab
PS-HEB-002,Hebron,31.545,35.087,d1fda43bf12417c4,7fcb4eee04033b81,50-64,OTHER,mild,2026-08-20T07:48:00,ehr
PS-HEB-002,Hebron,31.545,35.087,b828601a5432663a,04b9acfce8c4a056,18-49,OTHER,mild,2026-08-20T12:15:00,ehr
PS-HEB-002,Hebron,31.545,35.087,9b34d36ec3c96b37,35544f4f8c355bab,5-17,OTHER,mild,2026-08-20T20:32:00,lab
PS-HEB-002,Hebron,31.545,35.087,b828601a5432663a,cf54096819f18e94,5-17,OTHER,mild,2026-08-20T19:42:00,pharmacy
PS-HEB-002,Hebron,31.545,35.087,9b34d36ec3c96b37,c6d16d8d0997c8a4,5-17,OTHER,moderate,2026-08-20T12:31:00,pharmacy
PS-RAM-001,Ramallah,31.9038,35.2034,865eea42f5c6ccea,72eeb375146c301b,18-49,ILI,mild,2026-08-20T14:30:00,pharmacy
PS-RAM-001,Ramallah,31.9038,35.2034,2c531e40a3a7ce8c,43b7ab8b1e5e2b04,5-17,ILI,mild,2026-08-20T17:02:00,ehr
PS-RAM-001,Ramallah,31.9038,35.2034,865eea42f5c6ccea,9c85c81b97259c5d,18-49,ILI,mild,2026-08-20T13:13:00,ehr
PS-RAM-001,Ramallah,31.9038,35.2034,865eea42f5c6ccea,598f0fce12cf582e,18-49,ILI,mild,2026-08-20T20:23:00,ehr
PS-RAM-001,Ramallah,31.9038,35.2034,865eea42f5c6ccea,ed88cb63bf6788f2,5-17,ILI,mild,2026-08-20T11:28:00,pharmacy
PS-RAM-001,Ramallah,31.9038,35.2034,d4bc341fd534ad06,768421cac5386de1,18-49,ILI,mild,2026-08-20T16:21:00,ehr
PS-RAM-001,Ramallah,31.9038,35.2034,865eea42f5c6ccea,9fdf88c10cea0ab0,5-17,ILI,mild,2026-08-20T19:31:00,lab
PS-RAM-001,Ramallah,31.9038,35.2034,4dc3b3d585035dae,105c61a11effb20b,5-17,ILI,mild,2026-08-20T10:16:00,pharmacy
PS-RAM-001,Ramallah,31.9038,35.2034,4dc3b3d585035dae,61749b9038a5c9d4,50-64,AGE,moderate,2026-08-20T15:34:00,ehr
PS-RAM-001,Ramallah,31.9038,35.2034,865eea42f5c6ccea,3591e017468f896e,0-4,AGE,mild,2026-08-20T08:04:00,ehr
PS-RAM-001,Ramallah,31.9038,35.2034,865eea42f5c6ccea,1cd12293825e0891,5-17,ARI,mild,2026-08-20T18:52:00,ehr
PS-RAM-001,Ramallah,31.9038,35.2034,865eea42f5c6ccea,b6208c0ee91d7f45,0-4,ARI,mild,2026-08-20T20:48:00,ehr
PS-RAM-001,Ramallah,31.9038,35.2034,d4bc341fd534ad06,39f13cbc556d7cd7,50-64,ARI,moderate,2026-08-20T19:25:00,ehr
PS-RAM-001,Ramallah,31.9038,35.2034,2c531e40a3a7ce8c,8a98ab57bedd7502,50-64,ARI,mild,2026-08-20T14:41:00,ehr
PS-RAM-001,Ramallah,31.9038,35.2034,d4bc341fd534ad06,063e6a00819597da,18-49,ARI,mild,2026-08-20T14:14:00,ehr
PS-RAM-001,Ramallah,31.9038,35.2034,2c531e40a3a7ce8c,170ae650cb09af9c,18-49,ARI,moderate,2026-08-20T12:54:00,lab
PS-RAM-001,Ramallah,31.9038,35.2034,d4bc341fd534ad06,60115ebdcbbe5131,50-64,ARI,mild,2026-08-20T10:28:00,ehr
PS-RAM-001,Ramallah,31.9038,35.2034,2c531e40a3a7ce8c,734a60e93d2235e2,5-17,ARI,moderate,2026-08-20T16:55:00,lab
PS-RAM-001,Ramallah,31.9038,35.2034,865eea42f5c6ccea,db22a5c199ae6e19,5-17,FEVER_RASH,mild,2026-08-20T19:42:00,lab
PS-RAM-001,Ramallah,31.9038,35.2034,4dc3b3d585035dae,a7b17907982279aa,18-49,JAUNDICE,mild,2026-08-20T11:20:00,ehr
PS-RAM-001,Ramallah,31.9038,35.2034,d4bc341fd534ad06,2d92804d0ac4efb3,65+,OTHER,mild,2026-08-20T12:36:00,lab
PS-RAM-001,Ramallah,31.9038,35.2034,d4bc341fd534ad06,36df784dc1946a66,5-17,OTHER,mild,2026-08-20T08:34:00,pharmacy
PS-RAM-001,Ramallah,31.9038,35.2034,865eea42f5c6ccea,61a55ef0e93385ae,0-4,OTHER,mild,2026-08-20T14:40:00,pharmacy
PS-RAM-001,Ramallah,31.9038,35.2034,d4bc341fd534ad06,db568ffd434d367e,0-4,OTHER,mild,2026-08-20T09:02:00,lab
PS-RAM-001,Ramallah,31.9038,35.2034,2c531e40a3a7ce8c,dd18972e12f14790,5-17,OTHER,mild,2026-08-20T11:13:00,lab
PS-RAM-001,Ramallah,31.9038,35.2034,4dc3b3d585035dae,f73d4f35d9189c3e,5-17,OTHER,moderate,2026-08-20T07:23:00,lab
PS-RAM-001,Ramallah,31.9038,35.2034,4dc3b3d585035dae,52280769ed386f6b,0-4,OTHER,mild,2026-08-20T13:10:00,ehr
PS-RAM-001,Ramallah,31.9038,35.2034,2c531e40a3a7ce8c,9f580240ea92f0d8,0-4,OTHER,mild,2026-08-20T13:57:00,lab
PS-RAM-001,Ramallah,31.9038,35.2034,d4bc341fd534ad06,21456088141f7b22,5-17,OTHER,mild,2026-08-20T20:45:00,ehr
PS-RAM-001,Ramallah,31.9038,35.2034,d4bc341fd534ad06,1b0519639ac677f7,5-17,OTHER,mild,2026-08-20T16:12:00,ehr
PS-RAM-001,Ramallah,31.9038,35.2034,d4bc341fd534ad06,5e7689053153918b,18-49,OTHER,mild,2026-08-20T14:04:00,ehr
PS-RAM-001,Ramallah,31.9038,35.2034,d4bc341fd534ad06,f0383ad11617844a,18-49,OTHER,mild,2026-08-20T16:56:00,ehr
PS-RAM-001,Ramallah,31.9038,35.2034,d4bc341fd534ad06,27ed3e34d4587599,5-17,OTHER,moderate,2026-08-20T11:41:00,ehr
PS-RAM-001,Ramallah,31.9038,35.2034,2c531e40a3a7ce8c,915cf9ef336fb180,18-49,OTHER,mild,2026-08-20T13:39:00,pharmacy
PS-RAM-001,Ramallah,31.9038,35.2034,d4bc341fd534ad06,773c4c2f1f8bfa71,18-49,OTHER,mild,2026-08-20T18:27:00,pharmacy
PS-RAM-001,Ramallah,31.9038,35.2034,4dc3b3d585035dae,ec2a9608b44e6af3,5-17,OTHER,moderate,2026-08-20T08:25:00,ehr
PS-NAB-001,Nablus,32.2211,35.2544,2e49f94506905ef7,67759f6e97c13567,18-49,ILI,moderate,2026-08-20T17:58:00,ehr
PS-NAB-001,Nablus,32.2211,35.2544,2e49f94506905ef7,b2370a3df26ece6f,65+,ILI,mild,2026-08-20T14:26:00,ehr
PS-NAB-001,Nablus,32.2211,35.2544,c9eef5119a779be2,b061c7d5ec702cf7,18-49,ILI,mild,2026-08-20T15:49:00,ehr
PS-NAB-001,Nablus,32.2211,35.2544,ce0af50d2ab5f724,0f37679fd601083b,0-4,ILI,mild,2026-08-20T15:02:00,lab
PS-NAB-001,Nablus,32.2211,35.2544,ce0af50d2ab5f724,02dc496a5a8ecd86,50-64,ILI,mild,2026-08-20T13:21:00,ehr
PS-NAB-001,Nablus,32.2211,35.2544,62c116f8ada8f79a,fc0b8f0d0c129341,5-17,ILI,moderate,2026-08-20T11:07:00,lab
PS-NAB-001,Nablus,32.2211,35.2544,2e49f94506905ef7,d6f781ab9075784c,18-49,ILI,mild,2026-08-20T14:04:00,lab
PS-NAB-001,Nablus,32.2211,35.2544,c9eef5119a779be2,3939973645f53ece,50-64,ILI,mild,2026-08-20T09:30:00,ehr
PS-NAB-001,Nablus,32.2211,35.2544,62c116f8ada8f79a,4defc5c3479dc58b,5-17,ILI,mild,2026-08-20T16:06:00,lab
PS-NAB-001,Nablus,32.2211,35.2544,2e49f94506905ef7,0d2a85b7fa93a4df,18-49,ILI,mild,2026-08-20T09:04:00,ehr
PS-NAB-001,Nablus,32.2211,35.2544,2e49f94506905ef7,d1c1691eceb8a20f,50-64,ILI,mild,2026-08-20T09:13:00,lab
PS-NAB-001,Nablus,32.2211,35.2544,2e49f94506905ef7,b52d44315d583cbd,18-49,AGE,mild,2026-08-20T18:03:00,ehr
PS-NAB-001,Nablus,32.2211,35.2544,2e49f94506905ef7,d4fa3d93eff0018d,50-64,AGE,moderate,2026-08-20T16:00:00,ehr
PS-NAB-001,Nablus,32.2211,35.2544,62c116f8ada8f79a,0b98bc5ab8d73fca,5-17,AGE,mild,2026-08-20T12:58:00,ehr
PS-NAB-001,Nablus,32.2211,35.2544,2e49f94506905ef7,b97bc53ad70eb8a1,5-17,ARI,moderate,2026-08-20T10:43:00,ehr
PS-NAB-001,Nablus,32.2211,35.2544,2e49f94506905ef7,62cbdcfc796e1645,18-49,ARI,mild,2026-08-20T18:10:00,ehr
PS-NAB-001,Nablus,32.2211,35.2544,62c116f8ada8f79a,56c03eef423c3e1f,18-49,ARI,moderate,2026-08-20T12:35:00,lab
PS-NAB-001,Nablus,32.2211,35.2544,62c116f8ada8f79a,53a8f96008e03171,5-17,ARI,mild,2026-08-20T13:07:00,ehr
PS-NAB-001,Nablus,32.2211,35.2544,c9eef5119a779be2,ce47609c3d38997d,0-4,ARI,mild,2026-08-20T07:25:00,ehr
PS-NAB-001,Nablus,32.2211,35.2544,c9eef5119a779be2,6900a37f971e321f,18-49,ARI,mild,2026-08-20T08:42:00,ehr
PS-NAB-001,Nablus,32.2211,35.2544,c9eef5119a779be2,2a7f34741a79ef7f,18-49,ARI,mild,2026-08-20T10:26:00,ehr
PS-NAB-001,Nablus,32.2211,35.2544,62c116f8ada8f79a,0436a0b28164258a,5-17,ARI,mild,2026-08-20T18:34:00,ehr
PS-NAB-001,Nablus,32.2211,35.2544,ce0af50d2ab5f724,2cd22780fbf3ef1c,18-49,ARI,severe,2026-08-20T17:44:00,ehr
PS-NAB-001,Nablus,32.2211,35.2544,c9eef5119a779be2,d5c49b87368663e9,65+,ARI,mild,2026-08-20T12:11:00,ehr
PS-NAB-001,Nablus,32.2211,35.2544,ce0af50d2ab5f724,a969c0a690ee221f,5-17,ARI,mild,2026-08-20T12:01:00,ehr
PS-NAB-001,Nablus,32.2211,35.2544,2e49f94506905ef7,76f6001fd198e728,5-17,FEVER_RASH,mild,2026-08-20T15:37:00,ehr
PS-NAB-001,Nablus,32.2211,35.2544,2e49f94506905ef7,0139161106578340,0-4,MENINGITIS_LIKE,mild,2026-08-20T19:15:00,ehr
PS-NAB-001,Nablus,32.2211,35.2544,62c116f8ada8f79a,9e8427c728a165cc,65+,OTHER,mild,2026-08-20T17:02:00,lab
PS-NAB-001,Nablus,32.2211,35.2544,c9eef5119a779be2,7bc225d2d2c2bb21,0-4,OTHER,mild,2026-08-20T18:56:00,ehr
PS-NAB-001,Nablus,32.2211,35.2544,ce0af50d2ab5f724,a7e1e64f45f85a53,18-49,OTHER,mild,2026-08-20T15:50:00,ehr
PS-NAB-001,Nablus,32.2211,35.2544,c9eef5119a779be2,fd43913e8fef8de0,5-17,OTHER,mild,2026-08-20T10:54:00,ehr
PS-NAB-001,Nablus,32.2211,35.2544,62c116f8ada8f79a,9b4c9fb2b1927e6c,18-49,OTHER,mild,2026-08-20T17:15:00,ehr
PS-NAB-001,Nablus,32.2211,35.2544,2e49f94506905ef7,a5bbb3e5faf77df9,0-4,OTHER,mild,2026-08-20T09:28:00,ehr
PS-NAB-001,Nablus,32.2211,35.2544,62c116f8ada8f79a,753751e4c6b6f592,65+,OTHER,mild,2026-08-20T07:40:00,ehr
PS-NAB-001,Nablus,32.2211,35.2544,62c116f8ada8f79a,a637764d34653e20,5-17,OTHER,mild,2026-08-20T16:35:00,lab
PS-NAB-001,Nablus,32.2211,35.2544,62c116f8ada8f79a,905ec780ae08ded0,5-17,OTHER,mild,2026-08-20T11:10:00,ehr
PS-NAB-001,Nablus,32.2211,35.2544,ce0af50d2ab5f724,aede7f53a73fbe08,65+,OTHER,mild,2026-08-20T11:18:00,lab
PS-NAB-001,Nablus,32.2211,35.2544,ce0af50d2ab5f724,d953f169344e07e3,5-17,OTHER,mild,2026-08-20T08:23:00,lab
PS-BET-001,Bethlehem,31.7054,35.2024,53365b5018ccb30a,d189fb3c933af577,0-4,ILI,mild,2026-08-20T19:09:00,ehr
PS-BET-001,Bethlehem,31.7054,35.2024,2ee779d7897ae9a5,9ac18783fa9a129e,18-49,AGE,mild,2026-08-20T19:58:00,ehr
PS-BET-001,Bethlehem,31.7054,35.2024,53365b5018ccb30a,41e31c331b696eaf,5-17,AGE,mild,2026-08-20T11:24:00,pharmacy
PS-BET-001,Bethlehem,31.7054,35.2024,53365b5018ccb30a,8d63c3e77c93d12d,5-17,ARI,moderate,2026-08-20T09:45:00,ehr
PS-BET-001,Bethlehem,31.7054,35.2024,2ee779d7897ae9a5,ae58ffad92a090b5,18-49,ARI,moderate,2026-08-20T07:55:00,lab
PS-BET-001,Bethlehem,31.7054,35.2024,53365b5018ccb30a,e2f6617c45001a18,18-49,ARI,mild,2026-08-20T18:23:00,pharmacy
PS-BET-001,Bethlehem,31.7054,35.2024,c1a0ab6562099869,3b7d8077dfac1343,65+,ARI,mild,2026-08-20T08:26:00,pharmacy
PS-BET-001,Bethlehem,31.7054,35.2024,2ee779d7897ae9a5,0cedbcfeb3f6c0fb,18-49,JAUNDICE,mild,2026-08-20T11:49:00,ehr
PS-BET-001,Bethlehem,31.7054,35.2024,53365b5018ccb30a,32b514b0bbaf6d5f,65+,MENINGITIS_LIKE,moderate,2026-08-20T18:03:00,ehr
PS-BET-001,Bethlehem,31.7054,35.2024,c1a0ab6562099869,1e5e510277bc2d05,18-49,OTHER,mild,2026-08-20T12:40:00,ehr
PS-BET-001,Bethlehem,31.7054,35.2024,0a12ccb2fb499cd0,0644e10823631d6c,5-17,OTHER,mild,2026-08-20T16:29:00,ehr
PS-BET-001,Bethlehem,31.7054,35.2024,c1a0ab6562099869,7c53e5997ee3f942,18-49,OTHER,moderate,2026-08-20T07:07:00,lab
PS-BET-001,Bethlehem,31.7054,35.2024,c1a0ab6562099869,8214ed898302f87e,18-49,OTHER,mild,2026-08-20T18:37:00,lab
PS-BET-001,Bethlehem,31.7054,35.2024,53365b5018ccb30a,febd6d01b0d8e310,5-17,OTHER,mild,2026-08-20T09:53:00,pharmacy
PS-JEN-001,Jenin,32.4597,35.2951,d723f8382af3d058,cc98e89e7fbae5a7,18-49,ILI,moderate,2026-08-20T11:46:00,ehr
PS-JEN-001,Jenin,32.4597,35.2951,c0d662d41ad4a594,d202a9f9a6ce0a51,50-64,ILI,mild,2026-08-20T08:40:00,ehr
PS-JEN-001,Jenin,32.4597,35.2951,c0d662d41ad4a594,a7a1b3950b6e800a,0-4,ILI,mild,2026-08-20T18:25:00,lab
PS-JEN-001,Jenin,32.4597,35.2951,02322af968c6062f,94762f9a75099490,50-64,AGE,mild,2026-08-20T07:06:00,lab
PS-JEN-001,Jenin,32.4597,35.2951,c0d662d41ad4a594,f806970f405b6df2,5-17,ARI,mild,2026-08-20T09:11:00,lab
PS-JEN-001,Jenin,32.4597,35.2951,02322af968c6062f,ae167c889cb7d790,18-49,ARI,moderate,2026-08-20T09:32:00,ehr
PS-JEN-001,Jenin,32.4597,35.2951,0747c175e69e0dff,aa0c94597a054601,5-17,MENINGITIS_LIKE,moderate,2026-08-20T19:48:00,lab
PS-JEN-001,Jenin,32.4597,35.2951,0747c175e69e0dff,e97585fde2e9ff56,0-4,OTHER,mild,2026-08-20T08:55:00,ehr
PS-JEN-001,Jenin,32.4597,35.2951,c0d662d41ad4a594,2a3e74f19ce37c6b,0-4,OTHER,mild,2026-08-20T11:04:00,lab
PS-JEN-001,Jenin,32.4597,35.2951,02322af968c6062f,de9bffc5a9891fb2,0-4,OTHER,mild,2026-08-20T17:48:00,ehr
PS-JEN-001,Jenin,32.4597,35.2951,02322af968c6062f,a4920e84df9a1aef,0-4,OTHER,mild,2026-08-20T17:37:00,ehr
PS-JEN-001,Jenin,32.4597,35.2951,c0d662d41ad4a594,ad6eaff30be23743,65+,OTHER,mild,2026-08-20T13:38:00,ehr
PS-JEN-001,Jenin,32.4597,35.2951,c0d662d41ad4a594,0a3b8d16a69345f2,5-17,OTHER,moderate,2026-08-20T16:27:00,ehr
PS-HEB-001,Hebron,31.5326,35.0998,f17af80950dde2c9,b053e87789a08086,18-49,ILI,severe,2026-08-21T17:25:00,ehr
PS-HEB-001,Hebron,31.5326,35.0998,7c5d3d710b7ca6a2,6a38dad22158064d,18-49,ILI,mild,2026-08-21T19:06:00,ehr
PS-HEB-001,Hebron,31.5326,35.0998,7c5d3d710b7ca6a2,e0908632264e36f2,50-64,ILI,mild,2026-08-21T07:38:00,ehr
PS-HEB-001,Hebron,31.5326,35.0998,f17af80950dde2c9,5598f1b698297132,18-49,ILI,mild,2026-08-21T12:28:00,ehr
PS-HEB-001,Hebron,31.5326,35.0998,d3391f64b3beb0a2,b741624d957fcc33,0-4,ILI,mild,2026-08-21T17:52:00,ehr
PS-HEB-001,Hebron,31.5326,35.0998,d3391f64b3beb0a2,d3be2c59d78a337f,18-49,ILI,mild,2026-08-21T19:47:00,lab
PS-HEB-001,Hebron,31.5326,35.0998,7c5d3d710b7ca6a2,27931e631ae83a11,5-17,ILI,moderate,2026-08-21T13:47:00,lab
PS-HEB-001,Hebron,31.5326,35.0998,7c5d3d710b7ca6a2,47887e4ad81d3d52,18-49,ILI,mild,2026-08-21T17:54:00,ehr
PS-HEB-001,Hebron,31.5326,35.0998,7c5d3d710b7ca6a2,f4d0ed5f68b11c1c,0-4,ARI,moderate,2026-08-21T16:50:00,ehr
PS-HEB-001,Hebron,31.5326,35.0998,f17af80950dde2c9,9e5c124964be5b4a,5-17,ARI,mild,2026-08-21T20:43:00,ehr
PS-HEB-001,Hebron,31.5326,35.0998,e3dff89ada235d59,5f58b7a8a332742d,5-17,ARI,mild,2026-08-21T14:42:00,ehr
PS-HEB-001,Hebron,31.5326,35.0998,7c5d3d710b7ca6a2,093191f30d11edc8,5-17,ARI,moderate,2026-08-21T08:27:00,lab
PS-HEB-001,Hebron,31.5326,35.0998,e3dff89ada235d59,cf4625e4a5aa669a,50-64,OTHER,mild,2026-08-21T17:07:00,lab
PS-HEB-001,Hebron,31.5326,35.0998,d3391f64b3beb0a2,135fcdee6acae91b,50-64,OTHER,moderate,2026-08-21T08:50:00,pharmacy
PS-HEB-001,Hebron,31.5326,35.0998,d3391f64b3beb0a2,a7b44e7ba6daa89b,5-17,OTHER,moderate,2026-08-21T08:41:00,lab
PS-HEB-001,Hebron,31.5326,35.0998,f17af80950dde2c9,93957585c39ee7d9,50-64,OTHER,mild,2026-08-21T17:41:00,ehr
PS-HEB-001,Hebron,31.5326,35.0998,7c5d3d710b7ca6a2,7f48b00e55bfd39b,0-4,OTHER,moderate,2026-08-21T11:05:00,ehr
PS-HEB-001,Hebron,31.5326,35.0998,d3391f64b3beb0a2,03000bb7068b2bad,0-4,OTHER,mild,2026-08-21T18:07:00,lab
PS-HEB-001,Hebron,31.5326,35.0998,7c5d3d710b7ca6a2,7f669cc536cdc551,5-17,OTHER,mild,2026-08-21T16:47:00,ehr
PS-HEB-001,Hebron,31.5326,35.0998,f17af80950dde2c9,72924b3db6189443,5-17,OTHER,mild,2026-08-21T20:24:00,ehr
PS-HEB-002,Hebron,31.545,35.087,9b34d36ec3c96b37,9acea2aca27f0c8d,0-4,ILI,moderate,2026-08-21T10:06:00,ehr
PS-HEB-002,Hebron,31.545,35.087,3000fc3d8d01f75a,3eac5307a96c6e2b,50-64,AGE,mild,2026-08-21T09:52:00,lab
PS-HEB-002,Hebron,31.545,35.087,3000fc3d8d01f75a,512240cb41c4842a,0-4,AGE,mild,2026-08-21T09:38:00,ehr
PS-HEB-002,Hebron,31.545,35.087,3000fc3d8d01f75a,53bd65a115e23777,65+,ARI,moderate,2026-08-21T18:07:00,lab
PS-HEB-002,Hebron,31.545,35.087,d1fda43bf12417c4,eb9f1c860246e978,18-49,ARI,moderate,2026-08-21T17:53:00,lab
PS-HEB-002,Hebron,31.545,35.087,d1fda43bf12417c4,3f566af7eed7400a,50-64,JAUNDICE,moderate,2026-08-21T09:52:00,ehr
PS-HEB-002,Hebron,31.545,35.087,d1fda43bf12417c4,838c3c7800b270b2,50-64,OTHER,moderate,2026-08-21T20:49:00,ehr
PS-HEB-002,Hebron,31.545,35.087,d1fda43bf12417c4,6e3ea35e3c3e30b3,65+,OTHER,mild,2026-08-21T20:42:00,ehr
PS-HEB-002,Hebron,31.545,35.087,9b34d36ec3c96b37,6d2748b2ef9239d2,65+,OTHER,moderate,2026-08-21T13:43:00,lab
PS-RAM-001,Ramallah,31.9038,35.2034,2c531e40a3a7ce8c,3188c872a0d93a40,18-49,ILI,mild,2026-08-21T11:44:00,ehr
PS-RAM-001,Ramallah,31.9038,35.2034,4dc3b3d585035dae,7fd6d760b07d4992,50-64,ILI,moderate,2026-08-21T09:20:00,lab
PS-RAM-001,Ramallah,31.9038,35.2034,2c531e40a3a7ce8c,165a48c1ce4eee8b,18-49,ILI,mild,2026-08-21T17:10:00,ehr
PS-RAM-001,Ramallah,31.9038,35.2034,2c531e40a3a7ce8c,8dde905b5f8e155f,18-49,ILI,mild,2026-08-21T10:13:00,pharmacy
PS-RAM-001,Ramallah,31.9038,35.2034,2c531e40a3a7ce8c,09d26186423f5ebd,5-17,ILI,severe,2026-08-21T08:43:00,ehr
PS-RAM-001,Ramallah,31.9038,35.2034,865eea42f5c6ccea,02803fe8e110b4db,65+,ILI,mild,2026-08-21T07:06:00,ehr
PS-RAM-001,Ramallah,31.9038,35.2034,865eea42f5c6ccea,81286947f02b9db6,18-49,ILI,severe,2026-08-21T08:32:00,lab
PS-RAM-001,Ramallah,31.9038,35.2034,4dc3b3d585035dae,175230bb7c235652,5-17,ILI,mild,2026-08-21T10:02:00,pharmacy
PS-RAM-001,Ramallah,31.9038,35.2034,d4bc341fd534ad06,01c49ab1a8e26da3,50-64,ILI,severe,2026-08-21T09:41:00,ehr
PS-RAM-001,Ramallah,31.9038,35.2034,d4bc341fd534ad06,ff4a8493352d9b99,5-17,ILI,mild,2026-08-21T19:29:00,ehr
PS-RAM-001,Ramallah,31.9038,35.2034,4dc3b3d585035dae,3ea3de6015bde721,0-4,AGE,mild,2026-08-21T07:07:00,pharmacy
PS-RAM-001,Ramallah,31.9038,35.2034,d4bc341fd534ad06,c0725a71a05e86c0,5-17,AGE,moderate,2026-08-21T10:01:00,pharmacy
PS-RAM-001,Ramallah,31.9038,35.2034,d4bc341fd534ad06,940995a950f660b6,65+,AGE,moderate,2026-08-21T09:24:00,ehr
PS-RAM-001,Ramallah,31.9038,35.2034,4dc3b3d585035dae,dfcf03221742fd60,5-17,AGE,moderate,2026-08-21T16:08:00,pharmacy
PS-RAM-001,Ramallah,31.9038,35.2034,4dc3b3d585035dae,71848a9d94f23dd5,18-49,AGE,moderate,2026-08-21T09:25:00,pharmacy
PS-RAM-001,Ramallah,31.9038,35.2034,4dc3b3d585035dae,26e80fddd90142cb,18-49,ARI,mild,2026-08-21T16:34:00,ehr
PS-RAM-001,Ramallah,31.9038,35.2034,2c531e40a3a7ce8c,4008b753cd9af5d9,0-4,ARI,mild,2026-08-21T09:55:00,ehr
PS-RAM-001,Ramallah,31.9038,35.2034,2c531e40a3a7ce8c,a1e27252b20a0db1,18-49,ARI,mild,2026-08-21T08:02:00,ehr
PS-RAM-001,Ramallah,31.9038,35.2034,4dc3b3d585035dae,e94fcd87239b60d4,0-4,FEVER_RASH,mild,2026-08-21T15:16:00,ehr
PS-RAM-001,Ramallah,31.9038,35.2034,4dc3b3d585035dae,48a3def1d1b42fd2,5-17,MENINGITIS_LIKE,mild,2026-08-21T13:42:00,pharmacy
PS-RAM-001,Ramallah,31.9038,35.2034,2c531e40a3a7ce8c,c6ce0b751c94e6d2,18-49,OTHER,mild,2026-08-21T15:28:00,pharmacy
PS-RAM-001,Ramallah,31.9038,35.2034,2c531e40a3a7ce8c,7f6acb516dada220,18-49,OTHER,mild,2026-08-21T12:38:00,ehr
PS-RAM-001,Ramallah,31.9038,35.2034,2c531e40a3a7ce8c,7886dc49e06313fd,0-4,OTHER,moderate,2026-08-21T10:02:00,ehr
PS-RAM-001,Ramallah,31.9038,35.2034,2c531e40a3a7ce8c,c64a7306923721f2,18-49,OTHER,mild,2026-08-21T09:38:00,pharmacy
PS-RAM-001,Ramallah,31.9038,35.2034,865eea42f5c6ccea,5fb1bfb4da38478b,5-17,OTHER,mild,2026-08-21T13:04:00,ehr
PS-NAB-001,Nablus,32.2211,35.2544,ce0af50d2ab5f724,b5bfab9b010a04f4,65+,ILI,mild,2026-08-21T11:43:00,ehr
PS-NAB-001,Nablus,32.2211,35.2544,c9eef5119a779be2,d4795b7a823c17f4,65+,ILI,mild,2026-08-21T08:40:00,ehr
PS-NAB-001,Nablus,32.2211,35.2544,62c116f8ada8f79a,8b17182ec219c709,18-49,ILI,mild,2026-08-21T18:23:00,lab
PS-NAB-001,Nablus,32.2211,35.2544,62c116f8ada8f79a,94790d0619aa44b5,0-4,ILI,mild,2026-08-21T13:01:00,ehr
PS-NAB-001,Nablus,32.2211,35.2544,ce0af50d2ab5f724,9c0c97842acf9a6b,0-4,ILI,mild,2026-08-21T17:35:00,ehr
PS-NAB-001,Nablus,32.2211,35.2544,c9eef5119a779be2,01630d56ed805216,0-4,AGE,moderate,2026-08-21T12:49:00,ehr
PS-NAB-001,Nablus,32.2211,35.2544,ce0af50d2ab5f724,7643d2dac28ba6af,65+,AGE,mild,2026-08-21T07:06:00,ehr
PS-NAB-001,Nablus,32.2211,35.2544,2e49f94506905ef7,3b7e511b0389ccc4,5-17,AGE,moderate,2026-08-21T19:59:00,ehr
PS-NAB-001,Nablus,32.2211,35.2544,ce0af50d2ab5f724,330fe385c66de296,0-4,AGE,mild,2026-08-21T16:52:00,pharmacy
PS-NAB-001,Nablus,32.2211,35.2544,2e49f94506905ef7,59322eab74a3f3bc,5-17,ARI,moderate,2026-08-21T16:06:00,lab
PS-NAB-001,Nablus,32.2211,35.2544,ce0af50d2ab5f724,3889ca98766a19e0,18-49,ARI,mild,2026-08-21T09:22:00,ehr
PS-NAB-001,Nablus,32.2211,35.2544,62c116f8ada8f79a,61e3bd03115b7eb5,18-49,ARI,mild,2026-08-21T17:32:00,pharmacy
PS-NAB-001,Nablus,32.2211,35.2544,2e49f94506905ef7,e6ad8fccebef3745,50-64,ARI,mild,2026-08-21T18:17:00,ehr
PS-NAB-001,Nablus,32.2211,35.2544,62c116f8ada8f79a,cdbd27ce5f57ac01,18-49,ARI,mild,2026-08-21T18:49:00,lab
PS-NAB-001,Nablus,32.2211,35.2544,c9eef5119a779be2,5f2a2055f1df4b06,50-64,ARI,mild,2026-08-21T09:28:00,ehr
PS-NAB-001,Nablus,32.2211,35.2544,62c116f8ada8f79a,04d04ec42d6fb7ba,5-17,ARI,moderate,2026-08-21T13:33:00,ehr
PS-NAB-001,Nablus,32.2211,35.2544,c9eef5119a779be2,b66faeeb72919655,50-64,ARI,mild,2026-08-21T13:49:00,ehr
PS-NAB-001,Nablus,32.2211,35.2544,ce0af50d2ab5f724,7e5a17aa4d0f99b8,50-64,OTHER,mild,2026-08-21T18:18:00,lab
PS-NAB-001,Nablus,32.2211,35.2544,62c116f8ada8f79a,cbc8903b86c92f9b,18-49,OTHER,mild,2026-08-21T17:32:00,pharmacy
PS-NAB-001,Nablus,32.2211,35.2544,ce0af50d2ab5f724,a77adb96e56e6ee1,0-4,OTHER,mild,2026-08-21T18:07:00,ehr
PS-NAB-001,Nablus,32.2211,35.2544,c9eef5119a779be2,8049a36f5e0c486d,5-17,OTHER,moderate,2026-08-21T18:27:00,pharmacy
PS-NAB-001,Nablus,32.2211,35.2544,2e49f94506905ef7,ee8af127e8e7f92b,18-49,OTHER,severe,2026-08-21T17:38:00,pharmacy
PS-NAB-001,Nablus,32.2211,35.2544,2e49f94506905ef7,779a321422500782,5-17,OTHER,mild,2026-08-21T10:11:00,ehr
PS-BET-001,Bethlehem,31.7054,35.2024,2ee779d7897ae9a5,2d77a1a1afebba87,65+,ILI,mild,2026-08-21T13:10:00,ehr
PS-BET-001,Bethlehem,31.7054,35.2024,c1a0ab6562099869,568d093987b15042,5-17,ILI,mild,2026-08-21T20:34:00,ehr
PS-BET-001,Bethlehem,31.7054,35.2024,53365b5018ccb30a,50196c1966c6a246,5-17,ILI,mild,2026-08-21T10:00:00,pharmacy
PS-BET-001,Bethlehem,31.7054,35.2024,c1a0ab6562099869,aad242edd84874c8,65+,ILI,moderate,2026-08-21T20:57:00,lab
PS-BET-001,Bethlehem,31.7054,35.2024,c1a0ab6562099869,cdcaaeed2c6bcda6,18-49,ILI,mild,2026-08-21T07:22:00,ehr
PS-BET-001,Bethlehem,31.7054,35.2024,2ee779d7897ae9a5,14a9ba2ad53d609f,50-64,AGE,mild,2026-08-21T08:00:00,ehr
PS-BET-001,Bethlehem,31.7054,35.2024,0a12ccb2fb499cd0,4630a6eb2b389110,18-49,ARI,moderate,2026-08-21T10:05:00,ehr
PS-BET-001,Bethlehem,31.7054,35.2024,2ee779d7897ae9a5,4c9aa747352158a3,5-17,ARI,mild,2026-08-21T09:49:00,ehr
PS-BET-001,Bethlehem,31.7054,35.2024,0a12ccb2fb499cd0,bb00e36a99344897,18-49,ARI,mild,2026-08-21T12:27:00,lab
PS-BET-001,Bethlehem,31.7054,35.2024,53365b5018ccb30a,05d78aae37b153d3,5-17,ARI,mild,2026-08-21T17:53:00,lab
PS-BET-001,Bethlehem,31.7054,35.2024,0a12ccb2fb499cd0,ec05896ffe0c2b57,0-4,ARI,mild,2026-08-21T07:22:00,ehr
PS-BET-001,Bethlehem,31.7054,35.2024,2ee779d7897ae9a5,a3a9d8480f43e48d,0-4,OTHER,mild,2026-08-21T10:30:00,lab
PS-BET-001,Bethlehem,31.7054,35.2024,0a12ccb2fb499cd0,c8e17d63db8343c3,5-17,OTHER,moderate,2026-08-21T19:43:00,lab
PS-JEN-001,Jenin,32.4597,35.2951,d723f8382af3d058,218b45e29e66c2f5,0-4,AGE,severe,2026-08-21T20:52:00,ehr
PS-JEN-001,Jenin,32.4597,35.2951,c0d662d41ad4a594,937bf655e2a183f7,18-49,AGE,moderate,2026-08-21T09:09:00,ehr
PS-JEN-001,Jenin,32.4597,35.2951,02322af968c6062f,dc1c78e0db6dab1a,18-49,ARI,mild,2026-08-21T13:38:00,lab
PS-JEN-001,Jenin,32.4597,35.2951,d723f8382af3d058,c85455b78bbc36e5,5-17,ARI,mild,2026-08-21T08:48:00,pharmacy
PS-JEN-001,Jenin,32.4597,35.2951,c0d662d41ad4a594,4f5a0a2e83a8130b,18-49,ARI,moderate,2026-08-21T09:15:00,ehr
PS-JEN-001,Jenin,32.4597,35.2951,d723f8382af3d058,981ffd1ff2b42bf0,5-17,ARI,moderate,2026-08-21T17:52:00,ehr
PS-JEN-001,Jenin,32.4597,35.2951,0747c175e69e0dff,cd7693e11dd7ae44,5-17,ARI,moderate,2026-08-21T18:46:00,ehr
PS-JEN-001,Jenin,32.4597,35.2951,0747c175e69e0dff,0f36e818bd5a5d48,18-49,ARI,mild,2026-08-21T10:07:00,ehr
PS-JEN-001,Jenin,32.4597,35.2951,02322af968c6062f,85b53ba7d48e7937,18-49,FEVER_RASH,mild,2026-08-21T09:27:00,ehr
PS-HEB-001,Hebron,31.5326,35.0998,f17af80950dde2c9,411125f4eabba6e5,18-49,ILI,mild,2026-08-22T07:32:00,ehr
PS-HEB-001,Hebron,31.5326,35.0998,d3391f64b3beb0a2,109a3c30d245971a,18-49,ILI,mild,2026-08-22T12:17:00,ehr
PS-HEB-001,Hebron,31.5326,35.0998,7c5d3d710b7ca6a2,07c31ddeb0cafa19,0-4,ILI,moderate,2026-08-22T09:02:00,ehr
PS-HEB-001,Hebron,31.5326,35.0998,d3391f64b3beb0a2,b7a477645475a5e8,50-64,ILI,mild,2026-08-22T11:30:00,ehr
PS-HEB-001,Hebron,31.5326,35.0998,d3391f64b3beb0a2,5283cfa3b387c077,5-17,ILI,mild,2026-08-22T11:31:00,ehr
PS-HEB-001,Hebron,31.5326,35.0998,e3dff89ada235d59,a388a12f402a0708,5-17,ILI,moderate,2026-08-22T17:35:00,ehr
PS-HEB-001,Hebron,31.5326,35.0998,d3391f64b3beb0a2,a265fa47df6a50e9,5-17,ILI,mild,2026-08-22T18:49:00,pharmacy
PS-HEB-001,Hebron,31.5326,35.0998,7c5d3d710b7ca6a2,ffc816e630725bb7,0-4,ILI,moderate,2026-08-22T13:05:00,ehr
PS-HEB-001,Hebron,31.5326,35.0998,e3dff89ada235d59,b6e63469b6959112,5-17,ILI,mild,2026-08-22T07:37:00,ehr
PS-HEB-001,Hebron,31.5326,35.0998,d3391f64b3beb0a2,4229022d07b8898e,5-17,AGE,mild,2026-08-22T08:34:00,ehr
PS-HEB-001,Hebron,31.5326,35.0998,e3dff89ada235d59,443ee23b0d985c1a,0-4,AGE,mild,2026-08-22T15:46:00,pharmacy
PS-HEB-001,Hebron,31.5326,35.0998,d3391f64b3beb0a2,a2f23b95a455a677,50-64,AGE,mild,2026-08-22T18:16:00,ehr
PS-HEB-001,Hebron,31.5326,35.0998,f17af80950dde2c9,297199d0fa904f46,18-49,AGE,moderate,2026-08-22T13:04:00,pharmacy
PS-HEB-001,Hebron,31.5326,35.0998,e3dff89ada235d59,00b62523db00338c,18-49,AGE,mild,2026-08-22T19:01:00,ehr
PS-HEB-001,Hebron,31.5326,35.0998,7c5d3d710b7ca6a2,2515de24200a853a,50-64,AGE,mild,2026-08-22T11:02:00,lab
PS-HEB-001,Hebron,31.5326,35.0998,7c5d3d710b7ca6a2,ca0141e78c3ee04f,5-17,AGE,moderate,2026-08-22T14:43:00,lab
PS-HEB-001,Hebron,31.5326,35.0998,e3dff89ada235d59,f8763ab3c9645741,5-17,ARI,mild,2026-08-22T16:17:00,ehr
PS-HEB-001,Hebron,31.5326,35.0998,7c5d3d710b7ca6a2,c2d57e93ae65c81a,50-64,ARI,moderate,2026-08-22T16:44:00,lab
PS-HEB-001,Hebron,31.5326,35.0998,d3391f64b3beb0a2,eb5ad8509ba4c5a0,5-17,ARI,mild,2026-08-22T15:45:00,ehr
PS-HEB-001,Hebron,31.5326,35.0998,e3dff89ada235d59,504acf77922a8fe1,5-17,ARI,mild,2026-08-22T15:07:00,ehr
PS-HEB-001,Hebron,31.5326,35.0998,e3dff89ada235d59,5c8015fd5d1e49dc,65+,ARI,mild,2026-08-22T07:40:00,ehr
PS-HEB-001,Hebron,31.5326,35.0998,7c5d3d710b7ca6a2,0a602b6a1df342cc,18-49,ARI,mild,2026-08-22T11:55:00,ehr
PS-HEB-001,Hebron,31.5326,35.0998,7c5d3d710b7ca6a2,9312c16b062eafb6,18-49,FEVER_RASH,mild,2026-08-22T15:07:00,ehr
PS-HEB-001,Hebron,31.5326,35.0998,e3dff89ada235d59,e5c538f68b14ab56,18-49,MENINGITIS_LIKE,mild,2026-08-22T15:16:00,ehr
PS-HEB-001,Hebron,31.5326,35.0998,7c5d3d710b7ca6a2,53d4ceaa8d54b46e,50-64,MENINGITIS_LIKE,mild,2026-08-22T07:40:00,ehr
PS-HEB-001,Hebron,31.5326,35.0998,7c5d3d710b7ca6a2,5ba7d8bd576fc1bb,18-49,OTHER,mild,2026-08-22T15:42:00,ehr
PS-HEB-001,Hebron,31.5326,35.0998,e3dff89ada235d59,a1332dbb28238a8c,50-64,OTHER,mild,2026-08-22T20:40:00,ehr
PS-HEB-001,Hebron,31.5326,35.0998,f17af80950dde2c9,2463db29691b43bc,5-17,OTHER,mild,2026-08-22T10:37:00,lab
PS-HEB-001,Hebron,31.5326,35.0998,f17af80950dde2c9,4d5c59c506a11ee0,0-4,OTHER,mild,2026-08-22T12:09:00,ehr
PS-HEB-001,Hebron,31.5326,35.0998,e3dff89ada235d59,b45145fd66948767,5-17,OTHER,mild,2026-08-22T20:55:00,ehr
PS-HEB-001,Hebron,31.5326,35.0998,7c5d3d710b7ca6a2,0ef1e0bf61b6da36,5-17,OTHER,moderate,2026-08-22T17:18:00,lab
PS-HEB-001,Hebron,31.5326,35.0998,e3dff89ada235d59,21e019c580a36209,0-4,OTHER,mild,2026-08-22T17:38:00,ehr
PS-HEB-001,Hebron,31.5326,35.0998,f17af80950dde2c9,726894a0b9bb6ad7,0-4,OTHER,mild,2026-08-22T14:58:00,ehr
PS-HEB-001,Hebron,31.5326,35.0998,f17af80950dde2c9,901acda4665621be,5-17,OTHER,mild,2026-08-22T16:06:00,ehr
PS-HEB-001,Hebron,31.5326,35.0998,7c5d3d710b7ca6a2,9bfb4404a8993eb2,0-4,OTHER,moderate,2026-08-22T19:53:00,ehr
PS-HEB-001,Hebron,31.5326,35.0998,7c5d3d710b7ca6a2,ee6f513ae881d2bb,50-64,OTHER,mild,2026-08-22T09:40:00,ehr
PS-HEB-001,Hebron,31.5326,35.0998,d3391f64b3beb0a2,c98ccaa2427e048e,50-64,OTHER,mild,2026-08-22T15:47:00,ehr
PS-HEB-001,Hebron,31.5326,35.0998,f17af80950dde2c9,9e64cc00a561e9d5,50-64,OTHER,mild,2026-08-22T14:48:00,lab
PS-HEB-001,Hebron,31.5326,35.0998,7c5d3d710b7ca6a2,e7f948f6b85a07a4,18-49,OTHER,mild,2026-08-22T09:15:00,pharmacy
PS-HEB-001,Hebron,31.5326,35.0998,7c5d3d710b7ca6a2,148aeb7a0456904b,0-4,OTHER,mild,2026-08-22T08:01:00,pharmacy
PS-HEB-002,Hebron,31.545,35.087,d1fda43bf12417c4,7717cbb3e0a3e9ec,0-4,ILI,mild,2026-08-22T07:58:00,ehr
PS-HEB-002,Hebron,31.545,35.087,3000fc3d8d01f75a,6c1436ae222489d9,5-17,ILI,moderate,2026-08-22T12:41:00,lab
PS-HEB-002,Hebron,31.545,35.087,b828601a5432663a,a8121a3b5b39cd06,18-49,ILI,severe,2026-08-22T17:56:00,ehr
PS-HEB-002,Hebron,31.545,35.087,3000fc3d8d01f75a,aa120df62259cb50,0-4,ILI,mild,2026-08-22T08:18:00,ehr
PS-HEB-002,Hebron,31.545,35.087,b828601a5432663a,14538596281ded59,18-49,ILI,mild,2026-08-22T08:57:00,pharmacy
PS-HEB-002,Hebron,31.545,35.087,d1fda43bf12417c4,e9f72ced85681cfa,18-49,ILI,mild,2026-08-22T12:38:00,ehr
PS-HEB-002,Hebron,31.545,35.087,3000fc3d8d01f75a,21d275239d5634d7,5-17,ILI,mild,2026-08-22T16:52:00,lab
PS-HEB-002,Hebron,31.545,35.087,3000fc3d8d01f75a,e04506683cf56aee,50-64,ILI,moderate,2026-08-22T17:23:00,ehr
PS-HEB-002,Hebron,31.545,35.087,d1fda43bf12417c4,bf59a97c3aa63c8f,50-64,AGE,mild,2026-08-22T19:00:00,ehr
PS-HEB-002,Hebron,31.545,35.087,9b34d36ec3c96b37,4c30c1cf33a782a9,50-64,AGE,mild,2026-08-22T13:28:00,lab
PS-HEB-002,Hebron,31.545,35.087,d1fda43bf12417c4,abda08eca3cf08a4,5-17,ARI,mild,2026-08-22T08:20:00,ehr
PS-HEB-002,Hebron,31.545,35.087,9b34d36ec3c96b37,77a870e5915eaaa3,18-49,ARI,mild,2026-08-22T14:27:00,ehr
PS-HEB-002,Hebron,31.545,35.087,d1fda43bf12417c4,30b95dd0816f6865,5-17,ARI,mild,2026-08-22T09:51:00,pharmacy
PS-HEB-002,Hebron,31.545,35.087,d1fda43bf12417c4,bd23839b7b6002c7,18-49,ARI,mild,2026-08-22T15:31:00,lab
PS-HEB-002,Hebron,31.545,35.087,d1fda43bf12417c4,6d7ac40e4759b436,18-49,ARI,mild,2026-08-22T15:36:00,ehr
PS-HEB-002,Hebron,31.545,35.087,b828601a5432663a,6450663a671469e2,5-17,ARI,mild,2026-08-22T10:54:00,ehr
PS-HEB-002,Hebron,31.545,35.087,3000fc3d8d01f75a,7d7b27f8663faa9d,5-17,ARI,moderate,2026-08-22T08:03:00,ehr
PS-HEB-002,Hebron,31.545,35.087,d1fda43bf12417c4,d325e4e3b5603518,50-64,ARI,mild,2026-08-22T11:29:00,lab
PS-HEB-002,Hebron,31.545,35.087,d1fda43bf12417c4,776e1d299be556e6,0-4,FEVER_RASH,mild,2026-08-22T10:13:00,ehr
PS-HEB-002,Hebron,31.545,35.087,b828601a5432663a,299ed7c28d9e60d8,18-49,OTHER,mild,2026-08-22T18:06:00,ehr
PS-HEB-002,Hebron,31.545,35.087,3000fc3d8d01f75a,e5160254741ce726,0-4,OTHER,mild,2026-08-22T07:09:00,ehr
PS-HEB-002,Hebron,31.545,35.087,9b34d36ec3c96b37,02c7c693df22ab42,0-4,OTHER,mild,2026-08-22T16:53:00,ehr
PS-HEB-002,Hebron,31.545,35.087,3000fc3d8d01f75a,7f581308d26262e9,18-49,OTHER,moderate,2026-08-22T18:33:00,lab
PS-HEB-002,Hebron,31.545,35.087,b828601a5432663a,b53f99f21101e294,5-17,OTHER,mild,2026-08-22T19:41:00,ehr
PS-RAM-001,Ramallah,31.9038,35.2034,d4bc341fd534ad06,11c380309e195ed6,50-64,ILI,mild,2026-08-22T09:00:00,lab
PS-RAM-001,Ramallah,31.9038,35.2034,865eea42f5c6ccea,57b9ba8ebdf1a11e,50-64,ILI,mild,2026-08-22T15:45:00,ehr
PS-RAM-001,Ramallah,31.9038,35.2034,2c531e40a3a7ce8c,15d4271f9f94ef01,5-17,ILI,mild,2026-08-22T13:59:00,lab
PS-RAM-001,Ramallah,31.9038,35.2034,2c531e40a3a7ce8c,ac5fc6d54a54962f,18-49,ILI,mild,2026-08-22T09:47:00,lab
PS-RAM-001,Ramallah,31.9038,35.2034,4dc3b3d585035dae,112a98e98bc35fc1,50-64,ILI,mild,2026-08-22T09:52:00,ehr
PS-RAM-001,Ramallah,31.9038,35.2034,d4bc341fd534ad06,e22131839695fdd9,50-64,ILI,mild,2026-08-22T17:41:00,ehr
PS-RAM-001,Ramallah,31.9038,35.2034,2c531e40a3a7ce8c,a97dacea74dbd177,5-17,ILI,mild,2026-08-22T17:27:00,ehr
PS-RAM-001,Ramallah,31.9038,35.2034,865eea42f5c6ccea,75e2398c0f896098,0-4,ILI,mild,2026-08-22T16:49:00,pharmacy
PS-RAM-001,Ramallah,31.9038,35.2034,2c531e40a3a7ce8c,dfd3fb3a8edd03fb,18-49,AGE,moderate,2026-08-22T08:04:00,ehr
PS-RAM-001,Ramallah,31.9038,35.2034,2c531e40a3a7ce8c,946122e33857d843,18-49,AGE,mild,2026-08-22T10:35:00,ehr
PS-RAM-001,Ramallah,31.9038,35.2034,4dc3b3d585035dae,89fac52b67245e8f,18-49,AGE,moderate,2026-08-22T08:36:00,ehr
PS-RAM-001,Ramallah,31.9038,35.2034,4dc3b3d585035dae,3987e16b6c5ddbc1,65+,AGE,mild,2026-08-22T07:20:00,ehr
PS-RAM-001,Ramallah,31.9038,35.2034,d4bc341fd534ad06,880291a3f87d39da,18-49,AGE,mild,2026-08-22T19:18:00,lab
PS-RAM-001,Ramallah,31.9038,35.2034,4dc3b3d585035dae,fc2c0306fac8a0fb,5-17,ARI,moderate,2026-08-22T18:43:00,pharmacy
PS-RAM-001,Ramallah,31.9038,35.2034,2c531e40a3a7ce8c,2aa1ea6566476eb3,0-4,ARI,moderate,2026-08-22T08:32:00,lab
PS-RAM-001,Ramallah,31.9038,35.2034,4dc3b3d585035dae,0d2f8db1602902eb,5-17,ARI,mild,2026-08-22T16:55:00,lab
PS-RAM-001,Ramallah,31.9038,35.2034,4dc3b3d585035dae,03049703cb61ab58,65+,ARI,mild,2026-08-22T08:56:00,ehr
PS-RAM-001,Ramallah,31.9038,35.2034,2c531e40a3a7ce8c,ca3cf8e06fd7126b,18-49,ARI,mild,2026-08-22T19:43:00,pharmacy
PS-RAM-001,Ramallah,31.9038,35.2034,865eea42f5c6ccea,586b41513dd467ff,18-49,ARI,mild,2026-08-22T15:46:00,ehr
PS-RAM-001,Ramallah,31.9038,35.2034,d4bc341fd534ad06,4a1dcb61c75d7ab0,0-4,ARI,moderate,2026-08-22T12:39:00,lab
PS-RAM-001,Ramallah,31.9038,35.2034,4dc3b3d585035dae,5ae07e58a7efb3c8,65+,ARI,mild,2026-08-22T10:13:00,lab
PS-RAM-001,Ramallah,31.9038,35.2034,865eea42f5c6ccea,a9ced52edfa787f3,18-49,JAUNDICE,severe,2026-08-22T19:55:00,ehr
PS-RAM-001,Ramallah,31.9038,35.2034,865eea42f5c6ccea,e72723372748f314,5-17,OTHER,mild,2026-08-22T09:59:00,ehr
PS-RAM-001,Ramallah,31.9038,35.2034,4dc3b3d585035dae,e16ab57ca5a4ecf5,5-17,OTHER,moderate,2026-08-22T12:05:00,ehr
PS-RAM-001,Ramallah,31.9038,35.2034,d4bc341fd534ad06,3e4b43ccdb2f34bc,18-49,OTHER,mild,2026-08-22T14:16:00,ehr
PS-RAM-001,Ramallah,31.9038,35.2034,4dc3b3d585035dae,2363cba9795d14fe,5-17,OTHER,mild,2026-08-22T16:31:00,lab
PS-RAM-001,Ramallah,31.9038,35.2034,2c531e40a3a7ce8c,13185731af495407,18-49,OTHER,mild,2026-08-22T20:39:00,pharmacy
PS-RAM-001,Ramallah,31.9038,35.2034,4dc3b3d585035dae,4630f382331d4c8e,18-49,OTHER,mild,2026-08-22T12:23:00,ehr
PS-RAM-001,Ramallah,31.9038,35.2034,4dc3b3d585035dae,bbdfcdbfc0e9162f,18-49,OTHER,mild,2026-08-22T17:02:00,pharmacy
PS-RAM-001,Ramallah,31.9038,35.2034,4dc3b3d585035dae,08e0097bd7917d59,5-17,OTHER,mild,2026-08-22T07:09:00,lab
PS-RAM-001,Ramallah,31.9038,35.2034,2c531e40a3a7ce8c,77d561c401fc6d0e,18-49,OTHER,mild,2026-08-22T20:04:00,ehr
PS-NAB-001,Nablus,32.2211,35.2544,ce0af50d2ab5f724,4d959849d47ae8e8,0-4,ILI,mild,2026-08-22T15:57:00,ehr
PS-NAB-001,Nablus,32.2211,35.2544,ce0af50d2ab5f724,fea61407789d7b66,5-17,ILI,mild,2026-08-22T13:49:00,ehr
PS-NAB-001,Nablus,32.2211,35.2544,ce0af50d2ab5f724,5110e3bd85e125ec,5-17,ILI,moderate,2026-08-22T12:38:00,ehr
PS-NAB-001,Nablus,32.2211,35.2544,2e49f94506905ef7,2e150a3387cf3673,18-49,ILI,moderate,2026-08-22T11:29:00,ehr
PS-NAB-001,Nablus,32.2211,35.2544,c9eef5119a779be2,b150018c729fc6b2,18-49,ILI,severe,2026-08-22T17:13:00,lab
PS-NAB-001,Nablus,32.2211,35.2544,c9eef5119a779be2,83d179bc477bc010,50-64,ILI,severe,2026-08-22T07:59:00,ehr
PS-NAB-001,Nablus,32.2211,35.2544,2e49f94506905ef7,1adecb650e8fa33c,65+,AGE,mild,2026-08-22T07:13:00,ehr
PS-NAB-001,Nablus,32.2211,35.2544,62c116f8ada8f79a,c7a8f17f42968879,0-4,AGE,mild,2026-08-22T11:40:00,lab
PS-NAB-001,Nablus,32.2211,35.2544,ce0af50d2ab5f724,b091d7b7738e48bc,50-64,AGE,mild,2026-08-22T08:19:00,ehr
PS-NAB-001,Nablus,32.2211,35.2544,2e49f94506905ef7,02746e2c492ad33c,0-4,AGE,moderate,2026-08-22T09:53:00,ehr
PS-NAB-001,Nablus,32.2211,35.2544,62c116f8ada8f79a,f663fa0741ec1032,5-17,AGE,moderate,2026-08-22T19:19:00,lab
PS-NAB-001,Nablus,32.2211,35.2544,62c116f8ada8f79a,72343be8c15ad8bc,65+,AGE,mild,2026-08-22T14:34:00,pharmacy
PS-NAB-001,Nablus,32.2211,35.2544,2e49f94506905ef7,0391c824fb98c317,18-49,AGE,moderate,2026-08-22T13:52:00,ehr
PS-NAB-001,Nablus,32.2211,35.2544,c9eef5119a779be2,da65beac9681543c,18-49,ARI,moderate,2026-08-22T16:09:00,ehr
PS-NAB-001,Nablus,32.2211,35.2544,ce0af50d2ab5f724,24a21146be22d136,65+,ARI,mild,2026-08-22T07:09:00,ehr
PS-NAB-001,Nablus,32.2211,35.2544,ce0af50d2ab5f724,75b0450b615c8614,5-17,ARI,moderate,2026-08-22T08:50:00,lab
PS-NAB-001,Nablus,32.2211,35.2544,62c116f8ada8f79a,45f3edacd3c56c3a,18-49,ARI,mild,2026-08-22T20:54:00,pharmacy
PS-NAB-001,Nablus,32.2211,35.2544,62c116f8ada8f79a,f40e29352f09f6d9,18-49,ARI,mild,2026-08-22T08:02:00,pharmacy
PS-NAB-001,Nablus,32.2211,35.2544,ce0af50d2ab5f724,4da60b26ced71084,5-17,ARI,mild,2026-08-22T19:10:00,ehr
PS-NAB-001,Nablus,32.2211,35.2544,2e49f94506905ef7,63b1bfae12ecd08f,5-17,ARI,mild,2026-08-22T17:36:00,ehr
PS-NAB-001,Nablus,32.2211,35.2544,2e49f94506905ef7,add0a65ae624509b,18-49,ARI,mild,2026-08-22T11:32:00,lab
PS-NAB-001,Nablus,32.2211,35.2544,c9eef5119a779be2,cdcf4e458aebb2bc,5-17,ARI,mild,2026-08-22T13:26:00,pharmacy
PS-NAB-001,Nablus,32.2211,35.2544,2e49f94506905ef7,73c5ca36783d4d52,65+,ARI,mild,2026-08-22T19:21:00,ehr
PS-NAB-001,Nablus,32.2211,35.2544,62c116f8ada8f79a,7b9696cea2201af7,18-49,ARI,mild,2026-08-22T09:35:00,lab
PS-NAB-001,Nablus,32.2211,35.2544,2e49f94506905ef7,d182091c18e67a88,65+,ARI,moderate,2026-08-22T17:18:00,ehr
PS-NAB-001,Nablus,32.2211,35.2544,2e49f94506905ef7,ea14e3923d200063,18-49,FEVER_RASH,mild,2026-08-22T08:41:00,lab
PS-NAB-001,Nablus,32.2211,35.2544,2e49f94506905ef7,35c98f5c93be9ed0,18-49,FEVER_RASH,mild,2026-08-22T18:48:00,ehr
PS-NAB-001,Nablus,32.2211,35.2544,2e49f94506905ef7,fe9c26b4c12a44ca,5-17,OTHER,mild,2026-08-22T15:24:00,ehr
PS-NAB-001,Nablus,32.2211,35.2544,ce0af50d2ab5f724,cd608e0d1eea6058,18-49,OTHER,moderate,2026-08-22T12:50:00,lab
PS-NAB-001,Nablus,32.2211,35.2544,62c116f8ada8f79a,fa1a1ff644b67491,18-49,OTHER,mild,2026-08-22T07:23:00,ehr
PS-NAB-001,Nablus,32.2211,35.2544,ce0af50d2ab5f724,6eb464678fa62f13,18-49,OTHER,mild,2026-08-22T11:53:00,lab
PS-NAB-001,Nablus,32.2211,35.2544,2e49f94506905ef7,b0098421c2adcf23,0-4,OTHER,mild,2026-08-22T07:00:00,pharmacy
PS-NAB-001,Nablus,32.2211,35.2544,c9eef5119a779be2,658e76b5348d6f18,5-17,OTHER,severe,2026-08-22T20:47:00,lab
PS-NAB-001,Nablus,32.2211,35.2544,ce0af50d2ab5f724,732116c069b0c50a,5-17,OTHER,mild,2026-08-22T10:35:00,ehr
PS-NAB-001,Nablus,32.2211,35.2544,ce0af50d2ab5f724,82b9e7fb48cefe78,0-4,OTHER,mild,2026-08-22T19:59:00,ehr
PS-NAB-001,Nablus,32.2211,35.2544,c9eef5119a779be2,d448fe5e0fce2003,18-49,OTHER,mild,2026-08-22T13:57:00,ehr
PS-NAB-001,Nablus,32.2211,35.2544,62c116f8ada8f79a,dd1bfb9975568594,18-49,OTHER,mild,2026-08-22T18:51:00,lab
PS-NAB-001,Nablus,32.2211,35.2544,c9eef5119a779be2,b203deb30dd4c91b,50-64,OTHER,mild,2026-08-22T20:48:00,ehr
PS-NAB-001,Nablus,32.2211,35.2544,2e49f94506905ef7,1531f5e2bf75bac6,0-4,OTHER,mild,2026-08-22T10:05:00,pharmacy
PS-NAB-001,Nablus,32.2211,35.2544,2e49f94506905ef7,4e28049bc47b4b37,18-49,OTHER,mild,2026-08-22T09:01:00,ehr
PS-BET-001,Bethlehem,31.7054,35.2024,0a12ccb2fb499cd0,0e502891e6d7b695,5-17,ILI,moderate,2026-08-22T19:22:00,ehr
PS-BET-001,Bethlehem,31.7054,35.2024,0a12ccb2fb499cd0,7ad305ca6a3951bd,18-49,ILI,moderate,2026-08-22T10:34:00,lab
PS-BET-001,Bethlehem,31.7054,35.2024,c1a0ab6562099869,1bd1025fcecf223c,5-17,ILI,moderate,2026-08-22T19:16:00,ehr
PS-BET-001,Bethlehem,31.7054,35.2024,c1a0ab6562099869,68380cf397c0ea07,0-4,ILI,moderate,2026-08-22T17:37:00,ehr
PS-BET-001,Bethlehem,31.7054,35.2024,2ee779d7897ae9a5,879156417294ed56,5-17,ILI,mild,2026-08-22T08:09:00,ehr
PS-BET-001,Bethlehem,31.7054,35.2024,2ee779d7897ae9a5,e8fd75021165b135,50-64,ILI,mild,2026-08-22T14:54:00,ehr
PS-BET-001,Bethlehem,31.7054,35.2024,c1a0ab6562099869,19dab89ec1c3681f,18-49,ILI,mild,2026-08-22T14:50:00,ehr
PS-BET-001,Bethlehem,31.7054,35.2024,53365b5018ccb30a,b705ff1bbc67a361,5-17,ILI,mild,2026-08-22T10:43:00,lab
PS-BET-001,Bethlehem,31.7054,35.2024,0a12ccb2fb499cd0,19cb2b1087f0ef91,5-17,AGE,moderate,2026-08-22T19:10:00,pharmacy
PS-BET-001,Bethlehem,31.7054,35.2024,c1a0ab6562099869,4dfd434160edb6ea,0-4,AGE,mild,2026-08-22T17:38:00,ehr
PS-BET-001,Bethlehem,31.7054,35.2024,0a12ccb2fb499cd0,1d5afc1f0337a9f0,18-49,ARI,mild,2026-08-22T15:00:00,ehr
PS-BET-001,Bethlehem,31.7054,35.2024,c1a0ab6562099869,28939c0e8608f37a,18-49,FEVER_RASH,mild,2026-08-22T10:38:00,ehr
PS-BET-001,Bethlehem,31.7054,35.2024,c1a0ab6562099869,5418a15ef6b30d44,18-49,OTHER,moderate,2026-08-22T09:14:00,ehr
PS-BET-001,Bethlehem,31.7054,35.2024,0a12ccb2fb499cd0,eb9e59a917ec1ea0,65+,OTHER,mild,2026-08-22T11:30:00,pharmacy
PS-BET-001,Bethlehem,31.7054,35.2024,53365b5018ccb30a,e21f0cfd257e9dc8,18-49,OTHER,mild,2026-08-22T17:18:00,pharmacy
PS-BET-001,Bethlehem,31.7054,35.2024,0a12ccb2fb499cd0,d3e96c1a9ab8ae22,5-17,OTHER,mild,2026-08-22T13:59:00,ehr
PS-JEN-001,Jenin,32.4597,35.2951,c0d662d41ad4a594,bca3df035592fe0d,5-17,ILI,mild,2026-08-22T19:49:00,lab
PS-JEN-001,Jenin,32.4597,35.2951,d723f8382af3d058,1604613705a6ea3d,18-49,ILI,moderate,2026-08-22T13:56:00,ehr
PS-JEN-001,Jenin,32.4597,35.2951,d723f8382af3d058,72d3396a5b0882fa,18-49,ILI,mild,2026-08-22T16:06:00,ehr
PS-JEN-001,Jenin,32.4597,35.2951,02322af968c6062f,4effd4bef835a750,18-49,ILI,moderate,2026-08-22T17:52:00,pharmacy
PS-JEN-001,Jenin,32.4597,35.2951,d723f8382af3d058,f50c0b0e8280df40,5-17,ILI,moderate,2026-08-22T11:37:00,pharmacy
PS-JEN-001,Jenin,32.4597,35.2951,02322af968c6062f,8369175b6caa068a,0-4,ILI,moderate,2026-08-22T12:25:00,lab
PS-JEN-001,Jenin,32.4597,35.2951,c0d662d41ad4a594,d39283eef80ed22e,5-17,AGE,mild,2026-08-22T19:11:00,ehr
PS-JEN-001,Jenin,32.4597,35.2951,c0d662d41ad4a594,0cae3849af5ec5e5,0-4,AGE,mild,2026-08-22T12:09:00,ehr
PS-JEN-001,Jenin,32.4597,35.2951,c0d662d41ad4a594,dde4e5947dac9888,50-64,ARI,mild,2026-08-22T16:50:00,lab
PS-JEN-001,Jenin,32.4597,35.2951,0747c175e69e0dff,1f14f85f06e7fa16,18-49,ARI,mild,2026-08-22T11:38:00,ehr
PS-JEN-001,Jenin,32.4597,35.2951,02322af968c6062f,0edb4f0c96fafe86,18-49,ARI,mild,2026-08-22T18:38:00,lab
PS-JEN-001,Jenin,32.4597,35.2951,c0d662d41ad4a594,7a7dc42ad217ef47,5-17,ARI,mild,2026-08-22T12:52:00,lab
PS-JEN-001,Jenin,32.4597,35.2951,c0d662d41ad4a594,79fa52bf0752aa71,18-49,OTHER,mild,2026-08-22T09:38:00,ehr
PS-JEN-001,Jenin,32.4597,35.2951,02322af968c6062f,2f17e1010609a36b,50-64,OTHER,mild,2026-08-22T11:01:00,lab
PS-JEN-001,Jenin,32.4597,35.2951,02322af968c6062f,ef489dc024303252,5-17,OTHER,mild,2026-08-22T07:57:00,lab
PS-JEN-001,Jenin,32.4597,35.2951,d723f8382af3d058,b5325b9995bb2fc4,18-49,OTHER,mild,2026-08-22T08:53:00,ehr
PS-JEN-001,Jenin,32.4597,35.2951,c0d662d41ad4a594,9eed7a462769dfe8,18-49,OTHER,mild,2026-08-22T13:05:00,ehr
PS-HEB-001,Hebron,31.5326,35.0998,7c5d3d710b7ca6a2,a9335f059e4d65a9,50-64,ILI,moderate,2026-08-23T20:41:00,ehr
PS-HEB-001,Hebron,31.5326,35.0998,7c5d3d710b7ca6a2,e06752f0cd85c1f8,50-64,ILI,mild,2026-08-23T07:14:00,ehr
PS-HEB-001,Hebron,31.5326,35.0998,f17af80950dde2c9,d65345c30ec0f460,5-17,ILI,mild,2026-08-23T20:44:00,ehr
PS-HEB-001,Hebron,31.5326,35.0998,7c5d3d710b7ca6a2,1a00d7b8afe041c5,65+,ILI,moderate,2026-08-23T20:57:00,ehr
PS-HEB-001,Hebron,31.5326,35.0998,7c5d3d710b7ca6a2,10a8076fecad7422,0-4,ILI,mild,2026-08-23T19:02:00,ehr
PS-HEB-001,Hebron,31.5326,35.0998,f17af80950dde2c9,f2c35753209789aa,5-17,ILI,mild,2026-08-23T12:44:00,ehr
PS-HEB-001,Hebron,31.5326,35.0998,7c5d3d710b7ca6a2,5bef248162d9c499,0-4,ILI,moderate,2026-08-23T16:29:00,pharmacy
PS-HEB-001,Hebron,31.5326,35.0998,f17af80950dde2c9,2dd0cf6228362c13,18-49,AGE,mild,2026-08-23T20:57:00,pharmacy
PS-HEB-001,Hebron,31.5326,35.0998,f17af80950dde2c9,4911d42171e88ab2,18-49,AGE,severe,2026-08-23T15:15:00,ehr
PS-HEB-001,Hebron,31.5326,35.0998,d3391f64b3beb0a2,c76af178a4a358d4,18-49,ARI,mild,2026-08-23T08:16:00,ehr
PS-HEB-001,Hebron,31.5326,35.0998,e3dff89ada235d59,e70e6d492dddef31,18-49,ARI,mild,2026-08-23T17:41:00,lab
PS-HEB-001,Hebron,31.5326,35.0998,7c5d3d710b7ca6a2,d28ebc4c20773f52,18-49,ARI,mild,2026-08-23T07:13:00,lab
PS-HEB-001,Hebron,31.5326,35.0998,7c5d3d710b7ca6a2,ae07d1c4a4c03968,5-17,ARI,moderate,2026-08-23T10:31:00,pharmacy
PS-HEB-001,Hebron,31.5326,35.0998,d3391f64b3beb0a2,1d1067095ae2f388,18-49,ARI,mild,2026-08-23T15:54:00,lab
PS-HEB-001,Hebron,31.5326,35.0998,7c5d3d710b7ca6a2,e6ea88402bc197a2,50-64,ARI,mild,2026-08-23T17:09:00,ehr
PS-HEB-001,Hebron,31.5326,35.0998,e3dff89ada235d59,e601d618ed57f44c,50-64,ARI,mild,2026-08-23T13:28:00,ehr
PS-HEB-001,Hebron,31.5326,35.0998,d3391f64b3beb0a2,4bc00ecce8f769c3,65+,ARI,mild,2026-08-23T13:10:00,ehr
PS-HEB-001,Hebron,31.5326,35.0998,7c5d3d710b7ca6a2,ee33cd7e9f3824dc,18-49,ARI,mild,2026-08-23T09:29:00,lab
PS-HEB-001,Hebron,31.5326,35.0998,f17af80950dde2c9,96abcb7fddc36ad2,5-17,JAUNDICE,mild,2026-08-23T17:33:00,pharmacy
PS-HEB-001,Hebron,31.5326,35.0998,f17af80950dde2c9,f9eea5019d88e809,18-49,OTHER,mild,2026-08-23T09:25:00,ehr
PS-HEB-001,Hebron,31.5326,35.0998,7c5d3d710b7ca6a2,3d81c6129d2b2522,18-49,OTHER,moderate,2026-08-23T12:06:00,lab
PS-HEB-001,Hebron,31.5326,35.0998,e3dff89ada235d59,0355f64edc213d95,18-49,OTHER,mild,2026-08-23T10:18:00,pharmacy
PS-HEB-001,Hebron,31.5326,35.0998,f17af80950dde2c9,88ab1d74b5c97c5b,0-4,OTHER,mild,2026-08-23T16:31:00,ehr
PS-HEB-001,Hebron,31.5326,35.0998,7c5d3d710b7ca6a2,c1e9f090043c95db,0-4,OTHER,mild,2026-08-23T08:14:00,ehr
PS-HEB-001,Hebron,31.5326,35.0998,7c5d3d710b7ca6a2,e447a1d4b4636a7a,5-17,OTHER,moderate,2026-08-23T10:04:00,lab
PS-HEB-001,Hebron,31.5326,35.0998,7c5d3d710b7ca6a2,22c5bd0b175886f3,5-17,OTHER,moderate,2026-08-23T13:25:00,ehr
PS-HEB-001,Hebron,31.5326,35.0998,e3dff89ada235d59,5ffcdaa1299269a6,50-64,OTHER,mild,2026-08-23T14:13:00,ehr
PS-HEB-001,Hebron,31.5326,35.0998,d3391f64b3beb0a2,1c5b6450aac972b1,18-49,OTHER,mild,2026-08-23T18:38:00,pharmacy
PS-HEB-001,Hebron,31.5326,35.0998,f17af80950dde2c9,1514ef517e058ac5,18-49,OTHER,moderate,2026-08-23T18:39:00,ehr
PS-HEB-002,Hebron,31.545,35.087,3000fc3d8d01f75a,481184d3a06bbb53,50-64,ILI,mild,2026-08-23T09:11:00,ehr
PS-HEB-002,Hebron,31.545,35.087,9b34d36ec3c96b37,eed02eb50ed6d9dc,5-17,ILI,mild,2026-08-23T17:30:00,ehr
PS-HEB-002,Hebron,31.545,35.087,b828601a5432663a,f53f8bad9e144fc5,18-49,ILI,severe,2026-08-23T08:10:00,pharmacy
PS-HEB-002,Hebron,31.545,35.087,d1fda43bf12417c4,a202bf94d3d6868f,18-49,ILI,mild,2026-08-23T07:31:00,ehr
PS-HEB-002,Hebron,31.545,35.087,3000fc3d8d01f75a,baf74ea288a66999,50-64,ILI,mild,2026-08-23T16:43:00,ehr
PS-HEB-002,Hebron,31.545,35.087,b828601a5432663a,2b43a51632f24a15,0-4,ILI,moderate,2026-08-23T19:09:00,ehr
PS-HEB-002,Hebron,31.545,35.087,3000fc3d8d01f75a,543b0717456924f9,65+,ILI,mild,2026-08-23T14:31:00,lab
PS-HEB-002,Hebron,31.545,35.087,9b34d36ec3c96b37,3bcc73828c1fbbac,0-4,ILI,mild,2026-08-23T11:23:00,ehr
PS-HEB-002,Hebron,31.545,35.087,9b34d36ec3c96b37,26856e993148a356,0-4,AGE,mild,2026-08-23T15:49:00,ehr
PS-HEB-002,Hebron,31.545,35.087,d1fda43bf12417c4,8426d618d7324062,18-49,AGE,mild,2026-08-23T09:26:00,lab
PS-HEB-002,Hebron,31.545,35.087,9b34d36ec3c96b37,86bd56d038a45fab,5-17,AGE,moderate,2026-08-23T07:15:00,ehr
PS-HEB-002,Hebron,31.545,35.087,b828601a5432663a,06bcc109ca372c8a,65+,AGE,moderate,2026-08-23T13:40:00,pharmacy
PS-HEB-002,Hebron,31.545,35.087,d1fda43bf12417c4,55fc5fc13bfb4f5f,5-17,AGE,mild,2026-08-23T14:56:00,ehr
PS-HEB-002,Hebron,31.545,35.087,9b34d36ec3c96b37,6ef5d353c2103b5e,65+,AGE,mild,2026-08-23T13:37:00,ehr
PS-HEB-002,Hebron,31.545,35.087,b828601a5432663a,37eb5d8eef73da07,18-49,ARI,mild,2026-08-23T12:53:00,ehr
PS-HEB-002,Hebron,31.545,35.087,b828601a5432663a,1e64132cb62ea715,18-49,ARI,mild,2026-08-23T11:07:00,lab
PS-HEB-002,Hebron,31.545,35.087,3000fc3d8d01f75a,19b1e08dbfe8ecb7,18-49,ARI,mild,2026-08-23T17:09:00,ehr
PS-HEB-002,Hebron,31.545,35.087,b828601a5432663a,e304ecc9e347f79a,50-64,ARI,mild,2026-08-23T14:18:00,ehr
PS-HEB-002,Hebron,31.545,35.087,b828601a5432663a,c06926cf7d17b707,0-4,ARI,mild,2026-08-23T10:18:00,lab
PS-HEB-002,Hebron,31.545,35.087,b828601a5432663a,d3f44e2ee2602ae9,0-4,ARI,mild,2026-08-23T12:42:00,ehr
PS-HEB-002,Hebron,31.545,35.087,d1fda43bf12417c4,88bf7a930a7765b6,65+,ARI,moderate,2026-08-23T19:54:00,ehr
PS-HEB-002,Hebron,31.545,35.087,9b34d36ec3c96b37,6fea87ef2e06002f,18-49,ARI,mild,2026-08-23T18:12:00,ehr
PS-HEB-002,Hebron,31.545,35.087,3000fc3d8d01f75a,50cc909c9fd263ba,5-17,ARI,mild,2026-08-23T07:30:00,lab
PS-HEB-002,Hebron,31.545,35.087,b828601a5432663a,14d2b20ba6bc9ef8,50-64,FEVER_RASH,moderate,2026-08-23T13:25:00,pharmacy
PS-HEB-002,Hebron,31.545,35.087,3000fc3d8d01f75a,79a7757ee7e64205,50-64,MENINGITIS_LIKE,mild,2026-08-23T17:56:00,ehr
PS-HEB-002,Hebron,31.545,35.087,3000fc3d8d01f75a,c8c7e1f6712306ff,0-4,OTHER,mild,2026-08-23T10:19:00,lab
PS-HEB-002,Hebron,31.545,35.087,9b34d36ec3c96b37,a033a8b6395847c8,50-64,OTHER,moderate,2026-08-23T15:11:00,ehr
PS-HEB-002,Hebron,31.545,35.087,9b34d36ec3c96b37,f530b8dcef7c59c1,18-49,OTHER,mild,2026-08-23T09:33:00,ehr
PS-HEB-002,Hebron,31.545,35.087,9b34d36ec3c96b37,d64d85a5604e4cc6,18-49,OTHER,severe,2026-08-23T14:22:00,lab
PS-HEB-002,Hebron,31.545,35.087,b828601a5432663a,fe014301b6e8ab61,65+,OTHER,mild,2026-08-23T07:58:00,ehr
PS-HEB-002,Hebron,31.545,35.087,3000fc3d8d01f75a,60f8fdc506f3ea45,50-64,OTHER,mild,2026-08-23T16:58:00,ehr
PS-HEB-002,Hebron,31.545,35.087,3000fc3d8d01f75a,23f0d02eb108f8d4,0-4,OTHER,moderate,2026-08-23T09:39:00,ehr
PS-HEB-002,Hebron,31.545,35.087,b828601a5432663a,5cf7e3f3e9181b89,18-49,OTHER,moderate,2026-08-23T13:42:00,pharmacy
PS-RAM-001,Ramallah,31.9038,35.2034,4dc3b3d585035dae,f0efcd03c0010ce0,5-17,ILI,mild,2026-08-23T07:17:00,ehr
PS-RAM-001,Ramallah,31.9038,35.2034,865eea42f5c6ccea,0dd4f00a1033b548,50-64,ILI,mild,2026-08-23T16:30:00,pharmacy
PS-RAM-001,Ramallah,31.9038,35.2034,4dc3b3d585035dae,d566776dfc6a868d,18-49,ILI,mild,2026-08-23T17:32:00,pharmacy
PS-RAM-001,Ramallah,31.9038,35.2034,2c531e40a3a7ce8c,a655bbb5df73ffd0,5-17,ILI,mild,2026-08-23T18:31:00,ehr
PS-RAM-001,Ramallah,31.9038,35.2034,865eea42f5c6ccea,6fea052353eb2be0,18-49,ILI,moderate,2026-08-23T11:40:00,lab
PS-RAM-001,Ramallah,31.9038,35.2034,2c531e40a3a7ce8c,0336d9a4bae1a4e4,0-4,ILI,mild,2026-08-23T16:44:00,pharmacy
PS-RAM-001,Ramallah,31.9038,35.2034,4dc3b3d585035dae,1150ce9fd7c165e6,5-17,ILI,mild,2026-08-23T08:33:00,ehr
PS-RAM-001,Ramallah,31.9038,35.2034,d4bc341fd534ad06,b5d1ccb4d77782ac,18-49,ILI,moderate,2026-08-23T20:32:00,ehr
PS-RAM-001,Ramallah,31.9038,35.2034,2c531e40a3a7ce8c,2b8e9fc5463a8280,50-64,AGE,moderate,2026-08-23T13:30:00,pharmacy
PS-RAM-001,Ramallah,31.9038,35.2034,d4bc341fd534ad06,b34dfc247d747c6f,50-64,AGE,mild,2026-08-23T11:52:00,lab
PS-RAM-001,Ramallah,31.9038,35.2034,4dc3b3d585035dae,9fca5d212f604864,5-17,AGE,moderate,2026-08-23T09:40:00,ehr
PS-RAM-001,Ramallah,31.9038,35.2034,2c531e40a3a7ce8c,46bd26d0198805f7,18-49,AGE,mild,2026-08-23T09:32:00,ehr
PS-RAM-001,Ramallah,31.9038,35.2034,865eea42f5c6ccea,d8dde29eeeb7def8,18-49,AGE,mild,2026-08-23T16:31:00,ehr
PS-RAM-001,Ramallah,31.9038,35.2034,d4bc341fd534ad06,1cd91cb1cc1d4230,0-4,AGE,mild,2026-08-23T14:26:00,ehr
PS-RAM-001,Ramallah,31.9038,35.2034,d4bc341fd534ad06,7437bdec09219781,0-4,ARI,moderate,2026-08-23T11:02:00,ehr
PS-RAM-001,Ramallah,31.9038,35.2034,d4bc341fd534ad06,e756b379df23340b,5-17,ARI,severe,2026-08-23T14:56:00,ehr
PS-RAM-001,Ramallah,31.9038,35.2034,2c531e40a3a7ce8c,9ad39955a5557fc8,5-17,ARI,moderate,2026-08-23T15:54:00,lab
PS-RAM-001,Ramallah,31.9038,35.2034,2c531e40a3a7ce8c,4eeca3bfae6998a2,18-49,ARI,mild,2026-08-23T15:04:00,pharmacy
PS-RAM-001,Ramallah,31.9038,35.2034,2c531e40a3a7ce8c,0be537525d39da39,5-17,ARI,moderate,2026-08-23T12:29:00,ehr
PS-RAM-001,Ramallah,31.9038,35.2034,d4bc341fd534ad06,d830108f5438031c,5-17,ARI,mild,2026-08-23T13:04:00,ehr
PS-RAM-001,Ramallah,31.9038,35.2034,865eea42f5c6ccea,c134cb9003fcdaae,0-4,ARI,mild,2026-08-23T16:45:00,pharmacy
PS-RAM-001,Ramallah,31.9038,35.2034,d4bc341fd534ad06,222f5c1f70cd177e,0-4,ARI,mild,2026-08-23T12:37:00,ehr
PS-RAM-001,Ramallah,31.9038,35.2034,4dc3b3d585035dae,a6ab97b2f363a167,18-49,ARI,mild,2026-08-23T10:06:00,ehr
PS-RAM-001,Ramallah,31.9038,35.2034,2c531e40a3a7ce8c,ceb9e76c2d992a67,0-4,FEVER_RASH,moderate,2026-08-23T19:14:00,lab
PS-RAM-001,Ramallah,31.9038,35.2034,865eea42f5c6ccea,66c3b0746883494b,0-4,JAUNDICE,moderate,2026-08-23T08:03:00,ehr
PS-RAM-001,Ramallah,31.9038,35.2034,4dc3b3d585035dae,cda65eba19088656,65+,OTHER,mild,2026-08-23T17:53:00,lab
PS-RAM-001,Ramallah,31.9038,35.2034,2c531e40a3a7ce8c,d583f54ee2472d16,5-17,OTHER,mild,2026-08-23T13:08:00,ehr
PS-RAM-001,Ramallah,31.9038,35.2034,2c531e40a3a7ce8c,3582057f2260e012,18-49,OTHER,mild,2026-08-23T10:12:00,ehr
PS-RAM-001,Ramallah,31.9038,35.2034,4dc3b3d585035dae,308fbfa3607111fe,18-49,OTHER,mild,2026-08-23T08:37:00,ehr
PS-RAM-001,Ramallah,31.9038,35.2034,2c531e40a3a7ce8c,12654923ec85bc6e,50-64,OTHER,mild,2026-08-23T07:51:00,lab
PS-RAM-001,Ramallah,31.9038,35.2034,4dc3b3d585035dae,4ebd7c8303599e53,5-17,OTHER,mild,2026-08-23T16:34:00,pharmacy
PS-RAM-001,Ramallah,31.9038,35.2034,2c531e40a3a7ce8c,fd058b8457a45834,18-49,OTHER,mild,2026-08-23T14:12:00,ehr
PS-RAM-001,Ramallah,31.9038,35.2034,2c531e40a3a7ce8c,4b82c43fbfc0e678,50-64,OTHER,mild,2026-08-23T12:39:00,lab
PS-RAM-001,Ramallah,31.9038,35.2034,4dc3b3d585035dae,9b043dd87f51941d,0-4,OTHER,mild,2026-08-23T20:04:00,ehr
PS-RAM-001,Ramallah,31.9038,35.2034,2c531e40a3a7ce8c,58000a3e874bd9c9,0-4,OTHER,mild,2026-08-23T08:31:00,ehr
PS-NAB-001,Nablus,32.2211,35.2544,ce0af50d2ab5f724,63d0fe37151e7498,18-49,ILI,mild,2026-08-23T20:16:00,ehr
PS-NAB-001,Nablus,32.2211,35.2544,62c116f8ada8f79a,df353d10755e20fe,50-64,ILI,moderate,2026-08-23T11:04:00,pharmacy
PS-NAB-001,Nablus,32.2211,35.2544,2e49f94506905ef7,a25d66e3dcb08bc4,18-49,ILI,moderate,2026-08-23T11:25:00,pharmacy
PS-NAB-001,Nablus,32.2211,35.2544,c9eef5119a779be2,1e882ea144ccd1e2,18-49,ILI,mild,2026-08-23T14:59:00,lab
PS-NAB-001,Nablus,32.2211,35.2544,c9eef5119a779be2,86510e002aab2219,50-64,ILI,mild,2026-08-23T11:12:00,ehr
PS-NAB-001,Nablus,32.2211,35.2544,c9eef5119a779be2,21704f087aced839,65+,ILI,mild,2026-08-23T15:52:00,ehr
PS-NAB-001,Nablus,32.2211,35.2544,2e49f94506905ef7,6193b090950cbf3c,50-64,ILI,mild,2026-08-23T10:31:00,pharmacy
PS-NAB-001,Nablus,32.2211,35.2544,2e49f94506905ef7,046de587e19cd570,5-17,ILI,mild,2026-08-23T18:53:00,lab
PS-NAB-001,Nablus,32.2211,35.2544,2e49f94506905ef7,bb143b5081e37090,50-64,ILI,mild,2026-08-23T16:47:00,ehr
PS-NAB-001,Nablus,32.2211,35.2544,2e49f94506905ef7,e317c14c2e490920,0-4,AGE,mild,2026-08-23T11:46:00,ehr
PS-NAB-001,Nablus,32.2211,35.2544,ce0af50d2ab5f724,a5532e48a634d882,18-49,AGE,moderate,2026-08-23T17:22:00,ehr
PS-NAB-001,Nablus,32.2211,35.2544,2e49f94506905ef7,1f6dc7c5ac073205,0-4,AGE,moderate,2026-08-23T07:59:00,ehr
PS-NAB-001,Nablus,32.2211,35.2544,ce0af50d2ab5f724,053ca1c03289edd7,18-49,AGE,moderate,2026-08-23T15:38:00,pharmacy
PS-NAB-001,Nablus,32.2211,35.2544,ce0af50d2ab5f724,d6c53aa6390806bf,18-49,AGE,mild,2026-08-23T14:03:00,lab
PS-NAB-001,Nablus,32.2211,35.2544,62c116f8ada8f79a,704e6648d163abe0,0-4,AGE,mild,2026-08-23T18:27:00,pharmacy
PS-NAB-001,Nablus,32.2211,35.2544,62c116f8ada8f79a,ffb46bc5bf9ab78d,5-17,AGE,moderate,2026-08-23T12:22:00,ehr
PS-NAB-001,Nablus,32.2211,35.2544,2e49f94506905ef7,abd8f822bc97869c,5-17,AGE,moderate,2026-08-23T10:05:00,pharmacy
PS-NAB-001,Nablus,32.2211,35.2544,2e49f94506905ef7,34c67b88dd45d293,50-64,AGE,mild,2026-08-23T16:02:00,ehr
PS-NAB-001,Nablus,32.2211,35.2544,62c116f8ada8f79a,a3afcb0957d565da,18-49,AGE,mild,2026-08-23T08:03:00,ehr
PS-NAB-001,Nablus,32.2211,35.2544,62c116f8ada8f79a,3fa513149855de66,18-49,ARI,mild,2026-08-23T10:18:00,ehr
PS-NAB-001,Nablus,32.2211,35.2544,2e49f94506905ef7,6231f6982a70858d,5-17,ARI,mild,2026-08-23T17:04:00,lab
PS-NAB-001,Nablus,32.2211,35.2544,c9eef5119a779be2,7c5f7c39cb8cea1a,50-64,ARI,moderate,2026-08-23T18:47:00,lab
PS-NAB-001,Nablus,32.2211,35.2544,c9eef5119a779be2,09d21d13ba1f3e00,50-64,ARI,mild,2026-08-23T18:19:00,ehr
PS-NAB-001,Nablus,32.2211,35.2544,c9eef5119a779be2,e80866e1d153d6bb,5-17,ARI,mild,2026-08-23T15:57:00,ehr
PS-NAB-001,Nablus,32.2211,35.2544,ce0af50d2ab5f724,0ed0923efbd7a4f0,18-49,ARI,mild,2026-08-23T07:22:00,ehr
PS-NAB-001,Nablus,32.2211,35.2544,62c116f8ada8f79a,befc68dc3e147ea3,50-64,FEVER_RASH,mild,2026-08-23T08:13:00,ehr
PS-NAB-001,Nablus,32.2211,35.2544,62c116f8ada8f79a,c3d9af9688044ddb,0-4,FEVER_RASH,moderate,2026-08-23T18:35:00,ehr
PS-NAB-001,Nablus,32.2211,35.2544,ce0af50d2ab5f724,2020004f6e5f484e,18-49,FEVER_RASH,mild,2026-08-23T07:15:00,ehr
PS-NAB-001,Nablus,32.2211,35.2544,ce0af50d2ab5f724,27923ac4348589d5,5-17,JAUNDICE,severe,2026-08-23T11:17:00,ehr
PS-NAB-001,Nablus,32.2211,35.2544,ce0af50d2ab5f724,dc680658567eb583,18-49,JAUNDICE,moderate,2026-08-23T11:54:00,lab
PS-NAB-001,Nablus,32.2211,35.2544,ce0af50d2ab5f724,da0af29585d383e2,18-49,OTHER,mild,2026-08-23T13:11:00,ehr
PS-NAB-001,Nablus,32.2211,35.2544,c9eef5119a779be2,62ac4e4c57f1170c,65+,OTHER,moderate,2026-08-23T15:48:00,ehr
PS-NAB-001,Nablus,32.2211,35.2544,c9eef5119a779be2,f6095a166c344669,50-64,OTHER,mild,2026-08-23T20:58:00,ehr
PS-NAB-001,Nablus,32.2211,35.2544,ce0af50d2ab5f724,3c0d48b811fae56c,50-64,OTHER,moderate,2026-08-23T12:46:00,ehr
PS-NAB-001,Nablus,32.2211,35.2544,ce0af50d2ab5f724,b67f32dc7bb6901a,65+,OTHER,moderate,2026-08-23T19:06:00,ehr
PS-NAB-001,Nablus,32.2211,35.2544,ce0af50d2ab5f724,ed8591dada6c4e04,18-49,OTHER,moderate,2026-08-23T20:34:00,pharmacy
PS-NAB-001,Nablus,32.2211,35.2544,ce0af50d2ab5f724,29a0df8bc471c750,18-49,OTHER,severe,2026-08-23T11:10:00,ehr
PS-NAB-001,Nablus,32.2211,35.2544,2e49f94506905ef7,f39091894d12a8b6,5-17,OTHER,mild,2026-08-23T09:58:00,ehr
PS-NAB-001,Nablus,32.2211,35.2544,c9eef5119a779be2,f69efb66c57aca17,5-17,OTHER,mild,2026-08-23T08:15:00,pharmacy
PS-BET-001,Bethlehem,31.7054,35.2024,c1a0ab6562099869,3631cb4e4b9710f0,0-4,ILI,mild,2026-08-23T11:50:00,ehr
PS-BET-001,Bethlehem,31.7054,35.2024,0a12ccb2fb499cd0,63d4c8fc8dd98605,18-49,ILI,mild,2026-08-23T20:16:00,ehr
PS-BET-001,Bethlehem,31.7054,35.2024,2ee779d7897ae9a5,f8aaee868b9f009e,18-49,ILI,moderate,2026-08-23T14:02:00,ehr
PS-BET-001,Bethlehem,31.7054,35.2024,c1a0ab6562099869,db4c3a554e5611e5,5-17,ILI,mild,2026-08-23T13:03:00,ehr
PS-BET-001,Bethlehem,31.7054,35.2024,0a12ccb2fb499cd0,7510a7ee684cef69,5-17,AGE,moderate,2026-08-23T08:28:00,ehr
PS-BET-001,Bethlehem,31.7054,35.2024,0a12ccb2fb499cd0,14e32f9d692ab3a7,5-17,AGE,mild,2026-08-23T20:31:00,pharmacy
PS-BET-001,Bethlehem,31.7054,35.2024,0a12ccb2fb499cd0,b7d580a4055b2e2e,0-4,AGE,mild,2026-08-23T17:03:00,pharmacy
PS-BET-001,Bethlehem,31.7054,35.2024,2ee779d7897ae9a5,2488954b0448eb01,0-4,AGE,moderate,2026-08-23T20:28:00,ehr
PS-BET-001,Bethlehem,31.7054,35.2024,2ee779d7897ae9a5,a25b2b513f16673a,18-49,ARI,mild,2026-08-23T11:01:00,ehr
PS-BET-001,Bethlehem,31.7054,35.2024,c1a0ab6562099869,2b95b5a645cca27c,18-49,ARI,mild,2026-08-23T12:06:00,ehr
PS-BET-001,Bethlehem,31.7054,35.2024,2ee779d7897ae9a5,ca6057d2d29f765d,18-49,ARI,moderate,2026-08-23T10:13:00,lab
PS-BET-001,Bethlehem,31.7054,35.2024,53365b5018ccb30a,c513bf8378168cfe,50-64,ARI,mild,2026-08-23T08:41:00,ehr
PS-BET-001,Bethlehem,31.7054,35.2024,2ee779d7897ae9a5,71b0e9739d63e50e,5-17,ARI,mild,2026-08-23T16:50:00,ehr
PS-BET-001,Bethlehem,31.7054,35.2024,c1a0ab6562099869,355f1595bd5438a4,5-17,ARI,mild,2026-08-23T14:18:00,ehr
PS-BET-001,Bethlehem,31.7054,35.2024,c1a0ab6562099869,447dcff153e6ad50,18-49,ARI,moderate,2026-08-23T16:01:00,pharmacy
PS-BET-001,Bethlehem,31.7054,35.2024,2ee779d7897ae9a5,304945523269a8cd,65+,ARI,mild,2026-08-23T18:49:00,pharmacy
PS-BET-001,Bethlehem,31.7054,35.2024,0a12ccb2fb499cd0,31a517e600d53070,5-17,ARI,severe,2026-08-23T07:42:00,ehr
PS-BET-001,Bethlehem,31.7054,35.2024,0a12ccb2fb499cd0,4e04b9f3e6250be7,18-49,ARI,severe,2026-08-23T08:59:00,pharmacy
PS-BET-001,Bethlehem,31.7054,35.2024,c1a0ab6562099869,487515ee6abbce98,50-64,ARI,mild,2026-08-23T18:26:00,ehr
PS-BET-001,Bethlehem,31.7054,35.2024,2ee779d7897ae9a5,215ea274f017ade9,50-64,OTHER,mild,2026-08-23T10:53:00,ehr
PS-BET-001,Bethlehem,31.7054,35.2024,2ee779d7897ae9a5,eb6bd2845111e674,18-49,OTHER,mild,2026-08-23T10:29:00,ehr
PS-BET-001,Bethlehem,31.7054,35.2024,53365b5018ccb30a,028d5acb1c1c5408,5-17,OTHER,mild,2026-08-23T14:46:00,pharmacy
PS-BET-001,Bethlehem,31.7054,35.2024,2ee779d7897ae9a5,83b310253b886df9,18-49,OTHER,mild,2026-08-23T08:58:00,lab
PS-JEN-001,Jenin,32.4597,35.2951,0747c175e69e0dff,50b442fb88e416a9,65+,ILI,mild,2026-08-23T20:52:00,lab
PS-JEN-001,Jenin,32.4597,35.2951,0747c175e69e0dff,6c88f4933cb152a7,18-49,ILI,moderate,2026-08-23T17:37:00,ehr
PS-JEN-001,Jenin,32.4597,35.2951,02322af968c6062f,a36f11507f9a7505,18-49,ILI,mild,2026-08-23T12:07:00,ehr
PS-JEN-001,Jenin,32.4597,35.2951,0747c175e69e0dff,fa84addf63d56a00,50-64,ILI,moderate,2026-08-23T16:31:00,ehr
PS-JEN-001,Jenin,32.4597,35.2951,d723f8382af3d058,5cd9559b04bd04b0,5-17,ILI,mild,2026-08-23T09:07:00,lab
PS-JEN-001,Jenin,32.4597,35.2951,0747c175e69e0dff,5047d87537bf4989,50-64,AGE,moderate,2026-08-23T18:06:00,ehr
PS-JEN-001,Jenin,32.4597,35.2951,d723f8382af3d058,5eb9f5f0d22543b1,50-64,ARI,mild,2026-08-23T09:32:00,lab
PS-JEN-001,Jenin,32.4597,35.2951,0747c175e69e0dff,101ab47f95ff1de5,18-49,ARI,mild,2026-08-23T18:35:00,ehr
PS-JEN-001,Jenin,32.4597,35.2951,c0d662d41ad4a594,260f0abaac0e1ae7,65+,OTHER,moderate,2026-08-23T18:58:00,lab
PS-JEN-001,Jenin,32.4597,35.2951,d723f8382af3d058,42d1a2d672f3174e,5-17,OTHER,mild,2026-08-23T18:53:00,ehr
PS-JEN-001,Jenin,32.4597,35.2951,02322af968c6062f,d4c4c6a623fdf509,0-4,OTHER,mild,2026-08-23T18:11:00,pharmacy
PS-JEN-001,Jenin,32.4597,35.2951,d723f8382af3d058,be9bc78e7b063b1c,5-17,OTHER,mild,2026-08-23T12:43:00,pharmacy
PS-HEB-001,Hebron,31.5326,35.0998,e3dff89ada235d59,e4819920c29374e0,5-17,ILI,mild,2026-08-24T19:06:00,pharmacy
PS-HEB-001,Hebron,31.5326,35.0998,f17af80950dde2c9,524215c00d13257a,5-17,ILI,mild,2026-08-24T15:57:00,ehr
PS-HEB-001,Hebron,31.5326,35.0998,e3dff89ada235d59,9cd672e7179426f8,18-49,ILI,mild,2026-08-24T09:02:00,pharmacy
PS-HEB-001,Hebron,31.5326,35.0998,d3391f64b3beb0a2,5167ea16626dd0d4,5-17,ILI,mild,2026-08-24T12:06:00,ehr
PS-HEB-001,Hebron,31.5326,35.0998,e3dff89ada235d59,46466e8943474478,50-64,ILI,mild,2026-08-24T14:28:00,ehr
PS-HEB-001,Hebron,31.5326,35.0998,7c5d3d710b7ca6a2,a7d4d973e6643031,65+,ILI,mild,2026-08-24T16:48:00,ehr
PS-HEB-001,Hebron,31.5326,35.0998,e3dff89ada235d59,4cbfc3a3f74416b8,0-4,ILI,moderate,2026-08-24T08:13:00,pharmacy
PS-HEB-001,Hebron,31.5326,35.0998,e3dff89ada235d59,a36a477cd2ee8ed0,0-4,ILI,moderate,2026-08-24T15:51:00,ehr
PS-HEB-001,Hebron,31.5326,35.0998,d3391f64b3beb0a2,774ed2868b51811b,65+,AGE,mild,2026-08-24T12:13:00,lab
PS-HEB-001,Hebron,31.5326,35.0998,f17af80950dde2c9,7f304ada2e74433b,5-17,AGE,mild,2026-08-24T15:08:00,ehr
PS-HEB-001,Hebron,31.5326,35.0998,f17af80950dde2c9,d025eaded9a3978d,18-49,AGE,mild,2026-08-24T14:56:00,ehr
PS-HEB-001,Hebron,31.5326,35.0998,7c5d3d710b7ca6a2,8721d4e00091e5d6,18-49,ARI,mild,2026-08-24T08:22:00,ehr
PS-HEB-001,Hebron,31.5326,35.0998,d3391f64b3beb0a2,c409baf899a9bd6d,5-17,ARI,mild,2026-08-24T12:10:00,pharmacy
PS-HEB-001,Hebron,31.5326,35.0998,7c5d3d710b7ca6a2,722a3d284d8507cd,18-49,ARI,mild,2026-08-24T17:49:00,ehr
PS-HEB-001,Hebron,31.5326,35.0998,d3391f64b3beb0a2,50c32ff8733e69be,5-17,ARI,mild,2026-08-24T13:06:00,ehr
PS-HEB-001,Hebron,31.5326,35.0998,7c5d3d710b7ca6a2,cb41ab099541ad83,5-17,ARI,mild,2026-08-24T17:40:00,ehr
PS-HEB-001,Hebron,31.5326,35.0998,d3391f64b3beb0a2,c7dd2e49c9e8a0e4,18-49,ARI,mild,2026-08-24T17:12:00,ehr
PS-HEB-001,Hebron,31.5326,35.0998,d3391f64b3beb0a2,5216893b5e55c51e,0-4,ARI,mild,2026-08-24T18:31:00,ehr
PS-HEB-001,Hebron,31.5326,35.0998,e3dff89ada235d59,c188cb3c1de89b04,0-4,ARI,mild,2026-08-24T15:54:00,pharmacy
PS-HEB-001,Hebron,31.5326,35.0998,e3dff89ada235d59,1bec722e0fa6c412,0-4,ARI,mild,2026-08-24T16:13:00,pharmacy
PS-HEB-001,Hebron,31.5326,35.0998,e3dff89ada235d59,ee1d32b297fa616d,18-49,ARI,mild,2026-08-24T13:40:00,ehr
PS-HEB-001,Hebron,31.5326,35.0998,e3dff89ada235d59,0a004d5b40d8870f,50-64,ARI,mild,2026-08-24T11:53:00,lab
PS-HEB-001,Hebron,31.5326,35.0998,f17af80950dde2c9,fdc0eb63fbcd234f,18-49,ARI,mild,2026-08-24T19:40:00,ehr
PS-HEB-001,Hebron,31.5326,35.0998,7c5d3d710b7ca6a2,b2a289f6211ce843,65+,ARI,moderate,2026-08-24T08:14:00,ehr
PS-HEB-001,Hebron,31.5326,35.0998,d3391f64b3beb0a2,192c26111591bff4,5-17,FEVER_RASH,mild,2026-08-24T13:28:00,ehr
PS-HEB-001,Hebron,31.5326,35.0998,f17af80950dde2c9,367c74556c4b9e19,50-64,OTHER,moderate,2026-08-24T18:08:00,pharmacy
PS-HEB-001,Hebron,31.5326,35.0998,e3dff89ada235d59,92516bcfca966786,0-4,OTHER,mild,2026-08-24T13:43:00,ehr
PS-HEB-001,Hebron,31.5326,35.0998,f17af80950dde2c9,8d70594d03036b15,0-4,OTHER,moderate,2026-08-24T20:50:00,ehr
PS-HEB-001,Hebron,31.5326,35.0998,f17af80950dde2c9,76d8b462cecb70a8,18-49,OTHER,mild,2026-08-24T17:20:00,lab
PS-HEB-001,Hebron,31.5326,35.0998,7c5d3d710b7ca6a2,c6c2837d439ca07e,5-17,OTHER,moderate,2026-08-24T11:58:00,ehr
PS-HEB-001,Hebron,31.5326,35.0998,7c5d3d710b7ca6a2,ccc9130548c0857c,5-17,OTHER,mild,2026-08-24T17:52:00,pharmacy
PS-HEB-001,Hebron,31.5326,35.0998,e3dff89ada235d59,e9facae6d2501c29,50-64,OTHER,mild,2026-08-24T09:34:00,pharmacy
PS-HEB-001,Hebron,31.5326,35.0998,e3dff89ada235d59,8922519d0abb471c,18-49,OTHER,mild,2026-08-24T16:21:00,ehr
PS-HEB-001,Hebron,31.5326,35.0998,7c5d3d710b7ca6a2,dc83fcfa4daf1c26,50-64,OTHER,mild,2026-08-24T19:24:00,ehr
PS-HEB-001,Hebron,31.5326,35.0998,7c5d3d710b7ca6a2,4ab9c9b4a74fb811,18-49,OTHER,mild,2026-08-24T19:49:00,ehr
PS-HEB-001,Hebron,31.5326,35.0998,e3dff89ada235d59,c2edc130b85a4ded,50-64,OTHER,mild,2026-08-24T15:12:00,ehr
PS-HEB-002,Hebron,31.545,35.087,9b34d36ec3c96b37,517c717934b0b629,5-17,ILI,moderate,2026-08-24T12:21:00,ehr
PS-HEB-002,Hebron,31.545,35.087,b828601a5432663a,4ea25531cd9eeac6,18-49,ILI,mild,2026-08-24T07:54:00,pharmacy
PS-HEB-002,Hebron,31.545,35.087,9b34d36ec3c96b37,a17435ceac66eebb,0-4,ILI,mild,2026-08-24T13:50:00,ehr
PS-HEB-002,Hebron,31.545,35.087,d1fda43bf12417c4,3a4169ec4bcd4c8b,0-4,ILI,moderate,2026-08-24T10:40:00,lab
PS-HEB-002,Hebron,31.545,35.087,d1fda43bf12417c4,a33c0b1c55e264fd,50-64,ILI,moderate,2026-08-24T17:25:00,ehr
PS-HEB-002,Hebron,31.545,35.087,9b34d36ec3c96b37,3c32c5815dc87c66,0-4,AGE,moderate,2026-08-24T08:04:00,pharmacy
PS-HEB-002,Hebron,31.545,35.087,d1fda43bf12417c4,74e32676e381018a,0-4,AGE,mild,2026-08-24T16:58:00,lab
PS-HEB-002,Hebron,31.545,35.087,3000fc3d8d01f75a,1714015a1a18a380,50-64,AGE,mild,2026-08-24T10:53:00,ehr
PS-HEB-002,Hebron,31.545,35.087,9b34d36ec3c96b37,2c4adf6bc3d5f313,5-17,AGE,mild,2026-08-24T11:17:00,pharmacy
PS-HEB-002,Hebron,31.545,35.087,9b34d36ec3c96b37,28afbdb052ee9939,18-49,ARI,mild,2026-08-24T08:14:00,pharmacy
PS-HEB-002,Hebron,31.545,35.087,9b34d36ec3c96b37,abc3dedebffe3f74,0-4,ARI,mild,2026-08-24T15:15:00,lab
PS-HEB-002,Hebron,31.545,35.087,b828601a5432663a,a24db515e5457b1f,18-49,ARI,mild,2026-08-24T12:48:00,ehr
PS-HEB-002,Hebron,31.545,35.087,d1fda43bf12417c4,5626def57fb872f6,18-49,ARI,mild,2026-08-24T13:49:00,ehr
PS-HEB-002,Hebron,31.545,35.087,3000fc3d8d01f75a,f968a9b7c85cacb2,0-4,FEVER_RASH,mild,2026-08-24T17:19:00,ehr
PS-HEB-002,Hebron,31.545,35.087,d1fda43bf12417c4,335b48a3d74f1fa0,0-4,JAUNDICE,mild,2026-08-24T20:31:00,lab
PS-HEB-002,Hebron,31.545,35.087,b828601a5432663a,b43349eb6e5ea707,18-49,OTHER,mild,2026-08-24T19:14:00,ehr
PS-HEB-002,Hebron,31.545,35.087,d1fda43bf12417c4,5d25f8f84915b2d3,0-4,OTHER,mild,2026-08-24T18:21:00,pharmacy
PS-HEB-002,Hebron,31.545,35.087,b828601a5432663a,bd0bd82c262873a5,5-17,OTHER,mild,2026-08-24T13:55:00,pharmacy
PS-HEB-002,Hebron,31.545,35.087,9b34d36ec3c96b37,d2443329a5000fe8,5-17,OTHER,mild,2026-08-24T19:31:00,ehr
PS-HEB-002,Hebron,31.545,35.087,9b34d36ec3c96b37,51863c578f5a9299,18-49,OTHER,moderate,2026-08-24T14:45:00,ehr
PS-RAM-001,Ramallah,31.9038,35.2034,2c531e40a3a7ce8c,03fdf0bdf14a6f5c,18-49,ILI,mild,2026-08-24T08:24:00,ehr
PS-RAM-001,Ramallah,31.9038,35.2034,d4bc341fd534ad06,70eb721e51eed623,50-64,ILI,mild,2026-08-24T09:12:00,lab
PS-RAM-001,Ramallah,31.9038,35.2034,d4bc341fd534ad06,504872f109fe41ed,0-4,ILI,moderate,2026-08-24T14:10:00,lab
PS-RAM-001,Ramallah,31.9038,35.2034,865eea42f5c6ccea,b5582c7375cda7a0,0-4,ILI,severe,2026-08-24T13:00:00,ehr
PS-RAM-001,Ramallah,31.9038,35.2034,865eea42f5c6ccea,cbf42335b26cbde1,18-49,ILI,mild,2026-08-24T15:20:00,ehr
PS-RAM-001,Ramallah,31.9038,35.2034,2c531e40a3a7ce8c,825c0eb1d361fe79,50-64,ILI,severe,2026-08-24T15:43:00,ehr
PS-RAM-001,Ramallah,31.9038,35.2034,865eea42f5c6ccea,70db558efe36a8a2,18-49,ILI,mild,2026-08-24T15:38:00,ehr
PS-RAM-001,Ramallah,31.9038,35.2034,2c531e40a3a7ce8c,cb681230e2b785ae,5-17,ILI,moderate,2026-08-24T18:46:00,lab
PS-RAM-001,Ramallah,31.9038,35.2034,d4bc341fd534ad06,6b4c284c5948adb3,5-17,ILI,mild,2026-08-24T07:20:00,ehr
PS-RAM-001,Ramallah,31.9038,35.2034,2c531e40a3a7ce8c,99be4db30fcbfaa5,5-17,ILI,mild,2026-08-24T11:44:00,lab
PS-RAM-001,Ramallah,31.9038,35.2034,4dc3b3d585035dae,a944e449ec073643,18-49,ILI,mild,2026-08-24T12:06:00,ehr
PS-RAM-001,Ramallah,31.9038,35.2034,2c531e40a3a7ce8c,37f21cd05b6e7da9,5-17,ILI,mild,2026-08-24T12:40:00,ehr
PS-RAM-001,Ramallah,31.9038,35.2034,d4bc341fd534ad06,c24ab75635264069,18-49,AGE,mild,2026-08-24T11:18:00,pharmacy
PS-RAM-001,Ramallah,31.9038,35.2034,865eea42f5c6ccea,8262bcbd6ca60020,18-49,AGE,mild,2026-08-24T19:25:00,ehr
PS-RAM-001,Ramallah,31.9038,35.2034,2c531e40a3a7ce8c,02aa3132f70c568d,0-4,AGE,mild,2026-08-24T08:37:00,ehr
PS-RAM-001,Ramallah,31.9038,35.2034,4dc3b3d585035dae,188f09bc8269a29a,0-4,AGE,mild,2026-08-24T11:36:00,lab
PS-RAM-001,Ramallah,31.9038,35.2034,865eea42f5c6ccea,7103cd8c39d39d6e,65+,ARI,moderate,2026-08-24T16:38:00,pharmacy
PS-RAM-001,Ramallah,31.9038,35.2034,d4bc341fd534ad06,1de4f6ba6e83dfff,5-17,ARI,mild,2026-08-24T17:58:00,ehr
PS-RAM-001,Ramallah,31.9038,35.2034,2c531e40a3a7ce8c,ab9c5cb4e75a3d5a,0-4,ARI,mild,2026-08-24T10:05:00,ehr
PS-RAM-001,Ramallah,31.9038,35.2034,4dc3b3d585035dae,12d4c4048b1daef8,0-4,ARI,moderate,2026-08-24T12:04:00,lab
PS-RAM-001,Ramallah,31.9038,35.2034,865eea42f5c6ccea,d0b4c4cc6331509e,5-17,ARI,moderate,2026-08-24T17:30:00,ehr
PS-RAM-001,Ramallah,31.9038,35.2034,d4bc341fd534ad06,0679e921ea373d95,50-64,ARI,moderate,2026-08-24T15:25:00,ehr
PS-RAM-001,Ramallah,31.9038,35.2034,865eea42f5c6ccea,f93297a45e517afe,18-49,ARI,moderate,2026-08-24T11:53:00,ehr
PS-RAM-001,Ramallah,31.9038,35.2034,865eea42f5c6ccea,bf94b8771d61c757,18-49,FEVER_RASH,moderate,2026-08-24T09:40:00,pharmacy
PS-RAM-001,Ramallah,31.9038,35.2034,865eea42f5c6ccea,813f2dd468bb0c0b,18-49,FEVER_RASH,mild,2026-08-24T14:31:00,lab
PS-RAM-001,Ramallah,31.9038,35.2034,2c531e40a3a7ce8c,d581a904b4390011,0-4,FEVER_RASH,mild,2026-08-24T17:22:00,lab
PS-RAM-001,Ramallah,31.9038,35.2034,865eea42f5c6ccea,5621594c191b4440,18-49,FEVER_RASH,mild,2026-08-24T19:42:00,pharmacy
PS-RAM-001,Ramallah,31.9038,35.2034,865eea42f5c6ccea,07646f4061cd12df,5-17,JAUNDICE,moderate,2026-08-24T10:24:00,ehr
PS-RAM-001,Ramallah,31.9038,35.2034,865eea42f5c6ccea,bfa91cf754d61ee0,18-49,JAUNDICE,mild,2026-08-24T10:28:00,ehr
PS-RAM-001,Ramallah,31.9038,35.2034,4dc3b3d585035dae,984e9434070d76ff,18-49,OTHER,mild,2026-08-24T11:32:00,ehr
PS-RAM-001,Ramallah,31.9038,35.2034,d4bc341fd534ad06,64fcca971ca1630c,0-4,OTHER,mild,2026-08-24T17:30:00,ehr
PS-RAM-001,Ramallah,31.9038,35.2034,4dc3b3d585035dae,76014cd9127c507c,65+,OTHER,moderate,2026-08-24T11:40:00,lab
PS-RAM-001,Ramallah,31.9038,35.2034,d4bc341fd534ad06,06f1a2980a3b747d,18-49,OTHER,mild,2026-08-24T16:40:00,pharmacy
PS-RAM-001,Ramallah,31.9038,35.2034,4dc3b3d585035dae,7150fc9ecb3c3fc4,5-17,OTHER,mild,2026-08-24T19:06:00,ehr
PS-RAM-001,Ramallah,31.9038,35.2034,2c531e40a3a7ce8c,a1db0f976fc2f7f9,50-64,OTHER,mild,2026-08-24T18:47:00,lab
PS-RAM-001,Ramallah,31.9038,35.2034,4dc3b3d585035dae,b6acfffa07e749d8,0-4,OTHER,mild,2026-08-24T20:54:00,ehr
PS-RAM-001,Ramallah,31.9038,35.2034,865eea42f5c6ccea,fe230414d473adc4,65+,OTHER,mild,2026-08-24T12:06:00,pharmacy
PS-RAM-001,Ramallah,31.9038,35.2034,865eea42f5c6ccea,b79427c92587a6bb,50-64,OTHER,moderate,2026-08-24T18:01:00,ehr
PS-RAM-001,Ramallah,31.9038,35.2034,865eea42f5c6ccea,6cdfb7eacb7144a2,18-49,OTHER,moderate,2026-08-24T18:10:00,lab
PS-RAM-001,Ramallah,31.9038,35.2034,4dc3b3d585035dae,f99cbc90080e226d,0-4,OTHER,moderate,2026-08-24T13:53:00,pharmacy
PS-RAM-001,Ramallah,31.9038,35.2034,865eea42f5c6ccea,bec7a64a145daddd,0-4,OTHER,mild,2026-08-24T09:46:00,ehr
PS-RAM-001,Ramallah,31.9038,35.2034,d4bc341fd534ad06,aeaf82c907c59a44,5-17,OTHER,moderate,2026-08-24T16:12:00,ehr
PS-RAM-001,Ramallah,31.9038,35.2034,865eea42f5c6ccea,57cdcdf8897a535e,0-4,OTHER,mild,2026-08-24T11:17:00,ehr
PS-RAM-001,Ramallah,31.9038,35.2034,d4bc341fd534ad06,d01578dce0752102,0-4,OTHER,moderate,2026-08-24T16:59:00,ehr
PS-NAB-001,Nablus,32.2211,35.2544,2e49f94506905ef7,dc6525592d1a96c4,18-49,ILI,moderate,2026-08-24T16:40:00,ehr
PS-NAB-001,Nablus,32.2211,35.2544,ce0af50d2ab5f724,b8477cc08ab68ea5,0-4,ILI,moderate,2026-08-24T17:23:00,ehr
PS-NAB-001,Nablus,32.2211,35.2544,62c116f8ada8f79a,1a14148d1943926c,18-49,ILI,moderate,2026-08-24T11:53:00,ehr
PS-NAB-001,Nablus,32.2211,35.2544,c9eef5119a779be2,18ab1ab5e5ac0489,5-17,ILI,mild,2026-08-24T07:24:00,ehr
PS-NAB-001,Nablus,32.2211,35.2544,62c116f8ada8f79a,b8c1671de77ca632,5-17,ILI,mild,2026-08-24T13:14:00,ehr
PS-NAB-001,Nablus,32.2211,35.2544,ce0af50d2ab5f724,4780181015cdbf47,5-17,ILI,mild,2026-08-24T11:44:00,pharmacy
PS-NAB-001,Nablus,32.2211,35.2544,ce0af50d2ab5f724,ceaa60abb2125e12,50-64,ILI,mild,2026-08-24T12:22:00,ehr
PS-NAB-001,Nablus,32.2211,35.2544,ce0af50d2ab5f724,ab8bd9173a08a253,5-17,ILI,mild,2026-08-24T07:53:00,lab
PS-NAB-001,Nablus,32.2211,35.2544,c9eef5119a779be2,0563f4937596aaf7,5-17,AGE,mild,2026-08-24T12:41:00,pharmacy
PS-NAB-001,Nablus,32.2211,35.2544,c9eef5119a779be2,ac6af8648d627164,0-4,AGE,moderate,2026-08-24T15:53:00,ehr
PS-NAB-001,Nablus,32.2211,35.2544,c9eef5119a779be2,4a8539932cf7d4a7,0-4,AGE,mild,2026-08-24T10:29:00,ehr
PS-NAB-001,Nablus,32.2211,35.2544,ce0af50d2ab5f724,95b4bef8381499d9,18-49,ARI,moderate,2026-08-24T12:23:00,ehr
PS-NAB-001,Nablus,32.2211,35.2544,c9eef5119a779be2,dab574e7a2b3ea07,50-64,ARI,mild,2026-08-24T18:06:00,lab
PS-NAB-001,Nablus,32.2211,35.2544,c9eef5119a779be2,adbf901540c1e95e,18-49,ARI,mild,2026-08-24T14:21:00,ehr
PS-NAB-001,Nablus,32.2211,35.2544,ce0af50d2ab5f724,f57eedbc8eca2f11,18-49,ARI,moderate,2026-08-24T11:10:00,lab
PS-NAB-001,Nablus,32.2211,35.2544,ce0af50d2ab5f724,2d91ff8a94009078,18-49,ARI,mild,2026-08-24T19:39:00,lab
PS-NAB-001,Nablus,32.2211,35.2544,62c116f8ada8f79a,a85d486c13bcb187,5-17,FEVER_RASH,mild,2026-08-24T14:53:00,ehr
PS-NAB-001,Nablus,32.2211,35.2544,2e49f94506905ef7,96e0cb4d17373294,18-49,HEMORRHAGIC_FEVER,moderate,2026-08-24T10:48:00,pharmacy
PS-NAB-001,Nablus,32.2211,35.2544,2e49f94506905ef7,2bddb91b04ea9e20,5-17,OTHER,mild,2026-08-24T13:37:00,ehr
PS-NAB-001,Nablus,32.2211,35.2544,62c116f8ada8f79a,6574e3712ee60ef7,65+,OTHER,mild,2026-08-24T16:44:00,ehr
PS-NAB-001,Nablus,32.2211,35.2544,c9eef5119a779be2,92d642dd51ee6da7,50-64,OTHER,mild,2026-08-24T09:42:00,ehr
PS-NAB-001,Nablus,32.2211,35.2544,62c116f8ada8f79a,6705c3ed124c864c,50-64,OTHER,mild,2026-08-24T11:50:00,ehr
PS-NAB-001,Nablus,32.2211,35.2544,62c116f8ada8f79a,fe6722d0a8cc72c7,5-17,OTHER,mild,2026-08-24T14:00:00,ehr
PS-NAB-001,Nablus,32.2211,35.2544,62c116f8ada8f79a,74f2ccefa3704c8f,50-64,OTHER,mild,2026-08-24T08:11:00,ehr
PS-NAB-001,Nablus,32.2211,35.2544,c9eef5119a779be2,e83e34b593e18f38,0-4,OTHER,mild,2026-08-24T09:43:00,ehr
PS-NAB-001,Nablus,32.2211,35.2544,ce0af50d2ab5f724,f6de5f795e656b2e,18-49,OTHER,moderate,2026-08-24T14:35:00,lab
PS-NAB-001,Nablus,32.2211,35.2544,62c116f8ada8f79a,e5010817561eef09,18-49,OTHER,mild,2026-08-24T20:29:00,ehr
PS-NAB-001,Nablus,32.2211,35.2544,62c116f8ada8f79a,56adf11249e9ccdf,18-49,OTHER,mild,2026-08-24T12:48:00,ehr
PS-BET-001,Bethlehem,31.7054,35.2024,53365b5018ccb30a,2e88ca4e7c639a92,18-49,ILI,mild,2026-08-24T13:38:00,pharmacy
PS-BET-001,Bethlehem,31.7054,35.2024,0a12ccb2fb499cd0,54c6389cac14a35d,18-49,ILI,mild,2026-08-24T07:14:00,ehr
PS-BET-001,Bethlehem,31.7054,35.2024,c1a0ab6562099869,1a09a14f7506ab24,18-49,ILI,moderate,2026-08-24T15:52:00,ehr
PS-BET-001,Bethlehem,31.7054,35.2024,0a12ccb2fb499cd0,aa98bb8480c9a3ea,18-49,ILI,mild,2026-08-24T17:14:00,ehr
PS-BET-001,Bethlehem,31.7054,35.2024,2ee779d7897ae9a5,b64ad469512885bb,5-17,ILI,mild,2026-08-24T13:05:00,ehr
PS-BET-001,Bethlehem,31.7054,35.2024,53365b5018ccb30a,642a00e9207e211a,18-49,ILI,mild,2026-08-24T11:19:00,ehr
PS-BET-001,Bethlehem,31.7054,35.2024,c1a0ab6562099869,bed0dca36a4f5c2e,18-49,ARI,mild,2026-08-24T09:25:00,ehr
PS-BET-001,Bethlehem,31.7054,35.2024,53365b5018ccb30a,6aa89889979c236e,50-64,ARI,mild,2026-08-24T17:55:00,ehr
PS-BET-001,Bethlehem,31.7054,35.2024,53365b5018ccb30a,c4456cd67a39d750,18-49,ARI,mild,2026-08-24T09:36:00,lab
PS-BET-001,Bethlehem,31.7054,35.2024,c1a0ab6562099869,7244462ed5cc1a1d,5-17,ARI,mild,2026-08-24T13:49:00,ehr
PS-BET-001,Bethlehem,31.7054,35.2024,53365b5018ccb30a,e0b03bf108547b8d,18-49,ARI,moderate,2026-08-24T16:51:00,ehr
PS-BET-001,Bethlehem,31.7054,35.2024,2ee779d7897ae9a5,2ec96a6f34cdc617,0-4,ARI,mild,2026-08-24T20:34:00,lab
PS-BET-001,Bethlehem,31.7054,35.2024,53365b5018ccb30a,c306c35d0388860b,50-64,ARI,mild,2026-08-24T15:48:00,ehr
PS-BET-001,Bethlehem,31.7054,35.2024,0a12ccb2fb499cd0,bf7f5045db7991ed,18-49,MENINGITIS_LIKE,mild,2026-08-24T16:16:00,lab
PS-BET-001,Bethlehem,31.7054,35.2024,53365b5018ccb30a,9612d2eb1cf4e3cb,18-49,OTHER,mild,2026-08-24T07:07:00,pharmacy
PS-BET-001,Bethlehem,31.7054,35.2024,2ee779d7897ae9a5,54bc07528eddb7cf,18-49,OTHER,mild,2026-08-24T17:23:00,ehr
PS-BET-001,Bethlehem,31.7054,35.2024,0a12ccb2fb499cd0,1b7b71e2a7388aab,5-17,OTHER,mild,2026-08-24T15:17:00,lab
PS-BET-001,Bethlehem,31.7054,35.2024,c1a0ab6562099869,46113050bf5add2a,18-49,OTHER,mild,2026-08-24T12:19:00,ehr
PS-BET-001,Bethlehem,31.7054,35.2024,53365b5018ccb30a,db10eb7830ddfc70,5-17,OTHER,mild,2026-08-24T15:47:00,ehr
PS-JEN-001,Jenin,32.4597,35.2951,c0d662d41ad4a594,4b74c4dcf030c1c1,5-17,ILI,mild,2026-08-24T14:27:00,pharmacy
PS-JEN-001,Jenin,32.4597,35.2951,d723f8382af3d058,e6e11fab714fde8a,0-4,ILI,mild,2026-08-24T10:58:00,ehr
PS-JEN-001,Jenin,32.4597,35.2951,02322af968c6062f,6cbe888767247481,5-17,ILI,severe,2026-08-24T09:38:00,ehr
PS-JEN-001,Jenin,32.4597,35.2951,c0d662d41ad4a594,0de438414ce7f7d1,18-49,ILI,mild,2026-08-24T12:59:00,ehr
PS-JEN-001,Jenin,32.4597,35.2951,02322af968c6062f,a285bcc16f914dc8,50-64,ILI,mild,2026-08-24T18:41:00,ehr
PS-JEN-001,Jenin,32.4597,35.2951,c0d662d41ad4a594,2f37de9518fd7a63,65+,AGE,mild,2026-08-24T19:12:00,pharmacy
PS-JEN-001,Jenin,32.4597,35.2951,0747c175e69e0dff,7f196ecefdd04970,18-49,AGE,mild,2026-08-24T20:50:00,pharmacy
PS-JEN-001,Jenin,32.4597,35.2951,d723f8382af3d058,56797e8f3bde46a0,5-17,AGE,mild,2026-08-24T14:13:00,ehr
PS-JEN-001,Jenin,32.4597,35.2951,0747c175e69e0dff,415579e6468793d1,18-49,ARI,mild,2026-08-24T16:25:00,lab
PS-JEN-001,Jenin,32.4597,35.2951,d723f8382af3d058,c7298812fc5ee3c7,18-49,ARI,mild,2026-08-24T10:01:00,lab
PS-JEN-001,Jenin,32.4597,35.2951,c0d662d41ad4a594,5e5f52e675b9d61b,0-4,ARI,mild,2026-08-24T16:50:00,ehr
PS-JEN-001,Jenin,32.4597,35.2951,c0d662d41ad4a594,7b0bbcdc6570399c,18-49,ARI,mild,2026-08-24T10:04:00,lab
PS-JEN-001,Jenin,32.4597,35.2951,c0d662d41ad4a594,c029a4b9b5cd0f9b,18-49,FEVER_RASH,mild,2026-08-24T16:26:00,pharmacy
PS-JEN-001,Jenin,32.4597,35.2951,c0d662d41ad4a594,6097d5c9ecda90f6,5-17,FEVER_RASH,moderate,2026-08-24T07:21:00,ehr
PS-JEN-001,Jenin,32.4597,35.2951,c0d662d41ad4a594,5e436d2f2a6002f5,18-49,OTHER,mild,2026-08-24T17:24:00,pharmacy
PS-JEN-001,Jenin,32.4597,35.2951,d723f8382af3d058,bfdf4de52113d8e3,18-49,OTHER,mild,2026-08-24T08:40:00,ehr
PS-JEN-001,Jenin,32.4597,35.2951,c0d662d41ad4a594,a1bcef1412225c1d,5-17,OTHER,moderate,2026-08-24T18:33:00,lab
PS-JEN-001,Jenin,32.4597,35.2951,02322af968c6062f,2deaf2f5d6cb3417,5-17,OTHER,mild,2026-08-24T17:29:00,pharmacy
PS-JEN-001,Jenin,32.4597,35.2951,d723f8382af3d058,6c5a6681d6c8b65c,18-49,OTHER,moderate,2026-08-24T12:36:00,ehr
PS-JEN-001,Jenin,32.4597,35.2951,d723f8382af3d058,c27714af1b5a654f,65+,OTHER,mild,2026-08-24T15:47:00,pharmacy
PS-JEN-001,Jenin,32.4597,35.2951,02322af968c6062f,b1e216a8bcbc711d,0-4,OTHER,mild,2026-08-24T09:24:00,ehr
PS-JEN-001,Jenin,32.4597,35.2951,0747c175e69e0dff,c67a33f8d9a9d0ca,50-64,OTHER,moderate,2026-08-24T16:18:00,lab
PS-HEB-001,Hebron,31.5326,35.0998,d3391f64b3beb0a2,c5266ff8a1a115e0,5-17,ILI,mild,2026-08-25T10:26:00,ehr
PS-HEB-001,Hebron,31.5326,35.0998,d3391f64b3beb0a2,492338e672a357d3,18-49,ILI,mild,2026-08-25T17:56:00,ehr
PS-HEB-001,Hebron,31.5326,35.0998,f17af80950dde2c9,ebac708d9a8328da,18-49,ILI,mild,2026-08-25T20:25:00,lab
PS-HEB-001,Hebron,31.5326,35.0998,e3dff89ada235d59,a67ff6da047304df,18-49,ILI,mild,2026-08-25T09:59:00,ehr
PS-HEB-001,Hebron,31.5326,35.0998,e3dff89ada235d59,85bc549b5f16fce7,18-49,ILI,mild,2026-08-25T19:29:00,pharmacy
PS-HEB-001,Hebron,31.5326,35.0998,f17af80950dde2c9,c185c704565336ba,18-49,ILI,mild,2026-08-25T17:26:00,pharmacy
PS-HEB-001,Hebron,31.5326,35.0998,7c5d3d710b7ca6a2,22274bc3badedf88,18-49,AGE,moderate,2026-08-25T10:08:00,ehr
PS-HEB-001,Hebron,31.5326,35.0998,e3dff89ada235d59,7314428d6c98ce7a,5-17,AGE,mild,2026-08-25T12:39:00,ehr
PS-HEB-001,Hebron,31.5326,35.0998,f17af80950dde2c9,0d50803c14188206,18-49,AGE,moderate,2026-08-25T12:01:00,ehr
PS-HEB-001,Hebron,31.5326,35.0998,e3dff89ada235d59,3a2f01f405b50289,5-17,AGE,moderate,2026-08-25T14:23:00,ehr
PS-HEB-001,Hebron,31.5326,35.0998,f17af80950dde2c9,b50cbb8aa74fde9f,18-49,ARI,mild,2026-08-25T07:13:00,lab
PS-HEB-001,Hebron,31.5326,35.0998,e3dff89ada235d59,6fa6d154ebd48379,65+,ARI,mild,2026-08-25T10:50:00,ehr
PS-HEB-001,Hebron,31.5326,35.0998,d3391f64b3beb0a2,ab607dcbf7925e75,50-64,ARI,moderate,2026-08-25T19:38:00,ehr
PS-HEB-001,Hebron,31.5326,35.0998,7c5d3d710b7ca6a2,ec6f7397e02cfc39,0-4,ARI,mild,2026-08-25T14:46:00,lab
PS-HEB-001,Hebron,31.5326,35.0998,f17af80950dde2c9,ae396b5cab4948d8,50-64,ARI,mild,2026-08-25T20:33:00,lab
PS-HEB-001,Hebron,31.5326,35.0998,7c5d3d710b7ca6a2,bda290c82b6240e9,18-49,ARI,mild,2026-08-25T11:56:00,pharmacy
PS-HEB-001,Hebron,31.5326,35.0998,f17af80950dde2c9,372e765f78e9d1e6,18-49,ARI,moderate,2026-08-25T18:01:00,ehr
PS-HEB-001,Hebron,31.5326,35.0998,7c5d3d710b7ca6a2,2a169ba7339ead26,5-17,FEVER_RASH,moderate,2026-08-25T19:25:00,pharmacy
PS-HEB-001,Hebron,31.5326,35.0998,f17af80950dde2c9,efe0f45d73074c42,18-49,FEVER_RASH,mild,2026-08-25T17:41:00,ehr
PS-HEB-001,Hebron,31.5326,35.0998,7c5d3d710b7ca6a2,708802f2e99d74bc,18-49,JAUNDICE,mild,2026-08-25T16:48:00,ehr
PS-HEB-001,Hebron,31.5326,35.0998,e3dff89ada235d59,fd46fdff8ed410d5,50-64,JAUNDICE,mild,2026-08-25T09:58:00,ehr
PS-HEB-001,Hebron,31.5326,35.0998,f17af80950dde2c9,2bac95cc247ed5ed,18-49,OTHER,moderate,2026-08-25T14:57:00,ehr
PS-HEB-001,Hebron,31.5326,35.0998,f17af80950dde2c9,6c425a8d7921ffb4,5-17,OTHER,mild,2026-08-25T11:44:00,ehr
PS-HEB-001,Hebron,31.5326,35.0998,7c5d3d710b7ca6a2,f01bb40cd94b7497,18-49,OTHER,mild,2026-08-25T16:17:00,ehr
PS-HEB-001,Hebron,31.5326,35.0998,d3391f64b3beb0a2,16aef70c0bb71aa4,18-49,OTHER,moderate,2026-08-25T07:14:00,ehr
PS-HEB-001,Hebron,31.5326,35.0998,d3391f64b3beb0a2,a311c50cb2b8a55d,18-49,OTHER,mild,2026-08-25T18:10:00,ehr
PS-HEB-001,Hebron,31.5326,35.0998,e3dff89ada235d59,7e2273c31e6ffc32,0-4,OTHER,mild,2026-08-25T09:47:00,lab
PS-HEB-001,Hebron,31.5326,35.0998,e3dff89ada235d59,8e20eecf103f92fe,0-4,OTHER,mild,2026-08-25T11:40:00,ehr
PS-HEB-001,Hebron,31.5326,35.0998,7c5d3d710b7ca6a2,c689aa83d14348b6,5-17,OTHER,moderate,2026-08-25T09:37:00,pharmacy
PS-HEB-001,Hebron,31.5326,35.0998,e3dff89ada235d59,717b13be2205a5e4,65+,OTHER,mild,2026-08-25T13:30:00,pharmacy
PS-HEB-001,Hebron,31.5326,35.0998,d3391f64b3beb0a2,618912d8e1d28d08,18-49,OTHER,mild,2026-08-25T20:32:00,lab
PS-HEB-001,Hebron,31.5326,35.0998,f17af80950dde2c9,ee4afa654be16524,5-17,OTHER,moderate,2026-08-25T17:10:00,ehr
PS-HEB-001,Hebron,31.5326,35.0998,d3391f64b3beb0a2,b1874e1ee1f78dad,5-17,OTHER,mild,2026-08-25T17:04:00,ehr
PS-HEB-002,Hebron,31.545,35.087,d1fda43bf12417c4,0372a3c83a00095d,5-17,ILI,mild,2026-08-25T19:07:00,ehr
PS-HEB-002,Hebron,31.545,35.087,d1fda43bf12417c4,e5d9b2c5e1623a92,18-49,ILI,mild,2026-08-25T20:47:00,ehr
PS-HEB-002,Hebron,31.545,35.087,b828601a5432663a,4bdde0d2f56a84ab,65+,ILI,mild,2026-08-25T13:40:00,ehr
PS-HEB-002,Hebron,31.545,35.087,b828601a5432663a,c4fa5d4dc585edcb,65+,ILI,mild,2026-08-25T15:34:00,pharmacy
PS-HEB-002,Hebron,31.545,35.087,d1fda43bf12417c4,8fb0cee326d1fcb8,5-17,ILI,moderate,2026-08-25T15:15:00,ehr
PS-HEB-002,Hebron,31.545,35.087,9b34d36ec3c96b37,0211594ff38aeaa2,5-17,AGE,severe,2026-08-25T10:44:00,ehr
PS-HEB-002,Hebron,31.545,35.087,b828601a5432663a,0925f65bcf3ac7b7,18-49,AGE,moderate,2026-08-25T15:17:00,ehr
PS-HEB-002,Hebron,31.545,35.087,3000fc3d8d01f75a,78102196c77f839f,0-4,AGE,mild,2026-08-25T09:33:00,pharmacy
PS-HEB-002,Hebron,31.545,35.087,9b34d36ec3c96b37,74fd4f52ea15e7fc,18-49,AGE,mild,2026-08-25T19:37:00,ehr
PS-HEB-002,Hebron,31.545,35.087,b828601a5432663a,7503cbcb215225d6,5-17,AGE,mild,2026-08-25T12:50:00,ehr
PS-HEB-002,Hebron,31.545,35.087,b828601a5432663a,70f1f1b93e912ead,18-49,AGE,mild,2026-08-25T14:12:00,lab
PS-HEB-002,Hebron,31.545,35.087,b828601a5432663a,19636d1290e1f0b5,18-49,AGE,moderate,2026-08-25T11:36:00,ehr
PS-HEB-002,Hebron,31.545,35.087,9b34d36ec3c96b37,86fdc77a4496f2bd,65+,ARI,mild,2026-08-25T17:12:00,lab
PS-HEB-002,Hebron,31.545,35.087,9b34d36ec3c96b37,1a728ed76956984b,18-49,ARI,mild,2026-08-25T16:17:00,lab
PS-HEB-002,Hebron,31.545,35.087,3000fc3d8d01f75a,74bc137173cd560f,5-17,ARI,mild,2026-08-25T15:18:00,ehr
PS-HEB-002,Hebron,31.545,35.087,3000fc3d8d01f75a,624a161d8566b06b,18-49,ARI,mild,2026-08-25T11:43:00,ehr
PS-HEB-002,Hebron,31.545,35.087,3000fc3d8d01f75a,5ef0864739f0835a,50-64,ARI,mild,2026-08-25T14:00:00,lab
PS-HEB-002,Hebron,31.545,35.087,3000fc3d8d01f75a,08300d7e837586b3,18-49,OTHER,mild,2026-08-25T20:28:00,ehr
PS-HEB-002,Hebron,31.545,35.087,b828601a5432663a,76285d652c738843,18-49,OTHER,mild,2026-08-25T10:49:00,pharmacy
PS-HEB-002,Hebron,31.545,35.087,9b34d36ec3c96b37,da6acbebd729c35b,0-4,OTHER,mild,2026-08-25T11:20:00,pharmacy
PS-HEB-002,Hebron,31.545,35.087,d1fda43bf12417c4,41fa5ff2601a153d,5-17,OTHER,mild,2026-08-25T10:36:00,lab
PS-HEB-002,Hebron,31.545,35.087,d1fda43bf12417c4,3cbd4f458f0c0f30,18-49,OTHER,mild,2026-08-25T19:10:00,pharmacy
PS-HEB-002,Hebron,31.545,35.087,9b34d36ec3c96b37,eb2ced1bb403e0cf,50-64,OTHER,mild,2026-08-25T14:41:00,ehr
PS-RAM-001,Ramallah,31.9038,35.2034,2c531e40a3a7ce8c,f1cc43945d46e632,5-17,ILI,moderate,2026-08-25T11:23:00,ehr
PS-RAM-001,Ramallah,31.9038,35.2034,d4bc341fd534ad06,6d754951a01b028e,18-49,ILI,moderate,2026-08-25T14:19:00,ehr
PS-RAM-001,Ramallah,31.9038,35.2034,4dc3b3d585035dae,182e78a702033509,65+,ILI,mild,2026-08-25T19:25:00,ehr
PS-RAM-001,Ramallah,31.9038,35.2034,865eea42f5c6ccea,9c7ed1de3b0398e8,0-4,AGE,moderate,2026-08-25T14:49:00,ehr
PS-RAM-001,Ramallah,31.9038,35.2034,865eea42f5c6ccea,4b8e7d34c4e6a6b6,5-17,AGE,mild,2026-08-25T17:45:00,ehr
PS-RAM-001,Ramallah,31.9038,35.2034,d4bc341fd534ad06,28154270d5dec602,5-17,AGE,mild,2026-08-25T13:50:00,ehr
PS-RAM-001,Ramallah,31.9038,35.2034,d4bc341fd534ad06,e88a9e3a2a831c67,50-64,AGE,mild,2026-08-25T19:13:00,ehr
PS-RAM-001,Ramallah,31.9038,35.2034,d4bc341fd534ad06,a0cd667d47ba820d,65+,AGE,mild,2026-08-25T09:20:00,ehr
PS-RAM-001,Ramallah,31.9038,35.2034,d4bc341fd534ad06,642e31b0fc2de75d,18-49,AGE,moderate,2026-08-25T19:42:00,lab
PS-RAM-001,Ramallah,31.9038,35.2034,4dc3b3d585035dae,ee9a5c3c9e60ac52,0-4,ARI,mild,2026-08-25T16:24:00,ehr
PS-RAM-001,Ramallah,31.9038,35.2034,d4bc341fd534ad06,397f60269a700693,65+,ARI,mild,2026-08-25T15:23:00,ehr
PS-RAM-001,Ramallah,31.9038,35.2034,865eea42f5c6ccea,03830b65a3044573,65+,ARI,moderate,2026-08-25T18:04:00,ehr
PS-RAM-001,Ramallah,31.9038,35.2034,865eea42f5c6ccea,70d0c57e5fdfeeb7,18-49,ARI,mild,2026-08-25T20:09:00,lab
PS-RAM-001,Ramallah,31.9038,35.2034,865eea42f5c6ccea,f14a9d4ab100a5e4,18-49,ARI,moderate,2026-08-25T10:20:00,ehr
PS-RAM-001,Ramallah,31.9038,35.2034,4dc3b3d585035dae,e6fe33c74f3127f5,50-64,ARI,mild,2026-08-25T09:49:00,ehr
PS-RAM-001,Ramallah,31.9038,35.2034,d4bc341fd534ad06,ad78a18baede0c75,18-49,ARI,mild,2026-08-25T20:23:00,ehr
PS-RAM-001,Ramallah,31.9038,35.2034,d4bc341fd534ad06,1710a439ba17ff5e,5-17,ARI,mild,2026-08-25T14:14:00,ehr
PS-RAM-001,Ramallah,31.9038,35.2034,4dc3b3d585035dae,a45f1cc0a8318826,0-4,ARI,mild,2026-08-25T11:38:00,lab
PS-RAM-001,Ramallah,31.9038,35.2034,d4bc341fd534ad06,6616667d9f6f7069,50-64,ARI,moderate,2026-08-25T13:51:00,ehr
PS-RAM-001,Ramallah,31.9038,35.2034,4dc3b3d585035dae,6eb95958eec1cda8,18-49,FEVER_RASH,severe,2026-08-25T15:23:00,pharmacy
PS-RAM-001,Ramallah,31.9038,35.2034,865eea42f5c6ccea,95b11363eb1dba97,50-64,FEVER_RASH,mild,2026-08-25T20:51:00,pharmacy
PS-RAM-001,Ramallah,31.9038,35.2034,4dc3b3d585035dae,2167d2e30e4acc65,18-49,FEVER_RASH,mild,2026-08-25T12:40:00,pharmacy
PS-RAM-001,Ramallah,31.9038,35.2034,2c531e40a3a7ce8c,1e13561f77d954e0,50-64,FEVER_RASH,moderate,2026-08-25T19:07:00,ehr
PS-RAM-001,Ramallah,31.9038,35.2034,d4bc341fd534ad06,38a57b2ddc53d4bf,18-49,FEVER_RASH,severe,2026-08-25T16:59:00,ehr
PS-RAM-001,Ramallah,31.9038,35.2034,d4bc341fd534ad06,018865c3c855b0d5,50-64,FEVER_RASH,mild,2026-08-25T19:43:00,ehr
PS-RAM-001,Ramallah,31.9038,35.2034,d4bc341fd534ad06,8d0184e690cc4832,50-64,OTHER,mild,2026-08-25T15:49:00,ehr
PS-RAM-001,Ramallah,31.9038,35.2034,d4bc341fd534ad06,a77be319cc6c9fa8,0-4,OTHER,mild,2026-08-25T07:39:00,lab
PS-RAM-001,Ramallah,31.9038,35.2034,2c531e40a3a7ce8c,b546674becc1261d,18-49,OTHER,moderate,2026-08-25T09:16:00,pharmacy
PS-RAM-001,Ramallah,31.9038,35.2034,2c531e40a3a7ce8c,df8206c2272b2b9f,50-64,OTHER,mild,2026-08-25T14:41:00,ehr
PS-RAM-001,Ramallah,31.9038,35.2034,2c531e40a3a7ce8c,b51d1cb2773eaf40,5-17,OTHER,mild,2026-08-25T18:55:00,ehr
PS-RAM-001,Ramallah,31.9038,35.2034,4dc3b3d585035dae,549bb1a4957d4318,18-49,OTHER,moderate,2026-08-25T09:06:00,ehr
PS-RAM-001,Ramallah,31.9038,35.2034,865eea42f5c6ccea,08c5a0feefbceca4,65+,OTHER,mild,2026-08-25T19:08:00,ehr
PS-NAB-001,Nablus,32.2211,35.2544,62c116f8ada8f79a,7626e645953c7881,18-49,ILI,mild,2026-08-25T10:19:00,ehr
PS-NAB-001,Nablus,32.2211,35.2544,2e49f94506905ef7,16cd9d569006c02b,0-4,ILI,moderate,2026-08-25T19:22:00,lab
PS-NAB-001,Nablus,32.2211,35.2544,ce0af50d2ab5f724,31ca32ca8ad6a28d,0-4,ILI,moderate,2026-08-25T08:53:00,ehr
PS-NAB-001,Nablus,32.2211,35.2544,ce0af50d2ab5f724,8815c621fe251f53,18-49,ILI,mild,2026-08-25T13:03:00,lab
PS-NAB-001,Nablus,32.2211,35.2544,2e49f94506905ef7,2ce7358aad8938fe,0-4,ILI,mild,2026-08-25T16:52:00,pharmacy
PS-NAB-001,Nablus,32.2211,35.2544,2e49f94506905ef7,e5f2a6fbc3e256a4,5-17,ILI,mild,2026-08-25T18:33:00,lab
PS-NAB-001,Nablus,32.2211,35.2544,c9eef5119a779be2,509343d8eef1be83,18-49,ILI,mild,2026-08-25T18:38:00,ehr
PS-NAB-001,Nablus,32.2211,35.2544,c9eef5119a779be2,88c8002c31948022,18-49,ILI,mild,2026-08-25T10:05:00,lab
PS-NAB-001,Nablus,32.2211,35.2544,ce0af50d2ab5f724,adb5587c93c9f67b,50-64,ILI,mild,2026-08-25T07:00:00,ehr
PS-NAB-001,Nablus,32.2211,35.2544,c9eef5119a779be2,9bfb6b8bff8f3b7a,50-64,ILI,mild,2026-08-25T12:23:00,ehr
PS-NAB-001,Nablus,32.2211,35.2544,2e49f94506905ef7,ca7c7c7b14f94758,18-49,ILI,moderate,2026-08-25T10:44:00,lab
PS-NAB-001,Nablus,32.2211,35.2544,c9eef5119a779be2,b38b5988ae58356c,0-4,ILI,moderate,2026-08-25T07:17:00,ehr
PS-NAB-001,Nablus,32.2211,35.2544,62c116f8ada8f79a,cf4ae8cc0d25bb25,18-49,AGE,mild,2026-08-25T16:00:00,lab
PS-NAB-001,Nablus,32.2211,35.2544,2e49f94506905ef7,272440921a69189f,18-49,AGE,mild,2026-08-25T19:02:00,ehr
PS-NAB-001,Nablus,32.2211,35.2544,ce0af50d2ab5f724,de4a73ca9f40740d,50-64,AGE,mild,2026-08-25T12:39:00,ehr
PS-NAB-001,Nablus,32.2211,35.2544,62c116f8ada8f79a,4081cac32d253793,5-17,ARI,moderate,2026-08-25T18:51:00,ehr
PS-NAB-001,Nablus,32.2211,35.2544,62c116f8ada8f79a,a9836568ecce5cec,5-17,ARI,mild,2026-08-25T07:31:00,ehr
PS-NAB-001,Nablus,32.2211,35.2544,2e49f94506905ef7,7925692ac673e993,50-64,ARI,mild,2026-08-25T16:20:00,lab
PS-NAB-001,Nablus,32.2211,35.2544,62c116f8ada8f79a,a46cf4e8745c4d63,50-64,ARI,mild,2026-08-25T07:47:00,lab
PS-NAB-001,Nablus,32.2211,35.2544,62c116f8ada8f79a,58a0d5b48edb165c,5-17,ARI,mild,2026-08-25T19:38:00,ehr
PS-NAB-001,Nablus,32.2211,35.2544,2e49f94506905ef7,19328b33a20ec4fe,0-4,ARI,mild,2026-08-25T08:26:00,lab
PS-NAB-001,Nablus,32.2211,35.2544,ce0af50d2ab5f724,44abe6102ece2cf1,0-4,ARI,mild,2026-08-25T20:57:00,ehr
PS-NAB-001,Nablus,32.2211,35.2544,ce0af50d2ab5f724,d9baa8647e1fdb6f,50-64,ARI,mild,2026-08-25T11:30:00,ehr
PS-NAB-001,Nablus,32.2211,35.2544,c9eef5119a779be2,46eae1a3257836aa,65+,ARI,mild,2026-08-25T17:34:00,ehr
PS-NAB-001,Nablus,32.2211,35.2544,62c116f8ada8f79a,564f00c2ac022a61,0-4,ARI,mild,2026-08-25T14:31:00,ehr
PS-NAB-001,Nablus,32.2211,35.2544,2e49f94506905ef7,7e1e566ef81bb5ce,18-49,ARI,moderate,2026-08-25T10:42:00,ehr
PS-NAB-001,Nablus,32.2211,35.2544,62c116f8ada8f79a,0f78656303269615,5-17,ARI,mild,2026-08-25T16:06:00,ehr
PS-NAB-001,Nablus,32.2211,35.2544,ce0af50d2ab5f724,a3e2365a85df609a,18-49,ARI,mild,2026-08-25T12:45:00,pharmacy
PS-NAB-001,Nablus,32.2211,35.2544,62c116f8ada8f79a,46bff5d64a3b2877,5-17,ARI,mild,2026-08-25T11:48:00,ehr
PS-NAB-001,Nablus,32.2211,35.2544,2e49f94506905ef7,aaaf6dd9d4f38fee,18-49,ARI,moderate,2026-08-25T16:47:00,ehr
PS-NAB-001,Nablus,32.2211,35.2544,2e49f94506905ef7,e1157469ec9149d1,50-64,JAUNDICE,mild,2026-08-25T07:09:00,lab
PS-NAB-001,Nablus,32.2211,35.2544,c9eef5119a779be2,821a944abbda8281,5-17,OTHER,moderate,2026-08-25T14:54:00,pharmacy
PS-NAB-001,Nablus,32.2211,35.2544,62c116f8ada8f79a,c736ea2e1bf3cb27,18-49,OTHER,mild,2026-08-25T13:28:00,lab
PS-NAB-001,Nablus,32.2211,35.2544,c9eef5119a779be2,9eeb98dc801508c9,18-49,OTHER,mild,2026-08-25T08:47:00,ehr
PS-NAB-001,Nablus,32.2211,35.2544,62c116f8ada8f79a,34523d1fd9bbed5c,5-17,OTHER,moderate,2026-08-25T12:57:00,lab
PS-NAB-001,Nablus,32.2211,35.2544,ce0af50d2ab5f724,1c790d09e1a9206a,18-49,OTHER,mild,2026-08-25T19:35:00,ehr
PS-NAB-001,Nablus,32.2211,35.2544,c9eef5119a779be2,9aaeb57bfb583f37,0-4,OTHER,mild,2026-08-25T19:33:00,ehr
PS-NAB-001,Nablus,32.2211,35.2544,2e49f94506905ef7,3a15af80c3e9ae6e,5-17,OTHER,mild,2026-08-25T15:08:00,ehr
PS-NAB-001,Nablus,32.2211,35.2544,c9eef5119a779be2,4e73369f7cf18d23,0-4,OTHER,mild,2026-08-25T08:35:00,lab
PS-NAB-001,Nablus,32.2211,35.2544,2e49f94506905ef7,1ef5104f691a41ee,65+,OTHER,severe,2026-08-25T13:35:00,ehr
PS-NAB-001,Nablus,32.2211,35.2544,62c116f8ada8f79a,4d6a7b9ec7e8eac3,0-4,OTHER,mild,2026-08-25T13:52:00,ehr
PS-NAB-001,Nablus,32.2211,35.2544,c9eef5119a779be2,7bf768c68af62576,18-49,OTHER,moderate,2026-08-25T10:46:00,pharmacy
PS-NAB-001,Nablus,32.2211,35.2544,2e49f94506905ef7,85ebf9c88ea765b9,50-64,OTHER,mild,2026-08-25T20:33:00,ehr
PS-BET-001,Bethlehem,31.7054,35.2024,0a12ccb2fb499cd0,884d04e76367b051,0-4,ILI,mild,2026-08-25T09:23:00,pharmacy
PS-BET-001,Bethlehem,31.7054,35.2024,0a12ccb2fb499cd0,0e0db340540e55ea,18-49,ILI,severe,2026-08-25T10:53:00,lab
PS-BET-001,Bethlehem,31.7054,35.2024,53365b5018ccb30a,322f2b2642a9a37f,50-64,ARI,severe,2026-08-25T13:18:00,lab
PS-BET-001,Bethlehem,31.7054,35.2024,0a12ccb2fb499cd0,3eb8f9a69eae447e,18-49,ARI,mild,2026-08-25T14:20:00,ehr
PS-BET-001,Bethlehem,31.7054,35.2024,2ee779d7897ae9a5,8a8c0e58a01edf84,5-17,ARI,moderate,2026-08-25T11:45:00,pharmacy
PS-BET-001,Bethlehem,31.7054,35.2024,53365b5018ccb30a,0fbb8358109dbcd1,0-4,ARI,mild,2026-08-25T08:03:00,ehr
PS-BET-001,Bethlehem,31.7054,35.2024,0a12ccb2fb499cd0,3c4fdd7e10eb7a16,18-49,ARI,mild,2026-08-25T19:51:00,lab
PS-BET-001,Bethlehem,31.7054,35.2024,0a12ccb2fb499cd0,754ef2232148c5f4,5-17,ARI,mild,2026-08-25T13:37:00,ehr
PS-BET-001,Bethlehem,31.7054,35.2024,0a12ccb2fb499cd0,2828943c45e5b523,5-17,JAUNDICE,mild,2026-08-25T13:07:00,ehr
PS-BET-001,Bethlehem,31.7054,35.2024,2ee779d7897ae9a5,1f280b9e16cfb216,18-49,OTHER,moderate,2026-08-25T08:33:00,pharmacy
PS-BET-001,Bethlehem,31.7054,35.2024,53365b5018ccb30a,2f9f20e55d093fb1,5-17,OTHER,mild,2026-08-25T14:14:00,pharmacy
PS-BET-001,Bethlehem,31.7054,35.2024,c1a0ab6562099869,cab32a889ed3f694,50-64,OTHER,moderate,2026-08-25T14:09:00,ehr
PS-BET-001,Bethlehem,31.7054,35.2024,53365b5018ccb30a,16d2f0b94e5b4073,50-64,OTHER,mild,2026-08-25T11:02:00,lab
PS-JEN-001,Jenin,32.4597,35.2951,d723f8382af3d058,9eb2e00d74c5b878,18-49,ILI,mild,2026-08-25T18:44:00,ehr
PS-JEN-001,Jenin,32.4597,35.2951,c0d662d41ad4a594,57c96578b901eafa,5-17,ILI,moderate,2026-08-25T08:46:00,lab
PS-JEN-001,Jenin,32.4597,35.2951,d723f8382af3d058,023ba80467a244dd,18-49,ILI,mild,2026-08-25T20:44:00,ehr
PS-JEN-001,Jenin,32.4597,35.2951,c0d662d41ad4a594,cd659f01b72af919,50-64,AGE,mild,2026-08-25T20:46:00,ehr
PS-JEN-001,Jenin,32.4597,35.2951,c0d662d41ad4a594,bfbe3d5ddba39dcc,65+,AGE,mild,2026-08-25T13:42:00,ehr
PS-JEN-001,Jenin,32.4597,35.2951,d723f8382af3d058,2222a0ea5791f918,5-17,AGE,mild,2026-08-25T18:51:00,pharmacy
PS-JEN-001,Jenin,32.4597,35.2951,d723f8382af3d058,dcd1e848fc3f5e99,18-49,ARI,moderate,2026-08-25T19:52:00,lab
PS-JEN-001,Jenin,32.4597,35.2951,d723f8382af3d058,1036359d15a2abdc,0-4,ARI,mild,2026-08-25T16:33:00,ehr
PS-JEN-001,Jenin,32.4597,35.2951,02322af968c6062f,a84f77215208f7b5,65+,ARI,mild,2026-08-25T16:06:00,pharmacy
PS-JEN-001,Jenin,32.4597,35.2951,d723f8382af3d058,1336d157eac8f24e,50-64,FEVER_RASH,moderate,2026-08-25T17:45:00,ehr
PS-JEN-001,Jenin,32.4597,35.2951,02322af968c6062f,3f615848c938e2d3,65+,MENINGITIS_LIKE,moderate,2026-08-25T20:29:00,lab
PS-JEN-001,Jenin,32.4597,35.2951,02322af968c6062f,35b618c263b12017,18-49,OTHER,mild,2026-08-25T16:11:00,ehr
PS-JEN-001,Jenin,32.4597,35.2951,02322af968c6062f,9eb756fd971e78ce,18-49,OTHER,moderate,2026-08-25T13:51:00,ehr
PS-JEN-001,Jenin,32.4597,35.2951,c0d662d41ad4a594,d2a2edfe7c5916fa,5-17,OTHER,severe,2026-08-25T12:52:00,ehr
PS-JEN-001,Jenin,32.4597,35.2951,02322af968c6062f,a687b28cf04ab080,5-17,OTHER,mild,2026-08-25T14:50:00,ehr
PS-HEB-001,Hebron,31.5326,35.0998,d3391f64b3beb0a2,9071b6a6c221ab09,18-49,ILI,moderate,2026-08-26T15:49:00,ehr
PS-HEB-001,Hebron,31.5326,35.0998,7c5d3d710b7ca6a2,a58b997d816061f4,5-17,ILI,mild,2026-08-26T20:31:00,ehr
PS-HEB-001,Hebron,31.5326,35.0998,d3391f64b3beb0a2,36f037953ef48752,0-4,ILI,moderate,2026-08-26T12:53:00,lab
PS-HEB-001,Hebron,31.5326,35.0998,f17af80950dde2c9,0493932f2ba9ff8d,18-49,ILI,moderate,2026-08-26T12:39:00,ehr
PS-HEB-001,Hebron,31.5326,35.0998,f17af80950dde2c9,d1e297f8d2d9f6e1,5-17,ILI,moderate,2026-08-26T11:54:00,ehr
PS-HEB-001,Hebron,31.5326,35.0998,e3dff89ada235d59,3da3ec84c00b197f,5-17,ILI,mild,2026-08-26T19:10:00,pharmacy
PS-HEB-001,Hebron,31.5326,35.0998,d3391f64b3beb0a2,da5338a2ed87f300,18-49,ILI,mild,2026-08-26T11:58:00,lab
PS-HEB-001,Hebron,31.5326,35.0998,7c5d3d710b7ca6a2,bc713bbb778e48f3,5-17,ILI,mild,2026-08-26T16:44:00,pharmacy
PS-HEB-001,Hebron,31.5326,35.0998,d3391f64b3beb0a2,14ba993e627f8f2a,0-4,AGE,mild,2026-08-26T17:25:00,ehr
PS-HEB-001,Hebron,31.5326,35.0998,f17af80950dde2c9,ff6a5f827d1b8c8f,0-4,AGE,severe,2026-08-26T13:08:00,ehr
PS-HEB-001,Hebron,31.5326,35.0998,7c5d3d710b7ca6a2,ebd3be768c238b27,5-17,AGE,mild,2026-08-26T16:36:00,ehr
PS-HEB-001,Hebron,31.5326,35.0998,f17af80950dde2c9,d79777bc10ec4904,5-17,ARI,mild,2026-08-26T11:01:00,ehr
PS-HEB-001,Hebron,31.5326,35.0998,e3dff89ada235d59,fba0aa111579cf88,18-49,ARI,moderate,2026-08-26T10:56:00,ehr
PS-HEB-001,Hebron,31.5326,35.0998,e3dff89ada235d59,1c664c4b1380b560,65+,ARI,moderate,2026-08-26T07:18:00,lab
PS-HEB-001,Hebron,31.5326,35.0998,f17af80950dde2c9,300346da4f294a8c,18-49,ARI,severe,2026-08-26T20:28:00,ehr
PS-HEB-001,Hebron,31.5326,35.0998,f17af80950dde2c9,e76a7850dc09df27,18-49,ARI,moderate,2026-08-26T13:11:00,lab
PS-HEB-001,Hebron,31.5326,35.0998,d3391f64b3beb0a2,13ec0fa610bfd5d8,50-64,ARI,mild,2026-08-26T18:16:00,ehr
PS-HEB-001,Hebron,31.5326,35.0998,e3dff89ada235d59,d28af8ad164a62b7,5-17,ARI,mild,2026-08-26T12:57:00,ehr
PS-HEB-001,Hebron,31.5326,35.0998,e3dff89ada235d59,85e2c20df7db09f9,50-64,ARI,mild,2026-08-26T12:55:00,ehr
PS-HEB-001,Hebron,31.5326,35.0998,f17af80950dde2c9,b90c174b57ee52f9,18-49,FEVER_RASH,mild,2026-08-26T19:32:00,pharmacy
PS-HEB-001,Hebron,31.5326,35.0998,d3391f64b3beb0a2,eee32772a03933b1,18-49,FEVER_RASH,mild,2026-08-26T10:46:00,pharmacy
PS-HEB-001,Hebron,31.5326,35.0998,7c5d3d710b7ca6a2,204d096e0b2709c5,18-49,JAUNDICE,mild,2026-08-26T11:36:00,pharmacy
PS-HEB-001,Hebron,31.5326,35.0998,f17af80950dde2c9,d39c7da6741da42e,18-49,OTHER,mild,2026-08-26T09:01:00,ehr
PS-HEB-001,Hebron,31.5326,35.0998,e3dff89ada235d59,902836a6b1fc5521,0-4,OTHER,mild,2026-08-26T14:55:00,ehr
PS-HEB-001,Hebron,31.5326,35.0998,7c5d3d710b7ca6a2,13de4a6e81b10dec,18-49,OTHER,mild,2026-08-26T16:16:00,ehr
PS-HEB-001,Hebron,31.5326,35.0998,f17af80950dde2c9,73334c09ad72954d,5-17,OTHER,mild,2026-08-26T13:13:00,ehr
PS-HEB-001,Hebron,31.5326,35.0998,f17af80950dde2c9,bf32e034ed4046a7,0-4,OTHER,mild,2026-08-26T12:14:00,pharmacy
PS-HEB-001,Hebron,31.5326,35.0998,7c5d3d710b7ca6a2,867f7bc75893c563,65+,OTHER,mild,2026-08-26T12:55:00,ehr
PS-HEB-001,Hebron,31.5326,35.0998,7c5d3d710b7ca6a2,63e6cc144dfefe46,18-49,OTHER,mild,2026-08-26T16:07:00,ehr
PS-HEB-001,Hebron,31.5326,35.0998,e3dff89ada235d59,2c16f1e9e733bedb,65+,OTHER,moderate,2026-08-26T18:12:00,ehr
PS-HEB-001,Hebron,31.5326,35.0998,7c5d3d710b7ca6a2,b63b4d7f46c212d9,18-49,OTHER,mild,2026-08-26T20:11:00,ehr
PS-HEB-001,Hebron,31.5326,35.0998,7c5d3d710b7ca6a2,6806642c3069f6c3,65+,OTHER,mild,2026-08-26T12:05:00,lab
PS-HEB-001,Hebron,31.5326,35.0998,f17af80950dde2c9,27ad22d686732e0a,18-49,OTHER,mild,2026-08-26T19:26:00,ehr
PS-HEB-002,Hebron,31.545,35.087,9b34d36ec3c96b37,3a78b53a6ed03d9a,50-64,ILI,mild,2026-08-26T09:45:00,ehr
PS-HEB-002,Hebron,31.545,35.087,d1fda43bf12417c4,b95f6b62e4f9944e,5-17,ILI,severe,2026-08-26T11:25:00,ehr
PS-HEB-002,Hebron,31.545,35.087,b828601a5432663a,754b3ce866ea86f1,18-49,ILI,mild,2026-08-26T12:28:00,pharmacy
PS-HEB-002,Hebron,31.545,35.087,b828601a5432663a,a8ead9b8d09b914c,18-49,ILI,mild,2026-08-26T07:35:00,ehr
PS-HEB-002,Hebron,31.545,35.087,b828601a5432663a,5ad92a1f7b8f0f59,5-17,ILI,mild,2026-08-26T15:00:00,pharmacy
PS-HEB-002,Hebron,31.545,35.087,b828601a5432663a,eb7f53d53b3ab649,65+,ILI,mild,2026-08-26T16:23:00,pharmacy
PS-HEB-002,Hebron,31.545,35.087,d1fda43bf12417c4,6f53f1d5d75ddc56,65+,ILI,mild,2026-08-26T14:11:00,ehr
PS-HEB-002,Hebron,31.545,35.087,d1fda43bf12417c4,c9a8ef49803fefe1,50-64,AGE,moderate,2026-08-26T16:23:00,ehr
PS-HEB-002,Hebron,31.545,35.087,9b34d36ec3c96b37,c8bbacf53ed99e27,0-4,AGE,mild,2026-08-26T15:09:00,pharmacy
PS-HEB-002,Hebron,31.545,35.087,3000fc3d8d01f75a,f942a39ccba349cc,65+,AGE,mild,2026-08-26T19:07:00,ehr
PS-HEB-002,Hebron,31.545,35.087,d1fda43bf12417c4,5586b3d586b5d902,50-64,AGE,mild,2026-08-26T16:33:00,pharmacy
PS-HEB-002,Hebron,31.545,35.087,3000fc3d8d01f75a,b754e44fd1686921,65+,AGE,moderate,2026-08-26T09:39:00,pharmacy
PS-HEB-002,Hebron,31.545,35.087,b828601a5432663a,211f83c6f2b819bb,5-17,ARI,mild,2026-08-26T08:42:00,ehr
PS-HEB-002,Hebron,31.545,35.087,d1fda43bf12417c4,8846b276a6969d36,50-64,ARI,mild,2026-08-26T20:31:00,ehr
PS-HEB-002,Hebron,31.545,35.087,b828601a5432663a,f771ba2cc9872b6a,50-64,ARI,mild,2026-08-26T14:51:00,ehr
PS-HEB-002,Hebron,31.545,35.087,9b34d36ec3c96b37,9a1d4b8e7125defb,18-49,ARI,mild,2026-08-26T15:36:00,ehr
PS-HEB-002,Hebron,31.545,35.087,9b34d36ec3c96b37,e826d0466f8c09ad,18-49,ARI,mild,2026-08-26T12:08:00,lab
PS-HEB-002,Hebron,31.545,35.087,9b34d36ec3c96b37,90758cb11f3f30ca,0-4,ARI,mild,2026-08-26T13:27:00,ehr
PS-HEB-002,Hebron,31.545,35.087,9b34d36ec3c96b37,f98c35998712ae8b,18-49,ARI,mild,2026-08-26T12:35:00,ehr
PS-HEB-002,Hebron,31.545,35.087,b828601a5432663a,dae1540279a374a7,18-49,ARI,mild,2026-08-26T19:43:00,ehr
PS-HEB-002,Hebron,31.545,35.087,d1fda43bf12417c4,32df0d9c5e7f9f78,18-49,MENINGITIS_LIKE,moderate,2026-08-26T16:34:00,pharmacy
PS-HEB-002,Hebron,31.545,35.087,3000fc3d8d01f75a,777268f5fd80ed16,65+,HEMORRHAGIC_FEVER,mild,2026-08-26T13:12:00,lab
PS-HEB-002,Hebron,31.545,35.087,d1fda43bf12417c4,7aba466d447cc8f7,18-49,OTHER,mild,2026-08-26T18:32:00,ehr
PS-HEB-002,Hebron,31.545,35.087,9b34d36ec3c96b37,7a8b6a1bb2d630a8,65+,OTHER,moderate,2026-08-26T10:06:00,ehr
PS-HEB-002,Hebron,31.545,35.087,d1fda43bf12417c4,6bf9892b05fa49e1,18-49,OTHER,mild,2026-08-26T08:45:00,pharmacy
PS-HEB-002,Hebron,31.545,35.087,9b34d36ec3c96b37,f85e62a6cd9f8f59,5-17,OTHER,mild,2026-08-26T07:02:00,ehr
PS-HEB-002,Hebron,31.545,35.087,d1fda43bf12417c4,c668e4f2bc874b8c,18-49,OTHER,moderate,2026-08-26T07:57:00,ehr
PS-HEB-002,Hebron,31.545,35.087,d1fda43bf12417c4,2310a8dab42456f8,5-17,OTHER,moderate,2026-08-26T09:24:00,ehr
PS-HEB-002,Hebron,31.545,35.087,d1fda43bf12417c4,ec32be03886cb5a2,18-49,OTHER,mild,2026-08-26T09:09:00,lab
PS-RAM-001,Ramallah,31.9038,35.2034,2c531e40a3a7ce8c,7e5b47c16143d5c8,65+,ILI,mild,2026-08-26T17:19:00,ehr
PS-RAM-001,Ramallah,31.9038,35.2034,4dc3b3d585035dae,1f6eb6995e8990b5,18-49,ILI,mild,2026-08-26T13:44:00,ehr
PS-RAM-001,Ramallah,31.9038,35.2034,2c531e40a3a7ce8c,c768397bfce73b65,50-64,ILI,mild,2026-08-26T20:57:00,pharmacy
PS-RAM-001,Ramallah,31.9038,35.2034,d4bc341fd534ad06,50ee7762afd074c1,0-4,ILI,moderate,2026-08-26T07:40:00,ehr
PS-RAM-001,Ramallah,31.9038,35.2034,2c531e40a3a7ce8c,909639ab9deb1fdc,0-4,ILI,mild,2026-08-26T17:44:00,ehr
PS-RAM-001,Ramallah,31.9038,35.2034,4dc3b3d585035dae,c569586bfc67cd2c,5-17,ILI,mild,2026-08-26T19:31:00,ehr
PS-RAM-001,Ramallah,31.9038,35.2034,d4bc341fd534ad06,0b275264d2096b16,5-17,ILI,mild,2026-08-26T17:45:00,pharmacy
PS-RAM-001,Ramallah,31.9038,35.2034,4dc3b3d585035dae,0434be6533dda8e5,18-49,AGE,moderate,2026-08-26T11:06:00,ehr
PS-RAM-001,Ramallah,31.9038,35.2034,d4bc341fd534ad06,354d7b9506d73fb3,5-17,AGE,mild,2026-08-26T08:35:00,ehr
PS-RAM-001,Ramallah,31.9038,35.2034,d4bc341fd534ad06,b8504783d06352d6,5-17,ARI,moderate,2026-08-26T10:02:00,ehr
PS-RAM-001,Ramallah,31.9038,35.2034,865eea42f5c6ccea,1a4f779b559bb2a8,18-49,ARI,mild,2026-08-26T10:27:00,pharmacy
PS-RAM-001,Ramallah,31.9038,35.2034,2c531e40a3a7ce8c,a7140f122af125cb,18-49,ARI,moderate,2026-08-26T19:02:00,ehr
PS-RAM-001,Ramallah,31.9038,35.2034,2c531e40a3a7ce8c,7a8b45c3496a5fa7,5-17,ARI,severe,2026-08-26T16:00:00,ehr
PS-RAM-001,Ramallah,31.9038,35.2034,2c531e40a3a7ce8c,01d1cc7d4929a779,50-64,ARI,mild,2026-08-26T12:29:00,lab
PS-RAM-001,Ramallah,31.9038,35.2034,4dc3b3d585035dae,968a9b9e40d5c10a,5-17,ARI,mild,2026-08-26T09:18:00,ehr
PS-RAM-001,Ramallah,31.9038,35.2034,d4bc341fd534ad06,54afa7bb2084ed67,0-4,ARI,mild,2026-08-26T17:46:00,ehr
PS-RAM-001,Ramallah,31.9038,35.2034,865eea42f5c6ccea,c22504edef935f63,18-49,ARI,mild,2026-08-26T16:33:00,ehr
PS-RAM-001,Ramallah,31.9038,35.2034,4dc3b3d585035dae,cbf3ad4b5f9e6704,18-49,FEVER_RASH,mild,2026-08-26T07:07:00,pharmacy
PS-RAM-001,Ramallah,31.9038,35.2034,865eea42f5c6ccea,51f3e257a079b1e2,5-17,FEVER_RASH,mild,2026-08-26T18:10:00,ehr
PS-RAM-001,Ramallah,31.9038,35.2034,4dc3b3d585035dae,e12e0a7981c83b15,50-64,JAUNDICE,moderate,2026-08-26T07:36:00,ehr
PS-RAM-001,Ramallah,31.9038,35.2034,4dc3b3d585035dae,05a8fd1883b63af6,0-4,OTHER,moderate,2026-08-26T07:36:00,lab
PS-RAM-001,Ramallah,31.9038,35.2034,d4bc341fd534ad06,bb3a64676c7b9568,5-17,OTHER,mild,2026-08-26T16:41:00,lab
PS-RAM-001,Ramallah,31.9038,35.2034,d4bc341fd534ad06,2cd583330f720365,18-49,OTHER,mild,2026-08-26T18:15:00,lab
PS-RAM-001,Ramallah,31.9038,35.2034,2c531e40a3a7ce8c,ea585af2ea8f590f,18-49,OTHER,moderate,2026-08-26T14:58:00,ehr
PS-RAM-001,Ramallah,31.9038,35.2034,2c531e40a3a7ce8c,2e92b069981555f5,65+,OTHER,mild,2026-08-26T09:18:00,ehr
PS-NAB-001,Nablus,32.2211,35.2544,c9eef5119a779be2,9dcd60a5ad31ffe1,0-4,ILI,mild,2026-08-26T07:27:00,pharmacy
PS-NAB-001,Nablus,32.2211,35.2544,ce0af50d2ab5f724,fc8bca07951f6c3d,0-4,ILI,mild,2026-08-26T20:14:00,ehr
PS-NAB-001,Nablus,32.2211,35.2544,ce0af50d2ab5f724,839d3be0365182fb,18-49,ILI,mild,2026-08-26T13:26:00,lab
PS-NAB-001,Nablus,32.2211,35.2544,c9eef5119a779be2,fa65eaf0872c0b6a,5-17,ILI,mild,2026-08-26T14:23:00,pharmacy
PS-NAB-001,Nablus,32.2211,35.2544,62c116f8ada8f79a,21ce180d5094144e,18-49,ILI,mild,2026-08-26T10:15:00,pharmacy
PS-NAB-001,Nablus,32.2211,35.2544,ce0af50d2ab5f724,6df209cf068ccf7d,18-49,ILI,moderate,2026-08-26T12:57:00,lab
PS-NAB-001,Nablus,32.2211,35.2544,c9eef5119a779be2,a2a3124afc9f05ba,5-17,ILI,mild,2026-08-26T12:41:00,ehr
PS-NAB-001,Nablus,32.2211,35.2544,ce0af50d2ab5f724,5d636b1a5e3b5061,5-17,ILI,moderate,2026-08-26T15:41:00,pharmacy
PS-NAB-001,Nablus,32.2211,35.2544,62c116f8ada8f79a,2bad79451113997f,5-17,ILI,mild,2026-08-26T13:03:00,ehr
PS-NAB-001,Nablus,32.2211,35.2544,ce0af50d2ab5f724,295ca9fc385d06ae,5-17,ILI,mild,2026-08-26T17:24:00,ehr
PS-NAB-001,Nablus,32.2211,35.2544,62c116f8ada8f79a,1fb142e8616adee4,5-17,AGE,moderate,2026-08-26T13:36:00,pharmacy
PS-NAB-001,Nablus,32.2211,35.2544,ce0af50d2ab5f724,91f91f12d0f7d8bf,18-49,AGE,moderate,2026-08-26T19:09:00,ehr
PS-NAB-001,Nablus,32.2211,35.2544,ce0af50d2ab5f724,4189f8189a13b479,5-17,AGE,moderate,2026-08-26T13:20:00,lab
PS-NAB-001,Nablus,32.2211,35.2544,2e49f94506905ef7,84abd5b3015ca389,18-49,ARI,moderate,2026-08-26T16:33:00,ehr
PS-NAB-001,Nablus,32.2211,35.2544,2e49f94506905ef7,fa30462526dd5a33,5-17,ARI,mild,2026-08-26T07:00:00,ehr
PS-NAB-001,Nablus,32.2211,35.2544,62c116f8ada8f79a,3a67d57215968534,65+,ARI,mild,2026-08-26T10:47:00,ehr
PS-NAB-001,Nablus,32.2211,35.2544,c9eef5119a779be2,d1d0cbf51b953222,18-49,ARI,moderate,2026-08-26T12:39:00,lab
PS-NAB-001,Nablus,32.2211,35.2544,62c116f8ada8f79a,08b87afa7b88c10e,5-17,ARI,mild,2026-08-26T12:45:00,pharmacy
PS-NAB-001,Nablus,32.2211,35.2544,62c116f8ada8f79a,010266271b3a7f8c,5-17,FEVER_RASH,mild,2026-08-26T09:57:00,pharmacy
PS-NAB-001,Nablus,32.2211,35.2544,ce0af50d2ab5f724,e7e896165cd97c3a,18-49,FEVER_RASH,mild,2026-08-26T13:10:00,ehr
PS-NAB-001,Nablus,32.2211,35.2544,62c116f8ada8f79a,28c263fad593c23d,50-64,FEVER_RASH,mild,2026-08-26T08:42:00,ehr
PS-NAB-001,Nablus,32.2211,35.2544,ce0af50d2ab5f724,e15d51865a60bdee,18-49,FEVER_RASH,mild,2026-08-26T09:56:00,ehr
PS-NAB-001,Nablus,32.2211,35.2544,ce0af50d2ab5f724,1ea45078e5d1cab7,50-64,OTHER,severe,2026-08-26T16:11:00,pharmacy
PS-NAB-001,Nablus,32.2211,35.2544,c9eef5119a779be2,218f02122b164103,65+,OTHER,moderate,2026-08-26T12:56:00,ehr
PS-NAB-001,Nablus,32.2211,35.2544,c9eef5119a779be2,fc6eff6bca468b8d,18-49,OTHER,moderate,2026-08-26T09:08:00,ehr
PS-NAB-001,Nablus,32.2211,35.2544,62c116f8ada8f79a,8f3eb98a789d857c,65+,OTHER,mild,2026-08-26T19:42:00,ehr
PS-NAB-001,Nablus,32.2211,35.2544,ce0af50d2ab5f724,d3b1764b1847dbea,0-4,OTHER,moderate,2026-08-26T12:38:00,lab
PS-NAB-001,Nablus,32.2211,35.2544,c9eef5119a779be2,929302cc3d17d9e4,5-17,OTHER,mild,2026-08-26T09:23:00,pharmacy
PS-NAB-001,Nablus,32.2211,35.2544,c9eef5119a779be2,6fdee2bcd9722f48,50-64,OTHER,mild,2026-08-26T07:31:00,ehr
PS-NAB-001,Nablus,32.2211,35.2544,c9eef5119a779be2,cd98c655a44cffc1,18-49,OTHER,mild,2026-08-26T18:19:00,ehr
PS-NAB-001,Nablus,32.2211,35.2544,ce0af50d2ab5f724,767752c6c18fd2da,18-49,OTHER,mild,2026-08-26T11:47:00,ehr
PS-NAB-001,Nablus,32.2211,35.2544,2e49f94506905ef7,1433d5c2a4eef626,18-49,OTHER,mild,2026-08-26T09:55:00,lab
PS-BET-001,Bethlehem,31.7054,35.2024,2ee779d7897ae9a5,6ad588efb4fcc877,18-49,ILI,mild,2026-08-26T13:02:00,pharmacy
PS-BET-001,Bethlehem,31.7054,35.2024,53365b5018ccb30a,cfbe3828e1fa3b94,18-49,ILI,mild,2026-08-26T20:50:00,ehr
PS-BET-001,Bethlehem,31.7054,35.2024,0a12ccb2fb499cd0,973fb92effc7d206,18-49,ILI,mild,2026-08-26T18:16:00,lab
PS-BET-001,Bethlehem,31.7054,35.2024,2ee779d7897ae9a5,8c256d80fe698b63,50-64,ILI,moderate,2026-08-26T17:05:00,ehr
PS-BET-001,Bethlehem,31.7054,35.2024,c1a0ab6562099869,7c81fca28a3de1d0,5-17,ILI,mild,2026-08-26T19:08:00,ehr
PS-BET-001,Bethlehem,31.7054,35.2024,0a12ccb2fb499cd0,edbc6f75529baf8f,50-64,AGE,moderate,2026-08-26T09:36:00,ehr
PS-BET-001,Bethlehem,31.7054,35.2024,2ee779d7897ae9a5,7ff8bf7a88e2b40f,50-64,AGE,mild,2026-08-26T18:00:00,ehr
PS-BET-001,Bethlehem,31.7054,35.2024,53365b5018ccb30a,aa3568aa5f0b58b6,18-49,AGE,mild,2026-08-26T16:40:00,ehr
PS-BET-001,Bethlehem,31.7054,35.2024,c1a0ab6562099869,99e4b028d518cf3e,18-49,AGE,mild,2026-08-26T16:07:00,ehr
PS-BET-001,Bethlehem,31.7054,35.2024,53365b5018ccb30a,fcd00799d89eb741,50-64,ARI,mild,2026-08-26T08:00:00,ehr
PS-BET-001,Bethlehem,31.7054,35.2024,53365b5018ccb30a,a7132dc9366959a7,5-17,ARI,mild,2026-08-26T18:05:00,lab
PS-BET-001,Bethlehem,31.7054,35.2024,53365b5018ccb30a,0df60bb14961b0cc,18-49,ARI,mild,2026-08-26T20:12:00,ehr
PS-BET-001,Bethlehem,31.7054,35.2024,c1a0ab6562099869,51ba51393f9e54e1,18-49,ARI,mild,2026-08-26T18:43:00,ehr
PS-BET-001,Bethlehem,31.7054,35.2024,2ee779d7897ae9a5,15d7d2f657dfaa19,0-4,ARI,mild,2026-08-26T09:12:00,ehr
PS-BET-001,Bethlehem,31.7054,35.2024,c1a0ab6562099869,8569bbd7cccc3580,5-17,ARI,moderate,2026-08-26T18:07:00,ehr
PS-BET-001,Bethlehem,31.7054,35.2024,2ee779d7897ae9a5,c9d0f49b5f54f2bd,18-49,FEVER_RASH,mild,2026-08-26T09:25:00,ehr
PS-BET-001,Bethlehem,31.7054,35.2024,2ee779d7897ae9a5,22130dd220c235fb,50-64,FEVER_RASH,moderate,2026-08-26T10:27:00,pharmacy
PS-BET-001,Bethlehem,31.7054,35.2024,2ee779d7897ae9a5,ebcb3c0249f64241,18-49,JAUNDICE,mild,2026-08-26T17:16:00,ehr
PS-BET-001,Bethlehem,31.7054,35.2024,c1a0ab6562099869,bd07dccf49480708,18-49,JAUNDICE,moderate,2026-08-26T14:22:00,ehr
PS-JEN-001,Jenin,32.4597,35.2951,c0d662d41ad4a594,45e35cd5069704d2,18-49,AGE,moderate,2026-08-26T17:05:00,ehr
PS-JEN-001,Jenin,32.4597,35.2951,02322af968c6062f,05edc315e1d3f7b2,18-49,AGE,moderate,2026-08-26T18:43:00,ehr
PS-JEN-001,Jenin,32.4597,35.2951,d723f8382af3d058,c9d7efc16dff1a50,5-17,AGE,mild,2026-08-26T14:22:00,lab
PS-JEN-001,Jenin,32.4597,35.2951,0747c175e69e0dff,d964e65036958440,5-17,AGE,mild,2026-08-26T12:34:00,ehr
PS-JEN-001,Jenin,32.4597,35.2951,d723f8382af3d058,ddd21656bb5141bc,18-49,ARI,moderate,2026-08-26T12:59:00,lab
PS-JEN-001,Jenin,32.4597,35.2951,d723f8382af3d058,8e13e45bc358b1d6,18-49,FEVER_RASH,mild,2026-08-26T09:09:00,ehr
PS-JEN-001,Jenin,32.4597,35.2951,d723f8382af3d058,2cca8910207b0e1d,65+,FEVER_RASH,mild,2026-08-26T19:20:00,lab
PS-HEB-001,Hebron,31.5326,35.0998,7c5d3d710b7ca6a2,d8305d551a757adb,18-49,ILI,mild,2026-08-27T10:06:00,ehr
PS-HEB-001,Hebron,31.5326,35.0998,f17af80950dde2c9,1765db71b04a56b1,18-49,ILI,mild,2026-08-27T10:01:00,pharmacy
PS-HEB-001,Hebron,31.5326,35.0998,e3dff89ada235d59,019c497d1668b716,18-49,ILI,moderate,2026-08-27T11:14:00,lab
PS-HEB-001,Hebron,31.5326,35.0998,e3dff89ada235d59,cd277990c8220640,18-49,ILI,mild,2026-08-27T13:54:00,ehr
PS-HEB-001,Hebron,31.5326,35.0998,d3391f64b3beb0a2,62b6358d9a4ce360,18-49,ILI,mild,2026-08-27T08:04:00,ehr
PS-HEB-001,Hebron,31.5326,35.0998,f17af80950dde2c9,ad0f09a162246bcf,50-64,ILI,mild,2026-08-27T10:33:00,ehr
PS-HEB-001,Hebron,31.5326,35.0998,e3dff89ada235d59,18bda1a23881983c,5-17,ILI,mild,2026-08-27T11:40:00,pharmacy
PS-HEB-001,Hebron,31.5326,35.0998,7c5d3d710b7ca6a2,76b4e7c5760970fc,18-49,ILI,mild,2026-08-27T13:39:00,ehr
PS-HEB-001,Hebron,31.5326,35.0998,e3dff89ada235d59,309259a1d63748b3,5-17,ILI,severe,2026-08-27T18:23:00,ehr
PS-HEB-001,Hebron,31.5326,35.0998,d3391f64b3beb0a2,6eb3c522e3ed8d86,18-49,ILI,mild,2026-08-27T07:28:00,ehr
PS-HEB-001,Hebron,31.5326,35.0998,d3391f64b3beb0a2,0089900d7d06c844,18-49,ILI,moderate,2026-08-27T18:14:00,lab
PS-HEB-001,Hebron,31.5326,35.0998,d3391f64b3beb0a2,ee16e035332b7e00,18-49,ILI,mild,2026-08-27T19:17:00,ehr
PS-HEB-001,Hebron,31.5326,35.0998,e3dff89ada235d59,a45313bafc8a3b91,18-49,AGE,mild,2026-08-27T09:20:00,ehr
PS-HEB-001,Hebron,31.5326,35.0998,f17af80950dde2c9,97b327fa97c6017e,50-64,AGE,mild,2026-08-27T14:36:00,ehr
PS-HEB-001,Hebron,31.5326,35.0998,e3dff89ada235d59,0749b0144f95dfc9,18-49,AGE,mild,2026-08-27T13:48:00,lab
PS-HEB-001,Hebron,31.5326,35.0998,d3391f64b3beb0a2,4b19167bcff66c9a,0-4,AGE,mild,2026-08-27T14:38:00,ehr
PS-HEB-001,Hebron,31.5326,35.0998,d3391f64b3beb0a2,8ecae5dd7a16037e,18-49,AGE,mild,2026-08-27T19:49:00,ehr
PS-HEB-001,Hebron,31.5326,35.0998,e3dff89ada235d59,02850e240274be28,18-49,AGE,mild,2026-08-27T14:15:00,pharmacy
PS-HEB-001,Hebron,31.5326,35.0998,e3dff89ada235d59,e541a21f209ccf61,50-64,AGE,severe,2026-08-27T14:35:00,lab
PS-HEB-001,Hebron,31.5326,35.0998,e3dff89ada235d59,8da727d0e23af9cf,50-64,AGE,mild,2026-08-27T12:38:00,pharmacy
PS-HEB-001,Hebron,31.5326,35.0998,d3391f64b3beb0a2,bd53a3568469aa7c,18-49,AGE,moderate,2026-08-27T16:07:00,ehr
PS-HEB-001,Hebron,31.5326,35.0998,f17af80950dde2c9,ad4d954411d7cc8b,18-49,ARI,moderate,2026-08-27T10:50:00,ehr
PS-HEB-001,Hebron,31.5326,35.0998,e3dff89ada235d59,0deef2eab0ba33fa,0-4,ARI,mild,2026-08-27T11:16:00,lab
PS-HEB-001,Hebron,31.5326,35.0998,f17af80950dde2c9,91ac958cb6da562a,50-64,ARI,severe,2026-08-27T08:23:00,lab
PS-HEB-001,Hebron,31.5326,35.0998,e3dff89ada235d59,8dd3600832f363a4,18-49,ARI,moderate,2026-08-27T17:24:00,ehr
PS-HEB-001,Hebron,31.5326,35.0998,d3391f64b3beb0a2,5f9820ea6eb4cfb9,5-17,ARI,mild,2026-08-27T11:29:00,ehr
PS-HEB-001,Hebron,31.5326,35.0998,e3dff89ada235d59,5641fc02b47b8e8f,5-17,FEVER_RASH,mild,2026-08-27T09:37:00,ehr
PS-HEB-001,Hebron,31.5326,35.0998,d3391f64b3beb0a2,2013a1fea006899b,50-64,JAUNDICE,mild,2026-08-27T12:09:00,ehr
PS-HEB-001,Hebron,31.5326,35.0998,d3391f64b3beb0a2,2df04735440ee820,18-49,OTHER,moderate,2026-08-27T13:11:00,ehr
PS-HEB-001,Hebron,31.5326,35.0998,7c5d3d710b7ca6a2,c4c14b9434271ba2,50-64,OTHER,mild,2026-08-27T12:36:00,ehr
PS-HEB-001,Hebron,31.5326,35.0998,7c5d3d710b7ca6a2,c3a2a8e71a599ab0,0-4,OTHER,mild,2026-08-27T14:04:00,ehr
PS-HEB-001,Hebron,31.5326,35.0998,7c5d3d710b7ca6a2,2df625ce40c70d59,18-49,OTHER,severe,2026-08-27T18:15:00,ehr
PS-HEB-001,Hebron,31.5326,35.0998,d3391f64b3beb0a2,c522203e81022bb0,18-49,OTHER,mild,2026-08-27T08:26:00,pharmacy
PS-HEB-002,Hebron,31.545,35.087,d1fda43bf12417c4,f92c59e6efaf2c31,18-49,ILI,mild,2026-08-27T19:25:00,ehr
PS-HEB-002,Hebron,31.545,35.087,b828601a5432663a,fd34e9c8de60f54c,18-49,ILI,moderate,2026-08-27T14:10:00,ehr
PS-HEB-002,Hebron,31.545,35.087,b828601a5432663a,88a967a55bb8c46b,0-4,ILI,moderate,2026-08-27T10:03:00,ehr
PS-HEB-002,Hebron,31.545,35.087,b828601a5432663a,b0e1cb5fc702d7d2,5-17,ILI,mild,2026-08-27T14:02:00,ehr
PS-HEB-002,Hebron,31.545,35.087,3000fc3d8d01f75a,bfa521b7075a43d4,5-17,ILI,moderate,2026-08-27T20:08:00,lab
PS-HEB-002,Hebron,31.545,35.087,3000fc3d8d01f75a,c33cce60632280ec,18-49,ILI,mild,2026-08-27T07:32:00,lab
PS-HEB-002,Hebron,31.545,35.087,b828601a5432663a,929c2f9d44db595d,5-17,ILI,mild,2026-08-27T15:04:00,ehr
PS-HEB-002,Hebron,31.545,35.087,b828601a5432663a,925ce18fa0cdb95e,5-17,ILI,mild,2026-08-27T16:31:00,ehr
PS-HEB-002,Hebron,31.545,35.087,d1fda43bf12417c4,4f04f98f2a547d9b,18-49,AGE,mild,2026-08-27T15:57:00,ehr
PS-HEB-002,Hebron,31.545,35.087,3000fc3d8d01f75a,b42dc38ebc53b0e2,5-17,AGE,mild,2026-08-27T17:47:00,lab
PS-HEB-002,Hebron,31.545,35.087,d1fda43bf12417c4,c470a80a2d092dcd,18-49,AGE,mild,2026-08-27T09:53:00,ehr
PS-HEB-002,Hebron,31.545,35.087,3000fc3d8d01f75a,75f9ed2012d9e853,18-49,AGE,mild,2026-08-27T12:57:00,lab
PS-HEB-002,Hebron,31.545,35.087,9b34d36ec3c96b37,864079fa316a0bc0,5-17,ARI,mild,2026-08-27T17:42:00,lab
PS-HEB-002,Hebron,31.545,35.087,d1fda43bf12417c4,4599ad924fd65df5,5-17,ARI,mild,2026-08-27T19:06:00,ehr
PS-HEB-002,Hebron,31.545,35.087,d1fda43bf12417c4,1c38fb1a50e4e5b6,50-64,ARI,moderate,2026-08-27T20:44:00,ehr
PS-HEB-002,Hebron,31.545,35.087,d1fda43bf12417c4,3669b03c89374936,18-49,ARI,moderate,2026-08-27T14:03:00,ehr
PS-HEB-002,Hebron,31.545,35.087,b828601a5432663a,0e2de0c55b1e3ffa,5-17,ARI,mild,2026-08-27T10:32:00,ehr
PS-HEB-002,Hebron,31.545,35.087,d1fda43bf12417c4,55490729e5cba1c8,18-49,ARI,moderate,2026-08-27T20:21:00,ehr
PS-HEB-002,Hebron,31.545,35.087,d1fda43bf12417c4,10c11d70f9c0c4a1,50-64,ARI,mild,2026-08-27T14:25:00,pharmacy
PS-HEB-002,Hebron,31.545,35.087,d1fda43bf12417c4,ab418ef1759bee37,0-4,ARI,mild,2026-08-27T11:50:00,ehr
PS-HEB-002,Hebron,31.545,35.087,b828601a5432663a,34fe37999a41bab3,50-64,ARI,moderate,2026-08-27T20:01:00,ehr
PS-HEB-002,Hebron,31.545,35.087,9b34d36ec3c96b37,649d9a6515af227e,18-49,FEVER_RASH,severe,2026-08-27T11:28:00,ehr
PS-HEB-002,Hebron,31.545,35.087,3000fc3d8d01f75a,b5a998f1426bdb69,0-4,JAUNDICE,mild,2026-08-27T10:27:00,ehr
PS-HEB-002,Hebron,31.545,35.087,d1fda43bf12417c4,eca5871fb9d96a0e,5-17,OTHER,moderate,2026-08-27T08:19:00,ehr
PS-HEB-002,Hebron,31.545,35.087,b828601a5432663a,8481dbf8b1aec109,50-64,OTHER,moderate,2026-08-27T08:58:00,ehr
PS-HEB-002,Hebron,31.545,35.087,b828601a5432663a,1130e957144e92a1,18-49,OTHER,mild,2026-08-27T07:07:00,pharmacy
PS-HEB-002,Hebron,31.545,35.087,3000fc3d8d01f75a,4ff8731478ce12c1,5-17,OTHER,moderate,2026-08-27T18:35:00,lab
PS-HEB-002,Hebron,31.545,35.087,d1fda43bf12417c4,e4d63f61cc682f8a,5-17,OTHER,mild,2026-08-27T08:46:00,lab
PS-HEB-002,Hebron,31.545,35.087,9b34d36ec3c96b37,0271d0b01ea29dbc,18-49,OTHER,mild,2026-08-27T07:02:00,ehr
PS-RAM-001,Ramallah,31.9038,35.2034,4dc3b3d585035dae,af7f1b1bab11bff9,65+,ILI,moderate,2026-08-27T07:42:00,ehr
PS-RAM-001,Ramallah,31.9038,35.2034,2c531e40a3a7ce8c,3b5d5ca0d0f1ce1b,50-64,ILI,mild,2026-08-27T18:30:00,ehr
PS-RAM-001,Ramallah,31.9038,35.2034,2c531e40a3a7ce8c,7533b7378f0d2e7b,18-49,ILI,moderate,2026-08-27T20:12:00,ehr
PS-RAM-001,Ramallah,31.9038,35.2034,d4bc341fd534ad06,c082626b58d8433d,18-49,ILI,moderate,2026-08-27T20:36:00,ehr
PS-RAM-001,Ramallah,31.9038,35.2034,4dc3b3d585035dae,04a3f7bd27c6f714,5-17,ILI,mild,2026-08-27T18:54:00,ehr
PS-RAM-001,Ramallah,31.9038,35.2034,d4bc341fd534ad06,d9dc44983988eaf1,18-49,ILI,mild,2026-08-27T14:52:00,ehr
PS-RAM-001,Ramallah,31.9038,35.2034,2c531e40a3a7ce8c,bef19ee0060a50db,5-17,ILI,mild,2026-08-27T18:35:00,lab
PS-RAM-001,Ramallah,31.9038,35.2034,d4bc341fd534ad06,3fa3f9171f484309,5-17,ILI,severe,2026-08-27T09:37:00,ehr
PS-RAM-001,Ramallah,31.9038,35.2034,d4bc341fd534ad06,d3d494c6e1d7da8e,18-49,ILI,mild,2026-08-27T09:52:00,lab
PS-RAM-001,Ramallah,31.9038,35.2034,865eea42f5c6ccea,7f50c04c6c1aecd1,50-64,ILI,mild,2026-08-27T08:38:00,ehr
PS-RAM-001,Ramallah,31.9038,35.2034,d4bc341fd534ad06,58577752210b2893,18-49,ILI,moderate,2026-08-27T17:29:00,ehr
PS-RAM-001,Ramallah,31.9038,35.2034,2c531e40a3a7ce8c,97a2e67099357d6b,18-49,ILI,mild,2026-08-27T07:21:00,ehr
PS-RAM-001,Ramallah,31.9038,35.2034,2c531e40a3a7ce8c,69317ed5638f49e0,65+,ILI,moderate,2026-08-27T20:51:00,lab
PS-RAM-001,Ramallah,31.9038,35.2034,d4bc341fd534ad06,c9ce331b48324d54,50-64,ILI,severe,2026-08-27T08:52:00,pharmacy
PS-RAM-001,Ramallah,31.9038,35.2034,4dc3b3d585035dae,e5a62dd375bbaa8d,18-49,AGE,mild,2026-08-27T07:33:00,pharmacy
PS-RAM-001,Ramallah,31.9038,35.2034,2c531e40a3a7ce8c,a18ee1ea5b8d1ac2,18-49,AGE,moderate,2026-08-27T17:10:00,lab
PS-RAM-001,Ramallah,31.9038,35.2034,865eea42f5c6ccea,4ccbccd316f46280,18-49,AGE,mild,2026-08-27T08:20:00,lab
PS-RAM-001,Ramallah,31.9038,35.2034,865eea42f5c6ccea,d0831fa8099807c1,18-49,AGE,mild,2026-08-27T10:36:00,ehr
PS-RAM-001,Ramallah,31.9038,35.2034,d4bc341fd534ad06,93c32a78a32a9ed8,5-17,AGE,mild,2026-08-27T10:40:00,ehr
PS-RAM-001,Ramallah,31.9038,35.2034,4dc3b3d585035dae,6ea248a5d84e540b,18-49,ARI,moderate,2026-08-27T15:51:00,ehr
PS-RAM-001,Ramallah,31.9038,35.2034,d4bc341fd534ad06,a66ebf3899b67556,5-17,ARI,mild,2026-08-27T10:48:00,ehr
PS-RAM-001,Ramallah,31.9038,35.2034,4dc3b3d585035dae,04a62c04fdcbb755,0-4,ARI,mild,2026-08-27T20:12:00,ehr
PS-RAM-001,Ramallah,31.9038,35.2034,4dc3b3d585035dae,c76e00c60e66088b,0-4,ARI,mild,2026-08-27T09:52:00,ehr
PS-RAM-001,Ramallah,31.9038,35.2034,d4bc341fd534ad06,e7b04b1b4ab76705,0-4,ARI,mild,2026-08-27T13:22:00,ehr
PS-RAM-001,Ramallah,31.9038,35.2034,2c531e40a3a7ce8c,d43c257c1ad201c3,5-17,ARI,mild,2026-08-27T13:23:00,lab
PS-RAM-001,Ramallah,31.9038,35.2034,4dc3b3d585035dae,88ef1fbada652f52,18-49,ARI,severe,2026-08-27T17:39:00,lab
PS-RAM-001,Ramallah,31.9038,35.2034,4dc3b3d585035dae,a863bf0fe5b44b78,5-17,ARI,mild,2026-08-27T12:22:00,lab
PS-RAM-001,Ramallah,31.9038,35.2034,865eea42f5c6ccea,9f0bc675cec65310,65+,JAUNDICE,mild,2026-08-27T13:44:00,ehr
PS-RAM-001,Ramallah,31.9038,35.2034,4dc3b3d585035dae,c8f91c173286356c,18-49,OTHER,mild,2026-08-27T19:57:00,ehr
PS-RAM-001,Ramallah,31.9038,35.2034,4dc3b3d585035dae,29f8e323bcd1fae3,18-49,OTHER,moderate,2026-08-27T10:46:00,ehr
PS-RAM-001,Ramallah,31.9038,35.2034,4dc3b3d585035dae,2a2b63104713e6d2,5-17,OTHER,mild,2026-08-27T16:30:00,lab
PS-RAM-001,Ramallah,31.9038,35.2034,d4bc341fd534ad06,612e6b20bf0242c9,0-4,OTHER,mild,2026-08-27T10:39:00,pharmacy
PS-RAM-001,Ramallah,31.9038,35.2034,4dc3b3d585035dae,ca5c9e5810620826,65+,OTHER,mild,2026-08-27T20:43:00,pharmacy
PS-RAM-001,Ramallah,31.9038,35.2034,865eea42f5c6ccea,21b283d49a6d2852,18-49,OTHER,mild,2026-08-27T09:29:00,pharmacy
PS-RAM-001,Ramallah,31.9038,35.2034,4dc3b3d585035dae,297cceb9e5386992,5-17,OTHER,mild,2026-08-27T17:46:00,pharmacy
PS-RAM-001,Ramallah,31.9038,35.2034,d4bc341fd534ad06,6de1a7b851aaddee,5-17,OTHER,mild,2026-08-27T14:11:00,ehr
PS-RAM-001,Ramallah,31.9038,35.2034,d4bc341fd534ad06,8e0a05e18ab1078c,0-4,OTHER,mild,2026-08-27T16:21:00,ehr
PS-RAM-001,Ramallah,31.9038,35.2034,d4bc341fd534ad06,aff2856d113a9255,5-17,OTHER,mild,2026-08-27T10:30:00,ehr
PS-RAM-001,Ramallah,31.9038,35.2034,4dc3b3d585035dae,72f85ff5840111bf,5-17,OTHER,mild,2026-08-27T19:24:00,pharmacy
PS-RAM-001,Ramallah,31.9038,35.2034,2c531e40a3a7ce8c,c547666a6a529b31,18-49,OTHER,moderate,2026-08-27T20:31:00,ehr
PS-RAM-001,Ramallah,31.9038,35.2034,2c531e40a3a7ce8c,730ef791011f4a6d,0-4,OTHER,severe,2026-08-27T08:10:00,pharmacy
PS-RAM-001,Ramallah,31.9038,35.2034,d4bc341fd534ad06,722b49b735fe7d56,18-49,OTHER,moderate,2026-08-27T16:01:00,lab
PS-RAM-001,Ramallah,31.9038,35.2034,865eea42f5c6ccea,c27d498f19eb31bf,18-49,OTHER,mild,2026-08-27T07:45:00,lab
PS-NAB-001,Nablus,32.2211,35.2544,2e49f94506905ef7,14c44318cd8d3596,0-4,ILI,mild,2026-08-27T18:27:00,ehr
PS-NAB-001,Nablus,32.2211,35.2544,62c116f8ada8f79a,9a176571c4d1f012,50-64,ILI,moderate,2026-08-27T14:25:00,ehr
PS-NAB-001,Nablus,32.2211,35.2544,2e49f94506905ef7,10b3d2b617d32b4f,18-49,ILI,mild,2026-08-27T07:10:00,lab
PS-NAB-001,Nablus,32.2211,35.2544,c9eef5119a779be2,067da379a6caf681,18-49,ILI,mild,2026-08-27T17:34:00,ehr
PS-NAB-001,Nablus,32.2211,35.2544,2e49f94506905ef7,4cb4c75720a40841,18-49,ILI,mild,2026-08-27T16:26:00,ehr
PS-NAB-001,Nablus,32.2211,35.2544,ce0af50d2ab5f724,d3f12f454763141f,0-4,ILI,mild,2026-08-27T11:08:00,ehr
PS-NAB-001,Nablus,32.2211,35.2544,c9eef5119a779be2,b96392e11508515c,18-49,ILI,mild,2026-08-27T08:33:00,ehr
PS-NAB-001,Nablus,32.2211,35.2544,62c116f8ada8f79a,c05cda466d250ca2,50-64,ILI,moderate,2026-08-27T12:58:00,ehr
PS-NAB-001,Nablus,32.2211,35.2544,ce0af50d2ab5f724,c6347fa4e9f1a6c9,18-49,ILI,mild,2026-08-27T17:30:00,lab
PS-NAB-001,Nablus,32.2211,35.2544,2e49f94506905ef7,170840ce13386ea8,0-4,ILI,mild,2026-08-27T15:40:00,pharmacy
PS-NAB-001,Nablus,32.2211,35.2544,2e49f94506905ef7,e2276624f58a5869,18-49,ILI,severe,2026-08-27T09:55:00,ehr
PS-NAB-001,Nablus,32.2211,35.2544,62c116f8ada8f79a,9387d20d4540f785,18-49,AGE,mild,2026-08-27T16:10:00,ehr
PS-NAB-001,Nablus,32.2211,35.2544,c9eef5119a779be2,c25ec85d52de1b41,18-49,AGE,moderate,2026-08-27T10:52:00,ehr
PS-NAB-001,Nablus,32.2211,35.2544,ce0af50d2ab5f724,a903551a163bcfd1,0-4,AGE,mild,2026-08-27T20:20:00,ehr
PS-NAB-001,Nablus,32.2211,35.2544,62c116f8ada8f79a,9f541f888768db0d,18-49,AGE,mild,2026-08-27T13:28:00,pharmacy
PS-NAB-001,Nablus,32.2211,35.2544,ce0af50d2ab5f724,b8179212f735810d,18-49,AGE,moderate,2026-08-27T19:32:00,ehr
PS-NAB-001,Nablus,32.2211,35.2544,2e49f94506905ef7,94c8fc40f2811801,18-49,ARI,mild,2026-08-27T14:49:00,ehr
PS-NAB-001,Nablus,32.2211,35.2544,62c116f8ada8f79a,44cc91a51086c1cf,50-64,ARI,mild,2026-08-27T15:05:00,ehr
PS-NAB-001,Nablus,32.2211,35.2544,ce0af50d2ab5f724,46014c14d57ded51,18-49,ARI,severe,2026-08-27T13:17:00,ehr
PS-NAB-001,Nablus,32.2211,35.2544,c9eef5119a779be2,76ae3add2a93f649,50-64,ARI,moderate,2026-08-27T11:53:00,lab
PS-NAB-001,Nablus,32.2211,35.2544,ce0af50d2ab5f724,e2ebd4a5c640be7a,18-49,ARI,moderate,2026-08-27T15:31:00,pharmacy
PS-NAB-001,Nablus,32.2211,35.2544,62c116f8ada8f79a,26b1c7e5ec757c09,18-49,ARI,mild,2026-08-27T18:35:00,lab
PS-NAB-001,Nablus,32.2211,35.2544,2e49f94506905ef7,a19a57931aea3a9b,5-17,ARI,mild,2026-08-27T12:34:00,ehr
PS-NAB-001,Nablus,32.2211,35.2544,62c116f8ada8f79a,bf67056d99ab76fb,5-17,ARI,moderate,2026-08-27T20:18:00,ehr
PS-NAB-001,Nablus,32.2211,35.2544,c9eef5119a779be2,15b5c55a2381a49c,65+,FEVER_RASH,mild,2026-08-27T16:12:00,ehr
PS-NAB-001,Nablus,32.2211,35.2544,ce0af50d2ab5f724,8086d356b96e974f,5-17,FEVER_RASH,mild,2026-08-27T15:43:00,ehr
PS-NAB-001,Nablus,32.2211,35.2544,62c116f8ada8f79a,69302fac9ce758f5,50-64,FEVER_RASH,mild,2026-08-27T19:39:00,ehr
PS-NAB-001,Nablus,32.2211,35.2544,62c116f8ada8f79a,ca82171fdb0ede9a,0-4,OTHER,moderate,2026-08-27T19:29:00,ehr
PS-NAB-001,Nablus,32.2211,35.2544,62c116f8ada8f79a,5ec770d7814aa043,18-49,OTHER,mild,2026-08-27T17:15:00,ehr
PS-NAB-001,Nablus,32.2211,35.2544,ce0af50d2ab5f724,a02a58d7bcb9aa2c,5-17,OTHER,mild,2026-08-27T09:56:00,ehr
PS-NAB-001,Nablus,32.2211,35.2544,c9eef5119a779be2,e4ebd6e5a20e17c6,0-4,OTHER,mild,2026-08-27T16:29:00,ehr
PS-NAB-001,Nablus,32.2211,35.2544,ce0af50d2ab5f724,6b9516cabe9e86b0,0-4,OTHER,mild,2026-08-27T08:24:00,ehr
PS-NAB-001,Nablus,32.2211,35.2544,c9eef5119a779be2,5d2348ee568a9906,18-49,OTHER,mild,2026-08-27T14:29:00,ehr
PS-NAB-001,Nablus,32.2211,35.2544,ce0af50d2ab5f724,0839251f3aa4609f,18-49,OTHER,mild,2026-08-27T07:27:00,lab
PS-BET-001,Bethlehem,31.7054,35.2024,c1a0ab6562099869,bc5a6e46cfd172ba,0-4,ILI,mild,2026-08-27T08:23:00,ehr
PS-BET-001,Bethlehem,31.7054,35.2024,2ee779d7897ae9a5,a4a1c83e0556dba1,0-4,ILI,mild,2026-08-27T15:34:00,lab
PS-BET-001,Bethlehem,31.7054,35.2024,c1a0ab6562099869,66f6fbf9bf59d842,0-4,ILI,mild,2026-08-27T10:02:00,pharmacy
PS-BET-001,Bethlehem,31.7054,35.2024,2ee779d7897ae9a5,3db49201784e670f,18-49,ILI,mild,2026-08-27T18:17:00,pharmacy
PS-BET-001,Bethlehem,31.7054,35.2024,2ee779d7897ae9a5,c68d5730d9ba136b,65+,AGE,mild,2026-08-27T16:36:00,ehr
PS-BET-001,Bethlehem,31.7054,35.2024,2ee779d7897ae9a5,eeefb551541a406b,18-49,AGE,mild,2026-08-27T09:01:00,lab
PS-BET-001,Bethlehem,31.7054,35.2024,c1a0ab6562099869,2b1a84f1ecff26d7,65+,AGE,mild,2026-08-27T10:34:00,pharmacy
PS-BET-001,Bethlehem,31.7054,35.2024,c1a0ab6562099869,c793221b469752b0,5-17,ARI,mild,2026-08-27T14:07:00,ehr
PS-BET-001,Bethlehem,31.7054,35.2024,0a12ccb2fb499cd0,fdb2b653208778f8,50-64,ARI,moderate,2026-08-27T14:39:00,ehr
PS-BET-001,Bethlehem,31.7054,35.2024,0a12ccb2fb499cd0,baf8572e9e1e880f,18-49,ARI,mild,2026-08-27T08:00:00,pharmacy
PS-BET-001,Bethlehem,31.7054,35.2024,53365b5018ccb30a,a436231b2b96db06,5-17,ARI,mild,2026-08-27T20:24:00,ehr
PS-BET-001,Bethlehem,31.7054,35.2024,53365b5018ccb30a,581246655273e7b8,18-49,ARI,moderate,2026-08-27T13:45:00,lab
PS-BET-001,Bethlehem,31.7054,35.2024,53365b5018ccb30a,b893827083d115f1,0-4,ARI,moderate,2026-08-27T20:39:00,ehr
PS-BET-001,Bethlehem,31.7054,35.2024,2ee779d7897ae9a5,980d64acef34733b,5-17,JAUNDICE,mild,2026-08-27T19:56:00,pharmacy
PS-BET-001,Bethlehem,31.7054,35.2024,0a12ccb2fb499cd0,e22e805e174cda64,18-49,OTHER,mild,2026-08-27T10:23:00,lab
PS-BET-001,Bethlehem,31.7054,35.2024,53365b5018ccb30a,75402550c85c0161,5-17,OTHER,mild,2026-08-27T09:50:00,lab
PS-BET-001,Bethlehem,31.7054,35.2024,2ee779d7897ae9a5,6ad02f6599cb89c0,50-64,OTHER,mild,2026-08-27T11:15:00,lab
PS-BET-001,Bethlehem,31.7054,35.2024,0a12ccb2fb499cd0,13196f4539a5ce80,18-49,OTHER,mild,2026-08-27T07:43:00,ehr
PS-BET-001,Bethlehem,31.7054,35.2024,2ee779d7897ae9a5,6f9d0cba9a473508,5-17,OTHER,mild,2026-08-27T13:36:00,lab
PS-BET-001,Bethlehem,31.7054,35.2024,53365b5018ccb30a,cb88785643f61c0d,0-4,OTHER,mild,2026-08-27T18:28:00,ehr
PS-JEN-001,Jenin,32.4597,35.2951,0747c175e69e0dff,7e64469342398b6a,5-17,ILI,moderate,2026-08-27T11:30:00,pharmacy
PS-JEN-001,Jenin,32.4597,35.2951,0747c175e69e0dff,74d61e1b74ca7c5c,50-64,ILI,severe,2026-08-27T16:33:00,ehr
PS-JEN-001,Jenin,32.4597,35.2951,0747c175e69e0dff,07a67638dfe177f0,0-4,ILI,moderate,2026-08-27T07:48:00,ehr
PS-JEN-001,Jenin,32.4597,35.2951,02322af968c6062f,e3db752a3c7a550d,5-17,ILI,mild,2026-08-27T16:44:00,ehr
PS-JEN-001,Jenin,32.4597,35.2951,c0d662d41ad4a594,7f10d657f8654661,0-4,AGE,mild,2026-08-27T14:09:00,ehr
PS-JEN-001,Jenin,32.4597,35.2951,c0d662d41ad4a594,9faf55459c49f9c1,5-17,AGE,mild,2026-08-27T10:26:00,ehr
PS-JEN-001,Jenin,32.4597,35.2951,0747c175e69e0dff,835a32cd844011ba,5-17,AGE,mild,2026-08-27T16:03:00,lab
PS-JEN-001,Jenin,32.4597,35.2951,02322af968c6062f,899bd38c356a85a4,50-64,AGE,mild,2026-08-27T09:15:00,ehr
PS-JEN-001,Jenin,32.4597,35.2951,02322af968c6062f,15a20a34329aa004,5-17,AGE,moderate,2026-08-27T08:49:00,pharmacy
PS-JEN-001,Jenin,32.4597,35.2951,d723f8382af3d058,bdaf6303ffcb3837,18-49,AGE,mild,2026-08-27T08:49:00,ehr
PS-JEN-001,Jenin,32.4597,35.2951,02322af968c6062f,abfb5d8f310b74d2,5-17,ARI,mild,2026-08-27T10:50:00,ehr
PS-JEN-001,Jenin,32.4597,35.2951,02322af968c6062f,de8d561ebca08465,18-49,ARI,moderate,2026-08-27T15:52:00,lab
PS-JEN-001,Jenin,32.4597,35.2951,02322af968c6062f,b5582375d0349843,18-49,ARI,moderate,2026-08-27T09:10:00,ehr
PS-JEN-001,Jenin,32.4597,35.2951,c0d662d41ad4a594,811302bd788ec325,18-49,ARI,mild,2026-08-27T20:38:00,ehr
PS-JEN-001,Jenin,32.4597,35.2951,02322af968c6062f,d49d71cc54329f0b,18-49,ARI,mild,2026-08-27T14:11:00,pharmacy
PS-JEN-001,Jenin,32.4597,35.2951,02322af968c6062f,421f60d9ee83db62,65+,ARI,mild,2026-08-27T19:02:00,ehr
PS-JEN-001,Jenin,32.4597,35.2951,d723f8382af3d058,83f5be4ffd20ae55,18-49,ARI,mild,2026-08-27T14:33:00,pharmacy
PS-JEN-001,Jenin,32.4597,35.2951,d723f8382af3d058,f9dc98454d4f1f95,65+,FEVER_RASH,moderate,2026-08-27T18:25:00,ehr
PS-JEN-001,Jenin,32.4597,35.2951,d723f8382af3d058,558a1a089601df13,18-49,FEVER_RASH,mild,2026-08-27T19:38:00,lab
PS-JEN-001,Jenin,32.4597,35.2951,02322af968c6062f,bb46bcc2dfa2f398,5-17,JAUNDICE,mild,2026-08-27T09:51:00,ehr
PS-JEN-001,Jenin,32.4597,35.2951,02322af968c6062f,0078e6f9bb05089f,18-49,MENINGITIS_LIKE,mild,2026-08-27T20:19:00,lab
PS-JEN-001,Jenin,32.4597,35.2951,02322af968c6062f,ab515c88c8a0c180,5-17,OTHER,moderate,2026-08-27T14:12:00,ehr
PS-JEN-001,Jenin,32.4597,35.2951,0747c175e69e0dff,a8b04eb313595bcc,18-49,OTHER,mild,2026-08-27T14:55:00,ehr
PS-JEN-001,Jenin,32.4597,35.2951,0747c175e69e0dff,a2b0bb3f5ce09f0c,50-64,OTHER,mild,2026-08-27T09:01:00,lab
PS-JEN-001,Jenin,32.4597,35.2951,d723f8382af3d058,e827dd3004e77164,5-17,OTHER,mild,2026-08-27T14:45:00,ehr
PS-JEN-001,Jenin,32.4597,35.2951,0747c175e69e0dff,8b95da63cdd9d07c,65+,OTHER,moderate,2026-08-27T13:03:00,ehr
PS-HEB-001,Hebron,31.5326,35.0998,f17af80950dde2c9,d5d3da1321f6265c,50-64,ILI,moderate,2026-08-28T14:58:00,ehr
PS-HEB-001,Hebron,31.5326,35.0998,d3391f64b3beb0a2,9159a7a9979f324f,50-64,ILI,mild,2026-08-28T16:18:00,ehr
PS-HEB-001,Hebron,31.5326,35.0998,f17af80950dde2c9,bc16f2f51d694c3b,0-4,ILI,mild,2026-08-28T20:54:00,ehr
PS-HEB-001,Hebron,31.5326,35.0998,7c5d3d710b7ca6a2,7f834de1fb21b4c7,65+,ILI,mild,2026-08-28T15:10:00,pharmacy
PS-HEB-001,Hebron,31.5326,35.0998,7c5d3d710b7ca6a2,dcf0ab50d760485b,18-49,ILI,mild,2026-08-28T11:03:00,ehr
PS-HEB-001,Hebron,31.5326,35.0998,f17af80950dde2c9,dd54aea6c2abbff3,5-17,AGE,mild,2026-08-28T07:28:00,ehr
PS-HEB-001,Hebron,31.5326,35.0998,d3391f64b3beb0a2,74489962b7f4e33e,5-17,AGE,moderate,2026-08-28T16:20:00,pharmacy
PS-HEB-001,Hebron,31.5326,35.0998,f17af80950dde2c9,fb6619b119ee989e,18-49,AGE,mild,2026-08-28T08:56:00,pharmacy
PS-HEB-001,Hebron,31.5326,35.0998,7c5d3d710b7ca6a2,dacdc167f32ff9f9,65+,AGE,mild,2026-08-28T07:42:00,lab
PS-HEB-001,Hebron,31.5326,35.0998,d3391f64b3beb0a2,806b9fddcf5af986,0-4,ARI,moderate,2026-08-28T18:46:00,ehr
PS-HEB-001,Hebron,31.5326,35.0998,f17af80950dde2c9,d5304e5dd420c60b,5-17,ARI,mild,2026-08-28T08:39:00,ehr
PS-HEB-001,Hebron,31.5326,35.0998,e3dff89ada235d59,60a09ced35aabf81,5-17,ARI,mild,2026-08-28T11:00:00,lab
PS-HEB-001,Hebron,31.5326,35.0998,e3dff89ada235d59,9ef683b3181040ea,18-49,ARI,mild,2026-08-28T19:52:00,ehr
PS-HEB-001,Hebron,31.5326,35.0998,e3dff89ada235d59,11578abb9d3f3512,50-64,FEVER_RASH,mild,2026-08-28T07:04:00,lab
PS-HEB-001,Hebron,31.5326,35.0998,e3dff89ada235d59,c7765411408148ec,18-49,FEVER_RASH,severe,2026-08-28T19:04:00,lab
PS-HEB-001,Hebron,31.5326,35.0998,d3391f64b3beb0a2,d70de129275eb5e7,18-49,JAUNDICE,severe,2026-08-28T19:57:00,lab
PS-HEB-001,Hebron,31.5326,35.0998,d3391f64b3beb0a2,0111c280e2dbc6d5,18-49,MENINGITIS_LIKE,mild,2026-08-28T11:36:00,ehr
PS-HEB-001,Hebron,31.5326,35.0998,d3391f64b3beb0a2,5434815a0fe72cbf,50-64,OTHER,moderate,2026-08-28T16:33:00,ehr
PS-HEB-002,Hebron,31.545,35.087,3000fc3d8d01f75a,da52e983fcabfc01,65+,ILI,mild,2026-08-28T14:17:00,lab
PS-HEB-002,Hebron,31.545,35.087,3000fc3d8d01f75a,20f6baa23b364e20,50-64,ILI,mild,2026-08-28T07:37:00,ehr
PS-HEB-002,Hebron,31.545,35.087,d1fda43bf12417c4,d118072cea2e7ef0,50-64,ILI,mild,2026-08-28T15:14:00,ehr
PS-HEB-002,Hebron,31.545,35.087,3000fc3d8d01f75a,71005ff25f81c204,18-49,ILI,mild,2026-08-28T08:44:00,pharmacy
PS-HEB-002,Hebron,31.545,35.087,b828601a5432663a,362b399987b511ad,5-17,AGE,mild,2026-08-28T12:19:00,ehr
PS-HEB-002,Hebron,31.545,35.087,b828601a5432663a,6201114adadac622,18-49,AGE,moderate,2026-08-28T19:20:00,ehr
PS-HEB-002,Hebron,31.545,35.087,b828601a5432663a,2a542ed6b0397635,5-17,FEVER_RASH,mild,2026-08-28T12:23:00,lab
PS-HEB-002,Hebron,31.545,35.087,d1fda43bf12417c4,84ff5de89a205df3,18-49,FEVER_RASH,moderate,2026-08-28T13:37:00,ehr
PS-HEB-002,Hebron,31.545,35.087,3000fc3d8d01f75a,cb7d196c9f2bd605,18-49,MENINGITIS_LIKE,moderate,2026-08-28T12:10:00,ehr
PS-HEB-002,Hebron,31.545,35.087,9b34d36ec3c96b37,a946052e115e65c3,18-49,OTHER,mild,2026-08-28T07:09:00,ehr
PS-HEB-002,Hebron,31.545,35.087,9b34d36ec3c96b37,8f32b7d2c4a5fd49,5-17,OTHER,mild,2026-08-28T07:00:00,ehr
PS-HEB-002,Hebron,31.545,35.087,3000fc3d8d01f75a,7c1724a73bdd59c5,18-49,OTHER,mild,2026-08-28T17:43:00,ehr
PS-HEB-002,Hebron,31.545,35.087,b828601a5432663a,9abc40721fe1637e,0-4,OTHER,mild,2026-08-28T11:21:00,ehr
PS-HEB-002,Hebron,31.545,35.087,d1fda43bf12417c4,969e497d3b856b0e,50-64,OTHER,moderate,2026-08-28T16:00:00,lab
PS-HEB-002,Hebron,31.545,35.087,3000fc3d8d01f75a,5c9051ffec59eaeb,18-49,OTHER,mild,2026-08-28T08:17:00,pharmacy
PS-RAM-001,Ramallah,31.9038,35.2034,865eea42f5c6ccea,23f72cdaab55e759,5-17,ILI,moderate,2026-08-28T16:54:00,pharmacy
PS-RAM-001,Ramallah,31.9038,35.2034,2c531e40a3a7ce8c,2e2063b8b81031d4,18-49,ILI,mild,2026-08-28T08:31:00,ehr
PS-RAM-001,Ramallah,31.9038,35.2034,d4bc341fd534ad06,d63422d99bf7c064,50-64,ILI,mild,2026-08-28T17:10:00,pharmacy
PS-RAM-001,Ramallah,31.9038,35.2034,d4bc341fd534ad06,486aea12eaff8d93,18-49,ILI,moderate,2026-08-28T11:18:00,ehr
PS-RAM-001,Ramallah,31.9038,35.2034,2c531e40a3a7ce8c,e5be49655a3d1e34,5-17,ILI,mild,2026-08-28T17:20:00,ehr
PS-RAM-001,Ramallah,31.9038,35.2034,4dc3b3d585035dae,e9eff8bafb21abf8,18-49,ILI,mild,2026-08-28T07:05:00,ehr
PS-RAM-001,Ramallah,31.9038,35.2034,2c531e40a3a7ce8c,be805601411c558e,18-49,AGE,mild,2026-08-28T14:08:00,ehr
PS-RAM-001,Ramallah,31.9038,35.2034,2c531e40a3a7ce8c,9e1a460eaf2ca6e4,18-49,AGE,mild,2026-08-28T18:20:00,ehr
PS-RAM-001,Ramallah,31.9038,35.2034,865eea42f5c6ccea,d2436b6cb4cc1ad4,65+,AGE,mild,2026-08-28T17:42:00,lab
PS-RAM-001,Ramallah,31.9038,35.2034,865eea42f5c6ccea,3a2bcc34ec2a2ca2,5-17,AGE,mild,2026-08-28T17:02:00,ehr
PS-RAM-001,Ramallah,31.9038,35.2034,d4bc341fd534ad06,fe4fae6d4804585a,5-17,ARI,mild,2026-08-28T19:16:00,lab
PS-RAM-001,Ramallah,31.9038,35.2034,865eea42f5c6ccea,1afa0b34ae2a7cee,18-49,ARI,moderate,2026-08-28T19:45:00,lab
PS-RAM-001,Ramallah,31.9038,35.2034,2c531e40a3a7ce8c,6bc78e1b38427796,0-4,ARI,moderate,2026-08-28T17:20:00,ehr
PS-RAM-001,Ramallah,31.9038,35.2034,d4bc341fd534ad06,4c614c3d16e21eec,50-64,ARI,mild,2026-08-28T13:05:00,ehr
PS-RAM-001,Ramallah,31.9038,35.2034,d4bc341fd534ad06,1635cc24513072fa,65+,ARI,moderate,2026-08-28T09:15:00,ehr
PS-RAM-001,Ramallah,31.9038,35.2034,4dc3b3d585035dae,1a37298310425be7,18-49,ARI,moderate,2026-08-28T13:02:00,pharmacy
PS-RAM-001,Ramallah,31.9038,35.2034,4dc3b3d585035dae,58e21a5379892b47,0-4,ARI,moderate,2026-08-28T12:21:00,pharmacy
PS-RAM-001,Ramallah,31.9038,35.2034,2c531e40a3a7ce8c,643cb79a1a86ab1e,5-17,ARI,mild,2026-08-28T10:13:00,pharmacy
PS-RAM-001,Ramallah,31.9038,35.2034,d4bc341fd534ad06,3bb37e6753f3f732,50-64,ARI,severe,2026-08-28T11:33:00,pharmacy
PS-RAM-001,Ramallah,31.9038,35.2034,d4bc341fd534ad06,0a606ac3d3225047,50-64,ARI,moderate,2026-08-28T16:12:00,ehr
PS-RAM-001,Ramallah,31.9038,35.2034,865eea42f5c6ccea,711033263e500cf0,18-49,ARI,moderate,2026-08-28T14:46:00,ehr
PS-RAM-001,Ramallah,31.9038,35.2034,4dc3b3d585035dae,cfc5480d3cf84422,18-49,FEVER_RASH,mild,2026-08-28T11:21:00,ehr
PS-RAM-001,Ramallah,31.9038,35.2034,d4bc341fd534ad06,b2f005a590bc67f3,65+,FEVER_RASH,moderate,2026-08-28T14:53:00,pharmacy
PS-RAM-001,Ramallah,31.9038,35.2034,4dc3b3d585035dae,d3518a8f57263aa6,50-64,OTHER,mild,2026-08-28T11:19:00,pharmacy
PS-RAM-001,Ramallah,31.9038,35.2034,865eea42f5c6ccea,e21cc2630ad52652,0-4,OTHER,mild,2026-08-28T11:25:00,ehr
PS-RAM-001,Ramallah,31.9038,35.2034,2c531e40a3a7ce8c,ea877007b187c7de,18-49,OTHER,mild,2026-08-28T20:28:00,ehr
PS-RAM-001,Ramallah,31.9038,35.2034,865eea42f5c6ccea,3901b5cf05cc28a3,18-49,OTHER,moderate,2026-08-28T19:51:00,lab
PS-RAM-001,Ramallah,31.9038,35.2034,865eea42f5c6ccea,ee53cf331d357e2f,18-49,OTHER,mild,2026-08-28T07:32:00,lab
PS-NAB-001,Nablus,32.2211,35.2544,c9eef5119a779be2,6f2c62dade540506,50-64,ILI,moderate,2026-08-28T17:35:00,lab
PS-NAB-001,Nablus,32.2211,35.2544,c9eef5119a779be2,ebacad5c8cf0a423,5-17,ILI,mild,2026-08-28T15:46:00,ehr
PS-NAB-001,Nablus,32.2211,35.2544,2e49f94506905ef7,e4f2934c7eb3cc41,5-17,ILI,mild,2026-08-28T17:27:00,lab
PS-NAB-001,Nablus,32.2211,35.2544,62c116f8ada8f79a,742921c8b53f6391,65+,ILI,moderate,2026-08-28T07:06:00,ehr
PS-NAB-001,Nablus,32.2211,35.2544,c9eef5119a779be2,d023bb393645bc9f,18-49,ILI,moderate,2026-08-28T17:18:00,ehr
PS-NAB-001,Nablus,32.2211,35.2544,c9eef5119a779be2,5b8f595532fa494b,0-4,ILI,moderate,2026-08-28T18:10:00,ehr
PS-NAB-001,Nablus,32.2211,35.2544,2e49f94506905ef7,d763f078a429e178,0-4,ILI,mild,2026-08-28T15:44:00,ehr
PS-NAB-001,Nablus,32.2211,35.2544,2e49f94506905ef7,ca1fc4bd6b55d1a6,65+,AGE,mild,2026-08-28T20:59:00,ehr
PS-NAB-001,Nablus,32.2211,35.2544,ce0af50d2ab5f724,c7bfced3a144117b,5-17,AGE,mild,2026-08-28T09:07:00,pharmacy
PS-NAB-001,Nablus,32.2211,35.2544,2e49f94506905ef7,a144061e31c09551,18-49,AGE,mild,2026-08-28T14:32:00,ehr
PS-NAB-001,Nablus,32.2211,35.2544,62c116f8ada8f79a,19ef1aa749ea3ed1,18-49,ARI,mild,2026-08-28T09:24:00,ehr
PS-NAB-001,Nablus,32.2211,35.2544,2e49f94506905ef7,988e479f683e7107,65+,ARI,mild,2026-08-28T16:51:00,ehr
PS-NAB-001,Nablus,32.2211,35.2544,62c116f8ada8f79a,a1f85b57e337b30b,18-49,ARI,moderate,2026-08-28T09:33:00,ehr
PS-NAB-001,Nablus,32.2211,35.2544,ce0af50d2ab5f724,f060f1caa63ea599,50-64,ARI,mild,2026-08-28T07:21:00,pharmacy
PS-NAB-001,Nablus,32.2211,35.2544,ce0af50d2ab5f724,e7b92368df47d430,5-17,ARI,mild,2026-08-28T19:51:00,lab
PS-NAB-001,Nablus,32.2211,35.2544,2e49f94506905ef7,6b604fef349f9442,65+,FEVER_RASH,moderate,2026-08-28T19:37:00,lab
PS-NAB-001,Nablus,32.2211,35.2544,ce0af50d2ab5f724,d173ccb2fb2f251d,5-17,OTHER,mild,2026-08-28T07:02:00,ehr
PS-NAB-001,Nablus,32.2211,35.2544,c9eef5119a779be2,ad9692630145058f,18-49,OTHER,mild,2026-08-28T17:59:00,ehr
PS-NAB-001,Nablus,32.2211,35.2544,ce0af50d2ab5f724,3aff3a05a2953942,0-4,OTHER,moderate,2026-08-28T12:55:00,pharmacy
PS-NAB-001,Nablus,32.2211,35.2544,2e49f94506905ef7,135b5bffd4a640ef,18-49,OTHER,mild,2026-08-28T15:35:00,pharmacy
PS-NAB-001,Nablus,32.2211,35.2544,c9eef5119a779be2,33d60c8b9a65248c,0-4,OTHER,moderate,2026-08-28T15:46:00,ehr
PS-NAB-001,Nablus,32.2211,35.2544,ce0af50d2ab5f724,a682eb06f95275d6,5-17,OTHER,moderate,2026-08-28T10:19:00,ehr
PS-NAB-001,Nablus,32.2211,35.2544,62c116f8ada8f79a,80f18ca5093a9409,18-49,OTHER,moderate,2026-08-28T11:42:00,ehr
PS-NAB-001,Nablus,32.2211,35.2544,ce0af50d2ab5f724,2cd36596d0300cd4,65+,OTHER,severe,2026-08-28T11:21:00,ehr
PS-BET-001,Bethlehem,31.7054,35.2024,c1a0ab6562099869,c3e49ae960a9c652,0-4,ILI,mild,2026-08-28T11:26:00,ehr
PS-BET-001,Bethlehem,31.7054,35.2024,0a12ccb2fb499cd0,ecd3fb2fd302aabc,65+,ILI,mild,2026-08-28T18:05:00,ehr
PS-BET-001,Bethlehem,31.7054,35.2024,c1a0ab6562099869,1a83849ded52cbab,65+,ILI,moderate,2026-08-28T12:07:00,ehr
PS-BET-001,Bethlehem,31.7054,35.2024,0a12ccb2fb499cd0,868878162f913ad6,18-49,ILI,mild,2026-08-28T08:11:00,ehr
PS-BET-001,Bethlehem,31.7054,35.2024,c1a0ab6562099869,086a92f81652ded5,50-64,AGE,mild,2026-08-28T11:19:00,pharmacy
PS-BET-001,Bethlehem,31.7054,35.2024,2ee779d7897ae9a5,abb9d147fa797861,50-64,AGE,mild,2026-08-28T20:44:00,ehr
PS-BET-001,Bethlehem,31.7054,35.2024,53365b5018ccb30a,14b5b276baa1c716,0-4,ARI,mild,2026-08-28T07:19:00,ehr
PS-BET-001,Bethlehem,31.7054,35.2024,c1a0ab6562099869,c315dcfde5d4c5a3,65+,ARI,mild,2026-08-28T09:04:00,ehr
PS-BET-001,Bethlehem,31.7054,35.2024,53365b5018ccb30a,402442bf7ecf7643,50-64,ARI,mild,2026-08-28T14:02:00,ehr
PS-BET-001,Bethlehem,31.7054,35.2024,0a12ccb2fb499cd0,060cc41bcf8df73d,0-4,ARI,mild,2026-08-28T11:10:00,pharmacy
PS-BET-001,Bethlehem,31.7054,35.2024,c1a0ab6562099869,495b2a5bcff4f865,18-49,ARI,mild,2026-08-28T18:55:00,ehr
PS-JEN-001,Jenin,32.4597,35.2951,c0d662d41ad4a594,f4b4e4229804b14f,18-49,ILI,moderate,2026-08-28T13:00:00,ehr
PS-JEN-001,Jenin,32.4597,35.2951,0747c175e69e0dff,2876ab8970da280a,0-4,ILI,mild,2026-08-28T14:35:00,lab
PS-JEN-001,Jenin,32.4597,35.2951,c0d662d41ad4a594,3c34badeb49ec6df,5-17,AGE,mild,2026-08-28T10:52:00,pharmacy
PS-JEN-001,Jenin,32.4597,35.2951,02322af968c6062f,a753c6272883057b,18-49,ARI,mild,2026-08-28T11:15:00,pharmacy
PS-JEN-001,Jenin,32.4597,35.2951,02322af968c6062f,2aeb78119d2360f4,18-49,FEVER_RASH,mild,2026-08-28T14:00:00,ehr
PS-JEN-001,Jenin,32.4597,35.2951,0747c175e69e0dff,3b16b243c58acfb0,18-49,OTHER,mild,2026-08-28T17:15:00,ehr
PS-HEB-001,Hebron,31.5326,35.0998,e3dff89ada235d59,ebf39eb9ced73447,65+,ILI,mild,2026-08-29T17:25:00,ehr
PS-HEB-001,Hebron,31.5326,35.0998,e3dff89ada235d59,1e21be8e8833abc2,18-49,ILI,moderate,2026-08-29T16:00:00,ehr
PS-HEB-001,Hebron,31.5326,35.0998,d3391f64b3beb0a2,f7b79bac47939eeb,5-17,ILI,mild,2026-08-29T13:06:00,ehr
PS-HEB-001,Hebron,31.5326,35.0998,d3391f64b3beb0a2,881e2c7aa277bcdd,65+,ILI,mild,2026-08-29T20:23:00,pharmacy
PS-HEB-001,Hebron,31.5326,35.0998,f17af80950dde2c9,084d4a678050664c,18-49,ILI,moderate,2026-08-29T17:17:00,ehr
PS-HEB-001,Hebron,31.5326,35.0998,d3391f64b3beb0a2,8793ab0305774551,5-17,ILI,mild,2026-08-29T10:24:00,ehr
PS-HEB-001,Hebron,31.5326,35.0998,d3391f64b3beb0a2,8bee54c42c6f447f,18-49,ILI,mild,2026-08-29T14:31:00,lab
PS-HEB-001,Hebron,31.5326,35.0998,7c5d3d710b7ca6a2,b79464315554e2c2,50-64,ILI,moderate,2026-08-29T14:10:00,lab
PS-HEB-001,Hebron,31.5326,35.0998,e3dff89ada235d59,1516d280eeec8722,18-49,AGE,moderate,2026-08-29T15:18:00,ehr
PS-HEB-001,Hebron,31.5326,35.0998,f17af80950dde2c9,f02a0c0a0ca40121,50-64,ARI,mild,2026-08-29T19:00:00,pharmacy
PS-HEB-001,Hebron,31.5326,35.0998,d3391f64b3beb0a2,14418805d3f9e7f9,18-49,ARI,mild,2026-08-29T14:22:00,ehr
PS-HEB-001,Hebron,31.5326,35.0998,f17af80950dde2c9,85bb324824f08b91,5-17,ARI,mild,2026-08-29T20:30:00,lab
PS-HEB-001,Hebron,31.5326,35.0998,e3dff89ada235d59,aa53af611b4a366d,18-49,ARI,mild,2026-08-29T09:01:00,pharmacy
PS-HEB-001,Hebron,31.5326,35.0998,e3dff89ada235d59,2a3ea71d2a6769bc,0-4,ARI,moderate,2026-08-29T15:41:00,pharmacy
PS-HEB-001,Hebron,31.5326,35.0998,7c5d3d710b7ca6a2,ce730013e064b4a8,5-17,ARI,mild,2026-08-29T11:44:00,ehr
PS-HEB-001,Hebron,31.5326,35.0998,7c5d3d710b7ca6a2,26b01c599e3377ec,0-4,ARI,severe,2026-08-29T18:25:00,ehr
PS-HEB-001,Hebron,31.5326,35.0998,d3391f64b3beb0a2,69131ef0291a4840,5-17,ARI,mild,2026-08-29T10:57:00,pharmacy
PS-HEB-001,Hebron,31.5326,35.0998,e3dff89ada235d59,fa83f32c3e7d9e8b,18-49,FEVER_RASH,severe,2026-08-29T20:39:00,ehr
PS-HEB-001,Hebron,31.5326,35.0998,d3391f64b3beb0a2,97e83dfdf8324021,18-49,FEVER_RASH,moderate,2026-08-29T09:01:00,lab
PS-HEB-001,Hebron,31.5326,35.0998,f17af80950dde2c9,98f280775dfa75bb,5-17,OTHER,moderate,2026-08-29T11:46:00,pharmacy
PS-HEB-001,Hebron,31.5326,35.0998,f17af80950dde2c9,ad4bc2b9b6e06259,18-49,OTHER,severe,2026-08-29T10:40:00,pharmacy
PS-HEB-001,Hebron,31.5326,35.0998,7c5d3d710b7ca6a2,ef51f7cbe5d8f17b,5-17,OTHER,mild,2026-08-29T16:22:00,ehr
PS-HEB-001,Hebron,31.5326,35.0998,d3391f64b3beb0a2,d47ce60f14497746,5-17,OTHER,moderate,2026-08-29T12:02:00,pharmacy
PS-HEB-001,Hebron,31.5326,35.0998,e3dff89ada235d59,e3152567d185f3c0,18-49,OTHER,mild,2026-08-29T12:31:00,ehr
PS-HEB-001,Hebron,31.5326,35.0998,e3dff89ada235d59,8f091b414f9bb440,5-17,OTHER,moderate,2026-08-29T08:36:00,ehr
PS-HEB-001,Hebron,31.5326,35.0998,7c5d3d710b7ca6a2,7767708c5151fcd5,0-4,OTHER,severe,2026-08-29T14:26:00,pharmacy
PS-HEB-001,Hebron,31.5326,35.0998,e3dff89ada235d59,0d3231d9ffe5eae8,5-17,OTHER,mild,2026-08-29T14:45:00,ehr
PS-HEB-001,Hebron,31.5326,35.0998,d3391f64b3beb0a2,0e160b74cc2e7532,0-4,OTHER,mild,2026-08-29T08:02:00,ehr
PS-HEB-002,Hebron,31.545,35.087,d1fda43bf12417c4,dfc2ec0a3d118822,0-4,ILI,moderate,2026-08-29T14:57:00,pharmacy
PS-HEB-002,Hebron,31.545,35.087,3000fc3d8d01f75a,ddef77f21672cb47,50-64,ILI,mild,2026-08-29T08:05:00,ehr
PS-HEB-002,Hebron,31.545,35.087,3000fc3d8d01f75a,5993d54f3485cc56,18-49,ILI,mild,2026-08-29T07:30:00,ehr
PS-HEB-002,Hebron,31.545,35.087,d1fda43bf12417c4,8ec12701606ef2b5,50-64,ILI,moderate,2026-08-29T20:31:00,ehr
PS-HEB-002,Hebron,31.545,35.087,d1fda43bf12417c4,bfca85685586673c,65+,ILI,mild,2026-08-29T08:32:00,lab
PS-HEB-002,Hebron,31.545,35.087,3000fc3d8d01f75a,88e9a5e423caa502,18-49,ILI,mild,2026-08-29T18:22:00,ehr
PS-HEB-002,Hebron,31.545,35.087,b828601a5432663a,754c5faecccaf5fb,65+,ILI,mild,2026-08-29T07:47:00,ehr
PS-HEB-002,Hebron,31.545,35.087,d1fda43bf12417c4,b210d5636016d542,5-17,ILI,mild,2026-08-29T10:11:00,ehr
PS-HEB-002,Hebron,31.545,35.087,d1fda43bf12417c4,c29bf822eac55af3,5-17,ILI,mild,2026-08-29T10:52:00,ehr
PS-HEB-002,Hebron,31.545,35.087,d1fda43bf12417c4,ea09f518e24a9296,18-49,AGE,mild,2026-08-29T17:28:00,ehr
PS-HEB-002,Hebron,31.545,35.087,3000fc3d8d01f75a,db409b6053a7bbe8,50-64,AGE,mild,2026-08-29T12:40:00,ehr
PS-HEB-002,Hebron,31.545,35.087,d1fda43bf12417c4,62d99537b5ec0353,18-49,AGE,mild,2026-08-29T20:57:00,ehr
PS-HEB-002,Hebron,31.545,35.087,9b34d36ec3c96b37,280053b5781851e5,0-4,ARI,moderate,2026-08-29T20:57:00,ehr
PS-HEB-002,Hebron,31.545,35.087,9b34d36ec3c96b37,485ee57cb9ff971d,0-4,ARI,mild,2026-08-29T08:09:00,ehr
PS-HEB-002,Hebron,31.545,35.087,3000fc3d8d01f75a,5a0241fb3f62613b,50-64,ARI,mild,2026-08-29T11:45:00,pharmacy
PS-HEB-002,Hebron,31.545,35.087,d1fda43bf12417c4,2ce4304baa098828,65+,ARI,mild,2026-08-29T15:42:00,pharmacy
PS-HEB-002,Hebron,31.545,35.087,9b34d36ec3c96b37,dafbcef52740a49e,5-17,ARI,mild,2026-08-29T20:50:00,ehr
PS-HEB-002,Hebron,31.545,35.087,b828601a5432663a,ca1e0f6c3e85082d,5-17,ARI,mild,2026-08-29T18:51:00,pharmacy
PS-HEB-002,Hebron,31.545,35.087,b828601a5432663a,9bedfe5e4993429d,50-64,ARI,mild,2026-08-29T14:59:00,ehr
PS-HEB-002,Hebron,31.545,35.087,b828601a5432663a,e539e578720b5873,18-49,FEVER_RASH,mild,2026-08-29T07:14:00,pharmacy
PS-HEB-002,Hebron,31.545,35.087,d1fda43bf12417c4,ba2a6955fdc5a4f5,5-17,OTHER,mild,2026-08-29T10:51:00,pharmacy
PS-HEB-002,Hebron,31.545,35.087,b828601a5432663a,ff80ee9023847acd,5-17,OTHER,mild,2026-08-29T15:56:00,ehr
PS-HEB-002,Hebron,31.545,35.087,b828601a5432663a,d5550485913bea59,5-17,OTHER,mild,2026-08-29T15:34:00,ehr
PS-HEB-002,Hebron,31.545,35.087,b828601a5432663a,2b97bcd8b53f5380,18-49,OTHER,moderate,2026-08-29T20:11:00,ehr
PS-HEB-002,Hebron,31.545,35.087,d1fda43bf12417c4,e22db42ea1aa84d9,18-49,OTHER,mild,2026-08-29T09:51:00,ehr
PS-HEB-002,Hebron,31.545,35.087,b828601a5432663a,e8af5cc31cd0f581,18-49,OTHER,mild,2026-08-29T16:28:00,ehr
PS-RAM-001,Ramallah,31.9038,35.2034,865eea42f5c6ccea,18b67e0e1dc4c19a,65+,ILI,mild,2026-08-29T09:43:00,ehr
PS-RAM-001,Ramallah,31.9038,35.2034,4dc3b3d585035dae,39a55c18c9402ba0,50-64,ILI,mild,2026-08-29T19:00:00,ehr
PS-RAM-001,Ramallah,31.9038,35.2034,2c531e40a3a7ce8c,272073ba82a9a42d,18-49,ILI,moderate,2026-08-29T08:20:00,pharmacy
PS-RAM-001,Ramallah,31.9038,35.2034,2c531e40a3a7ce8c,23320cc4b79bed3e,18-49,ILI,moderate,2026-08-29T08:05:00,lab
PS-RAM-001,Ramallah,31.9038,35.2034,865eea42f5c6ccea,0cea7c991577435f,0-4,ILI,mild,2026-08-29T19:57:00,pharmacy
PS-RAM-001,Ramallah,31.9038,35.2034,2c531e40a3a7ce8c,08068891b8c85a8d,65+,ILI,mild,2026-08-29T07:46:00,ehr
PS-RAM-001,Ramallah,31.9038,35.2034,865eea42f5c6ccea,b9258a81a67887f6,18-49,ILI,mild,2026-08-29T19:58:00,ehr
PS-RAM-001,Ramallah,31.9038,35.2034,2c531e40a3a7ce8c,e1c2d8d4f6cbeaea,18-49,ILI,mild,2026-08-29T15:52:00,lab
PS-RAM-001,Ramallah,31.9038,35.2034,4dc3b3d585035dae,204bfbe2da28d432,0-4,ILI,moderate,2026-08-29T11:31:00,ehr
PS-RAM-001,Ramallah,31.9038,35.2034,4dc3b3d585035dae,6bb59ee0760904e3,5-17,AGE,mild,2026-08-29T15:39:00,pharmacy
PS-RAM-001,Ramallah,31.9038,35.2034,4dc3b3d585035dae,038f27cf23f07291,0-4,AGE,mild,2026-08-29T13:29:00,ehr
PS-RAM-001,Ramallah,31.9038,35.2034,865eea42f5c6ccea,e1be976eff133cba,18-49,AGE,mild,2026-08-29T10:24:00,pharmacy
PS-RAM-001,Ramallah,31.9038,35.2034,4dc3b3d585035dae,d663c8d9702c03e4,5-17,ARI,mild,2026-08-29T13:36:00,ehr
PS-RAM-001,Ramallah,31.9038,35.2034,865eea42f5c6ccea,c6da5a64511a2bea,5-17,ARI,mild,2026-08-29T15:14:00,ehr
PS-RAM-001,Ramallah,31.9038,35.2034,d4bc341fd534ad06,d6d88e530d0fab6f,18-49,ARI,mild,2026-08-29T20:10:00,ehr
PS-RAM-001,Ramallah,31.9038,35.2034,4dc3b3d585035dae,b8d7096d20dd3970,18-49,ARI,mild,2026-08-29T17:30:00,pharmacy
PS-RAM-001,Ramallah,31.9038,35.2034,d4bc341fd534ad06,4da6f357896a6c5f,18-49,ARI,moderate,2026-08-29T20:39:00,ehr
PS-RAM-001,Ramallah,31.9038,35.2034,2c531e40a3a7ce8c,a9c326b2562eee79,0-4,ARI,mild,2026-08-29T19:39:00,ehr
PS-RAM-001,Ramallah,31.9038,35.2034,d4bc341fd534ad06,1d23b9eb7137432a,5-17,ARI,mild,2026-08-29T08:55:00,pharmacy
PS-RAM-001,Ramallah,31.9038,35.2034,4dc3b3d585035dae,1f6bbc4037141521,5-17,ARI,moderate,2026-08-29T15:47:00,ehr
PS-RAM-001,Ramallah,31.9038,35.2034,d4bc341fd534ad06,4f4efe1ef43d37dc,50-64,ARI,mild,2026-08-29T15:30:00,ehr
PS-RAM-001,Ramallah,31.9038,35.2034,2c531e40a3a7ce8c,fe93d0373d8c2709,18-49,FEVER_RASH,mild,2026-08-29T13:45:00,ehr
PS-RAM-001,Ramallah,31.9038,35.2034,4dc3b3d585035dae,9f5735e24f1f9aae,0-4,FEVER_RASH,mild,2026-08-29T10:09:00,ehr
PS-RAM-001,Ramallah,31.9038,35.2034,865eea42f5c6ccea,4ff345d16282c19b,18-49,JAUNDICE,mild,2026-08-29T17:42:00,ehr
PS-RAM-001,Ramallah,31.9038,35.2034,d4bc341fd534ad06,a4f93e13d1958f71,5-17,OTHER,mild,2026-08-29T09:23:00,ehr
PS-RAM-001,Ramallah,31.9038,35.2034,4dc3b3d585035dae,bc0a8f81741b4513,50-64,OTHER,mild,2026-08-29T08:29:00,lab
PS-RAM-001,Ramallah,31.9038,35.2034,865eea42f5c6ccea,72065b24e765935a,18-49,OTHER,moderate,2026-08-29T09:22:00,ehr
PS-RAM-001,Ramallah,31.9038,35.2034,2c531e40a3a7ce8c,0894c980ae3901e4,18-49,OTHER,mild,2026-08-29T09:25:00,pharmacy
PS-RAM-001,Ramallah,31.9038,35.2034,865eea42f5c6ccea,c46cb23d1c8e8e4f,5-17,OTHER,moderate,2026-08-29T17:11:00,ehr
PS-RAM-001,Ramallah,31.9038,35.2034,d4bc341fd534ad06,1c8ddbbe1e96682a,5-17,OTHER,mild,2026-08-29T17:05:00,ehr
PS-NAB-001,Nablus,32.2211,35.2544,2e49f94506905ef7,014a926ca0a59fbc,50-64,ILI,moderate,2026-08-29T20:33:00,ehr
PS-NAB-001,Nablus,32.2211,35.2544,62c116f8ada8f79a,5760c675ef0f862e,50-64,ILI,mild,2026-08-29T10:35:00,ehr
PS-NAB-001,Nablus,32.2211,35.2544,2e49f94506905ef7,aa64ec6ed1ce61f0,18-49,ILI,mild,2026-08-29T14:39:00,ehr
PS-NAB-001,Nablus,32.2211,35.2544,2e49f94506905ef7,aa241196b1001426,65+,ILI,mild,2026-08-29T17:40:00,ehr
PS-NAB-001,Nablus,32.2211,35.2544,c9eef5119a779be2,d0204e9aa0cf401c,5-17,ILI,mild,2026-08-29T10:13:00,pharmacy
PS-NAB-001,Nablus,32.2211,35.2544,2e49f94506905ef7,aebb826dcbb45ddd,18-49,ILI,mild,2026-08-29T12:56:00,ehr
PS-NAB-001,Nablus,32.2211,35.2544,2e49f94506905ef7,b260daf43848753d,0-4,ILI,mild,2026-08-29T19:06:00,pharmacy
PS-NAB-001,Nablus,32.2211,35.2544,2e49f94506905ef7,b4bf454717f27f92,18-49,ILI,mild,2026-08-29T14:46:00,ehr
PS-NAB-001,Nablus,32.2211,35.2544,2e49f94506905ef7,a403e8ff2535b07b,18-49,ILI,mild,2026-08-29T10:37:00,ehr
PS-NAB-001,Nablus,32.2211,35.2544,c9eef5119a779be2,65b2388a13f5d43e,65+,ILI,mild,2026-08-29T09:25:00,lab
PS-NAB-001,Nablus,32.2211,35.2544,2e49f94506905ef7,9bec1e92cd8c5169,65+,ILI,moderate,2026-08-29T20:02:00,pharmacy
PS-NAB-001,Nablus,32.2211,35.2544,ce0af50d2ab5f724,726df5205fd75620,18-49,AGE,mild,2026-08-29T19:32:00,lab
PS-NAB-001,Nablus,32.2211,35.2544,ce0af50d2ab5f724,9be8dbb4ea909b96,50-64,AGE,moderate,2026-08-29T08:29:00,pharmacy
PS-NAB-001,Nablus,32.2211,35.2544,62c116f8ada8f79a,ea0ff8a6cea65107,5-17,AGE,mild,2026-08-29T07:00:00,ehr
PS-NAB-001,Nablus,32.2211,35.2544,62c116f8ada8f79a,2d6541265064302c,50-64,ARI,mild,2026-08-29T13:07:00,ehr
PS-NAB-001,Nablus,32.2211,35.2544,ce0af50d2ab5f724,63bd5a1741ebae1c,5-17,ARI,mild,2026-08-29T10:44:00,lab
PS-NAB-001,Nablus,32.2211,35.2544,c9eef5119a779be2,eb0e75caa469a8a1,50-64,ARI,mild,2026-08-29T11:46:00,lab
PS-NAB-001,Nablus,32.2211,35.2544,62c116f8ada8f79a,7d25781738e649b8,18-49,ARI,mild,2026-08-29T07:56:00,ehr
PS-NAB-001,Nablus,32.2211,35.2544,2e49f94506905ef7,f9315350851ae3ee,0-4,ARI,mild,2026-08-29T09:56:00,ehr
PS-NAB-001,Nablus,32.2211,35.2544,c9eef5119a779be2,9de3d6c165738203,0-4,ARI,mild,2026-08-29T20:33:00,ehr
PS-NAB-001,Nablus,32.2211,35.2544,ce0af50d2ab5f724,9b04c3079b3dee73,5-17,FEVER_RASH,mild,2026-08-29T13:33:00,ehr
PS-NAB-001,Nablus,32.2211,35.2544,62c116f8ada8f79a,65bbe6abfd3338e4,65+,JAUNDICE,mild,2026-08-29T09:52:00,pharmacy
PS-NAB-001,Nablus,32.2211,35.2544,c9eef5119a779be2,41162407574dd3aa,18-49,OTHER,mild,2026-08-29T11:21:00,ehr
PS-NAB-001,Nablus,32.2211,35.2544,c9eef5119a779be2,2e7489790d94a11f,0-4,OTHER,mild,2026-08-29T18:47:00,ehr
PS-NAB-001,Nablus,32.2211,35.2544,2e49f94506905ef7,9edaabf839120856,50-64,OTHER,mild,2026-08-29T20:23:00,lab
PS-NAB-001,Nablus,32.2211,35.2544,ce0af50d2ab5f724,e641cd2a57b49dc2,65+,OTHER,moderate,2026-08-29T13:27:00,pharmacy
PS-NAB-001,Nablus,32.2211,35.2544,2e49f94506905ef7,490504a18ba8e638,18-49,OTHER,mild,2026-08-29T18:06:00,ehr
PS-NAB-001,Nablus,32.2211,35.2544,2e49f94506905ef7,7e977a98cd176799,18-49,OTHER,mild,2026-08-29T07:12:00,lab
PS-NAB-001,Nablus,32.2211,35.2544,2e49f94506905ef7,aead30c977058488,50-64,OTHER,moderate,2026-08-29T13:56:00,lab
PS-NAB-001,Nablus,32.2211,35.2544,ce0af50d2ab5f724,3b9bdc7cdfc5ba32,0-4,OTHER,moderate,2026-08-29T09:43:00,ehr
PS-NAB-001,Nablus,32.2211,35.2544,62c116f8ada8f79a,06571268434dfa22,5-17,OTHER,mild,2026-08-29T08:11:00,ehr
PS-NAB-001,Nablus,32.2211,35.2544,62c116f8ada8f79a,7374db4e5f6d712b,18-49,OTHER,mild,2026-08-29T20:27:00,lab
PS-BET-001,Bethlehem,31.7054,35.2024,0a12ccb2fb499cd0,a60c74b3a90683c5,65+,ILI,moderate,2026-08-29T09:39:00,ehr
PS-BET-001,Bethlehem,31.7054,35.2024,c1a0ab6562099869,f7f0dc88ec08cd51,5-17,ILI,moderate,2026-08-29T18:02:00,ehr
PS-BET-001,Bethlehem,31.7054,35.2024,53365b5018ccb30a,1295b8b763a65a01,50-64,AGE,mild,2026-08-29T19:33:00,ehr
PS-BET-001,Bethlehem,31.7054,35.2024,0a12ccb2fb499cd0,391d6ff288a2bd6a,18-49,AGE,mild,2026-08-29T14:55:00,ehr
PS-BET-001,Bethlehem,31.7054,35.2024,c1a0ab6562099869,8278bdc4515d09fb,0-4,AGE,mild,2026-08-29T16:46:00,lab
PS-BET-001,Bethlehem,31.7054,35.2024,c1a0ab6562099869,ed94a5126241e0e6,18-49,AGE,mild,2026-08-29T18:44:00,ehr
PS-BET-001,Bethlehem,31.7054,35.2024,2ee779d7897ae9a5,06e1a2381a9b3431,5-17,ARI,mild,2026-08-29T08:51:00,ehr
PS-BET-001,Bethlehem,31.7054,35.2024,2ee779d7897ae9a5,9ac5f1ac3f9f86c2,18-49,ARI,mild,2026-08-29T18:28:00,pharmacy
PS-BET-001,Bethlehem,31.7054,35.2024,53365b5018ccb30a,c41b4cf77fc9e4ad,18-49,ARI,mild,2026-08-29T18:36:00,lab
PS-BET-001,Bethlehem,31.7054,35.2024,2ee779d7897ae9a5,41d30283d6f59e9e,50-64,ARI,mild,2026-08-29T20:49:00,pharmacy
PS-BET-001,Bethlehem,31.7054,35.2024,53365b5018ccb30a,40a392c2c0b6cbbb,0-4,ARI,mild,2026-08-29T18:46:00,ehr
PS-BET-001,Bethlehem,31.7054,35.2024,2ee779d7897ae9a5,a8be2923160c4a20,18-49,ARI,mild,2026-08-29T15:50:00,pharmacy
PS-BET-001,Bethlehem,31.7054,35.2024,2ee779d7897ae9a5,d04f7263d64cbce6,18-49,ARI,mild,2026-08-29T10:09:00,pharmacy
PS-BET-001,Bethlehem,31.7054,35.2024,0a12ccb2fb499cd0,4d161c4637b7e25f,65+,JAUNDICE,moderate,2026-08-29T19:54:00,ehr
PS-BET-001,Bethlehem,31.7054,35.2024,2ee779d7897ae9a5,069917a971169f76,50-64,OTHER,moderate,2026-08-29T20:14:00,lab
PS-BET-001,Bethlehem,31.7054,35.2024,c1a0ab6562099869,6fc28308fd224d95,18-49,OTHER,mild,2026-08-29T13:36:00,pharmacy
PS-BET-001,Bethlehem,31.7054,35.2024,53365b5018ccb30a,633f80bde21da522,18-49,OTHER,mild,2026-08-29T14:09:00,lab
PS-BET-001,Bethlehem,31.7054,35.2024,53365b5018ccb30a,3ac7a41c2a63578f,5-17,OTHER,mild,2026-08-29T07:41:00,pharmacy
PS-BET-001,Bethlehem,31.7054,35.2024,0a12ccb2fb499cd0,95dd6dc5eaf30be8,5-17,OTHER,mild,2026-08-29T18:14:00,ehr
PS-BET-001,Bethlehem,31.7054,35.2024,0a12ccb2fb499cd0,a51a96db1a18e0e4,18-49,OTHER,mild,2026-08-29T17:15:00,ehr
PS-BET-001,Bethlehem,31.7054,35.2024,2ee779d7897ae9a5,7cbf6a649646fb9b,50-64,OTHER,moderate,2026-08-29T20:52:00,lab
PS-BET-001,Bethlehem,31.7054,35.2024,0a12ccb2fb499cd0,d742203a4b1027e2,50-64,OTHER,mild,2026-08-29T17:07:00,lab
PS-JEN-001,Jenin,32.4597,35.2951,0747c175e69e0dff,55d1ababf38558e8,18-49,ILI,moderate,2026-08-29T20:50:00,pharmacy
PS-JEN-001,Jenin,32.4597,35.2951,d723f8382af3d058,73b40cad84698067,18-49,ILI,mild,2026-08-29T17:09:00,pharmacy
PS-JEN-001,Jenin,32.4597,35.2951,d723f8382af3d058,5bbf8021015d3af9,5-17,ILI,mild,2026-08-29T13:36:00,ehr
PS-JEN-001,Jenin,32.4597,35.2951,d723f8382af3d058,a37f80dd0f50ff6f,50-64,AGE,mild,2026-08-29T07:35:00,ehr
PS-JEN-001,Jenin,32.4597,35.2951,c0d662d41ad4a594,f221bc969c15f0e2,18-49,AGE,severe,2026-08-29T19:12:00,ehr
PS-JEN-001,Jenin,32.4597,35.2951,0747c175e69e0dff,f9201f7b28939c5f,50-64,AGE,mild,2026-08-29T11:53:00,ehr
PS-JEN-001,Jenin,32.4597,35.2951,c0d662d41ad4a594,846aa93c554fb9a6,50-64,AGE,mild,2026-08-29T10:37:00,ehr
PS-JEN-001,Jenin,32.4597,35.2951,0747c175e69e0dff,ae98978cebd20467,0-4,ARI,mild,2026-08-29T09:30:00,pharmacy
PS-JEN-001,Jenin,32.4597,35.2951,d723f8382af3d058,c5f0ecd2ea6cb199,50-64,ARI,mild,2026-08-29T13:38:00,ehr
PS-JEN-001,Jenin,32.4597,35.2951,d723f8382af3d058,bb59197a30ea2ec1,18-49,ARI,mild,2026-08-29T08:53:00,ehr
PS-JEN-001,Jenin,32.4597,35.2951,c0d662d41ad4a594,e8a37c6a64208ff2,50-64,ARI,moderate,2026-08-29T20:39:00,ehr
PS-JEN-001,Jenin,32.4597,35.2951,d723f8382af3d058,802683df9328361a,18-49,ARI,mild,2026-08-29T07:04:00,ehr
PS-JEN-001,Jenin,32.4597,35.2951,02322af968c6062f,232b4974d48889f8,50-64,ARI,mild,2026-08-29T08:18:00,lab
PS-JEN-001,Jenin,32.4597,35.2951,0747c175e69e0dff,2865f66b4019038a,50-64,ARI,mild,2026-08-29T13:49:00,pharmacy
PS-JEN-001,Jenin,32.4597,35.2951,02322af968c6062f,f544943dcbc0c306,18-49,JAUNDICE,mild,2026-08-29T17:09:00,ehr
PS-JEN-001,Jenin,32.4597,35.2951,c0d662d41ad4a594,df08bb81d488c46b,18-49,OTHER,mild,2026-08-29T14:28:00,lab
PS-JEN-001,Jenin,32.4597,35.2951,d723f8382af3d058,37607e0f0ea6a906,18-49,OTHER,mild,2026-08-29T09:46:00,ehr
PS-JEN-001,Jenin,32.4597,35.2951,c0d662d41ad4a594,d6b348f0a190fdc2,0-4,OTHER,moderate,2026-08-29T16:08:00,lab
PS-JEN-001,Jenin,32.4597,35.2951,d723f8382af3d058,7b79861c0053422b,50-64,OTHER,moderate,2026-08-29T18:40:00,ehr
PS-JEN-001,Jenin,32.4597,35.2951,02322af968c6062f,32b4b17cfd3e5dc0,18-49,OTHER,mild,2026-08-29T16:44:00,lab
PS-JEN-001,Jenin,32.4597,35.2951,c0d662d41ad4a594,a80bc76309b82f25,0-4,OTHER,mild,2026-08-29T15:43:00,ehr
PS-JEN-001,Jenin,32.4597,35.2951,02322af968c6062f,f3ee7375d02b3cd2,65+,OTHER,severe,2026-08-29T14:14:00,ehr
PS-JEN-001,Jenin,32.4597,35.2951,0747c175e69e0dff,c8a5d31944c7d668,5-17,OTHER,moderate,2026-08-29T12:45:00,lab
PS-JEN-001,Jenin,32.4597,35.2951,02322af968c6062f,8672058c02138712,18-49,OTHER,mild,2026-08-29T08:29:00,ehr
PS-HEB-001,Hebron,31.5326,35.0998,f17af80950dde2c9,51d4fa5fd3b92e15,0-4,ILI,moderate,2026-08-30T09:00:00,ehr
PS-HEB-001,Hebron,31.5326,35.0998,d3391f64b3beb0a2,d7abcf132ea4ffc2,0-4,ILI,mild,2026-08-30T20:32:00,pharmacy
PS-HEB-001,Hebron,31.5326,35.0998,7c5d3d710b7ca6a2,95f109ec4a56b82e,5-17,ILI,mild,2026-08-30T12:24:00,pharmacy
PS-HEB-001,Hebron,31.5326,35.0998,d3391f64b3beb0a2,b6117e9432ed0f74,18-49,ILI,moderate,2026-08-30T11:19:00,ehr
PS-HEB-001,Hebron,31.5326,35.0998,d3391f64b3beb0a2,73343470ec65016c,0-4,ILI,moderate,2026-08-30T20:37:00,ehr
PS-HEB-001,Hebron,31.5326,35.0998,7c5d3d710b7ca6a2,f1905430ff7763ac,18-49,ILI,mild,2026-08-30T15:02:00,ehr
PS-HEB-001,Hebron,31.5326,35.0998,e3dff89ada235d59,7f5120740f5d4758,18-49,ILI,moderate,2026-08-30T10:28:00,lab
PS-HEB-001,Hebron,31.5326,35.0998,7c5d3d710b7ca6a2,cec7170c48d9ac9b,65+,ILI,moderate,2026-08-30T14:34:00,lab
PS-HEB-001,Hebron,31.5326,35.0998,e3dff89ada235d59,65afef2defb3e4ad,50-64,AGE,mild,2026-08-30T17:32:00,ehr
PS-HEB-001,Hebron,31.5326,35.0998,f17af80950dde2c9,e7b0256fcf33b6a9,50-64,AGE,mild,2026-08-30T17:05:00,ehr
PS-HEB-001,Hebron,31.5326,35.0998,e3dff89ada235d59,f32b62c0d22dd261,5-17,AGE,moderate,2026-08-30T08:40:00,lab
PS-HEB-001,Hebron,31.5326,35.0998,d3391f64b3beb0a2,bd745c1137424602,18-49,AGE,mild,2026-08-30T09:36:00,pharmacy
PS-HEB-001,Hebron,31.5326,35.0998,e3dff89ada235d59,3af62cd41ace257d,50-64,ARI,mild,2026-08-30T20:52:00,ehr
PS-HEB-001,Hebron,31.5326,35.0998,e3dff89ada235d59,5e0f34a171a5d53d,18-49,ARI,severe,2026-08-30T20:32:00,lab
PS-HEB-001,Hebron,31.5326,35.0998,e3dff89ada235d59,1adffc574acd9d17,18-49,ARI,mild,2026-08-30T07:21:00,ehr
PS-HEB-001,Hebron,31.5326,35.0998,f17af80950dde2c9,b4e8033864cbcc42,18-49,ARI,moderate,2026-08-30T14:50:00,ehr
PS-HEB-001,Hebron,31.5326,35.0998,7c5d3d710b7ca6a2,9b2e3c25f19d827c,18-49,FEVER_RASH,moderate,2026-08-30T14:30:00,ehr
PS-HEB-001,Hebron,31.5326,35.0998,e3dff89ada235d59,5db1bf1b9612794a,50-64,FEVER_RASH,mild,2026-08-30T13:33:00,ehr
PS-HEB-001,Hebron,31.5326,35.0998,e3dff89ada235d59,d032c69952d6db5c,5-17,MENINGITIS_LIKE,mild,2026-08-30T17:53:00,ehr
PS-HEB-001,Hebron,31.5326,35.0998,d3391f64b3beb0a2,f740874e7b9a79b5,0-4,OTHER,mild,2026-08-30T13:43:00,lab
PS-HEB-001,Hebron,31.5326,35.0998,d3391f64b3beb0a2,c3cbe46bc2a18b6e,18-49,OTHER,mild,2026-08-30T08:43:00,ehr
PS-HEB-001,Hebron,31.5326,35.0998,e3dff89ada235d59,7fa3b2244ec611a0,0-4,OTHER,mild,2026-08-30T15:41:00,ehr
PS-HEB-001,Hebron,31.5326,35.0998,f17af80950dde2c9,34b028a62a34a4f4,18-49,OTHER,severe,2026-08-30T16:25:00,pharmacy
PS-HEB-001,Hebron,31.5326,35.0998,d3391f64b3beb0a2,6b68699ffcf665d0,5-17,OTHER,mild,2026-08-30T16:34:00,pharmacy
PS-HEB-001,Hebron,31.5326,35.0998,7c5d3d710b7ca6a2,a66b77035b63e23a,65+,OTHER,mild,2026-08-30T11:50:00,ehr
PS-HEB-001,Hebron,31.5326,35.0998,7c5d3d710b7ca6a2,d830e20194490623,65+,OTHER,mild,2026-08-30T20:21:00,ehr
PS-HEB-002,Hebron,31.545,35.087,3000fc3d8d01f75a,12387f4bc1d0b213,18-49,ILI,mild,2026-08-30T18:38:00,ehr
PS-HEB-002,Hebron,31.545,35.087,3000fc3d8d01f75a,9e62213a20f33f74,50-64,ILI,mild,2026-08-30T11:56:00,pharmacy
PS-HEB-002,Hebron,31.545,35.087,b828601a5432663a,1b2902da71000dea,5-17,ILI,mild,2026-08-30T17:04:00,pharmacy
PS-HEB-002,Hebron,31.545,35.087,b828601a5432663a,35749c5051bf5395,18-49,ILI,mild,2026-08-30T15:29:00,ehr
PS-HEB-002,Hebron,31.545,35.087,9b34d36ec3c96b37,aa5fff893ffd56b1,18-49,AGE,mild,2026-08-30T09:15:00,pharmacy
PS-HEB-002,Hebron,31.545,35.087,9b34d36ec3c96b37,0e8380f5fef7a520,5-17,ARI,moderate,2026-08-30T07:59:00,pharmacy
PS-HEB-002,Hebron,31.545,35.087,9b34d36ec3c96b37,474942feb177cbc0,18-49,ARI,mild,2026-08-30T08:46:00,lab
PS-HEB-002,Hebron,31.545,35.087,9b34d36ec3c96b37,08755d1853db5d57,18-49,ARI,moderate,2026-08-30T15:09:00,ehr
PS-HEB-002,Hebron,31.545,35.087,d1fda43bf12417c4,e4ef3cb094209c5a,5-17,ARI,mild,2026-08-30T20:53:00,lab
PS-HEB-002,Hebron,31.545,35.087,3000fc3d8d01f75a,1eb0f61d4b15af07,18-49,ARI,mild,2026-08-30T18:02:00,ehr
PS-HEB-002,Hebron,31.545,35.087,d1fda43bf12417c4,6ad59207e09a934f,5-17,ARI,mild,2026-08-30T17:40:00,ehr
PS-HEB-002,Hebron,31.545,35.087,3000fc3d8d01f75a,0fde0e5f3688ba0a,18-49,OTHER,mild,2026-08-30T18:39:00,ehr
PS-HEB-002,Hebron,31.545,35.087,d1fda43bf12417c4,632ed67e6b302b8e,5-17,OTHER,mild,2026-08-30T17:07:00,ehr
PS-HEB-002,Hebron,31.545,35.087,3000fc3d8d01f75a,b161ba7f5446112d,5-17,OTHER,moderate,2026-08-30T20:23:00,lab
PS-RAM-001,Ramallah,31.9038,35.2034,865eea42f5c6ccea,9f1412927c3aeab9,5-17,ILI,mild,2026-08-30T09:22:00,ehr
PS-RAM-001,Ramallah,31.9038,35.2034,865eea42f5c6ccea,14332564b9cff50d,50-64,ILI,moderate,2026-08-30T17:34:00,ehr
PS-RAM-001,Ramallah,31.9038,35.2034,4dc3b3d585035dae,4191b17957fd018e,5-17,ILI,mild,2026-08-30T20:12:00,ehr
PS-RAM-001,Ramallah,31.9038,35.2034,865eea42f5c6ccea,ab6004425d12acbe,5-17,ILI,moderate,2026-08-30T17:43:00,lab
PS-RAM-001,Ramallah,31.9038,35.2034,865eea42f5c6ccea,525cb99687d029e6,18-49,ILI,severe,2026-08-30T09:58:00,ehr
PS-RAM-001,Ramallah,31.9038,35.2034,2c531e40a3a7ce8c,3690caeb562c65f7,50-64,ILI,mild,2026-08-30T13:37:00,pharmacy
PS-RAM-001,Ramallah,31.9038,35.2034,865eea42f5c6ccea,a43cb1e046c7dc45,0-4,AGE,moderate,2026-08-30T16:50:00,pharmacy
PS-RAM-001,Ramallah,31.9038,35.2034,d4bc341fd534ad06,bb791c500c63f003,5-17,AGE,mild,2026-08-30T08:35:00,lab
PS-RAM-001,Ramallah,31.9038,35.2034,d4bc341fd534ad06,4554a4bdeb6eb306,65+,AGE,mild,2026-08-30T15:16:00,ehr
PS-RAM-001,Ramallah,31.9038,35.2034,d4bc341fd534ad06,c3d4267689602ec0,50-64,AGE,mild,2026-08-30T16:20:00,ehr
PS-RAM-001,Ramallah,31.9038,35.2034,2c531e40a3a7ce8c,0f8cc1d0065d845a,5-17,AGE,mild,2026-08-30T10:00:00,pharmacy
PS-RAM-001,Ramallah,31.9038,35.2034,4dc3b3d585035dae,98cc6977f191853d,65+,AGE,mild,2026-08-30T20:36:00,lab
PS-RAM-001,Ramallah,31.9038,35.2034,865eea42f5c6ccea,a4b7df476c208467,18-49,ARI,mild,2026-08-30T10:33:00,ehr
PS-RAM-001,Ramallah,31.9038,35.2034,865eea42f5c6ccea,b39769f5906309f8,5-17,ARI,mild,2026-08-30T08:53:00,ehr
PS-RAM-001,Ramallah,31.9038,35.2034,4dc3b3d585035dae,7ff19bae7d8602ef,5-17,ARI,mild,2026-08-30T11:29:00,ehr
PS-RAM-001,Ramallah,31.9038,35.2034,2c531e40a3a7ce8c,1faabfa7bdb2173f,5-17,ARI,moderate,2026-08-30T10:46:00,lab
PS-RAM-001,Ramallah,31.9038,35.2034,4dc3b3d585035dae,b45b7d2db060a57e,5-17,ARI,mild,2026-08-30T14:46:00,ehr
PS-RAM-001,Ramallah,31.9038,35.2034,865eea42f5c6ccea,dbc8cd77544849a8,65+,ARI,mild,2026-08-30T07:01:00,ehr
PS-RAM-001,Ramallah,31.9038,35.2034,4dc3b3d585035dae,ec320960e4ee9c2e,0-4,ARI,mild,2026-08-30T11:49:00,lab
PS-RAM-001,Ramallah,31.9038,35.2034,4dc3b3d585035dae,6d610cb7c58bc744,18-49,ARI,mild,2026-08-30T13:39:00,pharmacy
PS-RAM-001,Ramallah,31.9038,35.2034,2c531e40a3a7ce8c,8a109e32c727e73f,18-49,FEVER_RASH,mild,2026-08-30T07:38:00,ehr
PS-RAM-001,Ramallah,31.9038,35.2034,865eea42f5c6ccea,9eb01e64b32bc76f,18-49,JAUNDICE,moderate,2026-08-30T15:35:00,ehr
PS-RAM-001,Ramallah,31.9038,35.2034,d4bc341fd534ad06,80e1d6decc2c7236,18-49,JAUNDICE,severe,2026-08-30T15:51:00,pharmacy
PS-RAM-001,Ramallah,31.9038,35.2034,d4bc341fd534ad06,24c0017f2a67084c,18-49,MENINGITIS_LIKE,mild,2026-08-30T15:26:00,ehr
PS-RAM-001,Ramallah,31.9038,35.2034,865eea42f5c6ccea,4c4f1c435b578581,18-49,MENINGITIS_LIKE,severe,2026-08-30T09:31:00,ehr
PS-RAM-001,Ramallah,31.9038,35.2034,865eea42f5c6ccea,ebfc44b293a47be6,50-64,OTHER,mild,2026-08-30T16:27:00,pharmacy
PS-RAM-001,Ramallah,31.9038,35.2034,2c531e40a3a7ce8c,3d3dce2ace9fc0fd,5-17,OTHER,mild,2026-08-30T11:11:00,ehr
PS-RAM-001,Ramallah,31.9038,35.2034,d4bc341fd534ad06,ac8fb22275cd07fc,65+,OTHER,mild,2026-08-30T08:51:00,ehr
PS-RAM-001,Ramallah,31.9038,35.2034,2c531e40a3a7ce8c,e913861dd935f4ed,50-64,OTHER,mild,2026-08-30T07:02:00,ehr
PS-RAM-001,Ramallah,31.9038,35.2034,2c531e40a3a7ce8c,8ccdbe37de9f5c4a,0-4,OTHER,mild,2026-08-30T16:41:00,ehr
PS-RAM-001,Ramallah,31.9038,35.2034,865eea42f5c6ccea,171c9b82e4d3bd9a,0-4,OTHER,mild,2026-08-30T19:20:00,ehr
PS-RAM-001,Ramallah,31.9038,35.2034,2c531e40a3a7ce8c,e7cbc34142946a12,18-49,OTHER,mild,2026-08-30T14:02:00,ehr
PS-RAM-001,Ramallah,31.9038,35.2034,865eea42f5c6ccea,a6bec5b059540b4c,5-17,OTHER,moderate,2026-08-30T17:06:00,pharmacy
PS-RAM-001,Ramallah,31.9038,35.2034,d4bc341fd534ad06,5cf9c01d97b009d4,18-49,OTHER,severe,2026-08-30T16:24:00,lab
PS-NAB-001,Nablus,32.2211,35.2544,62c116f8ada8f79a,4f3b9e7035da93dd,18-49,ILI,moderate,2026-08-30T18:59:00,lab
PS-NAB-001,Nablus,32.2211,35.2544,ce0af50d2ab5f724,2aa209b4ebfc849f,0-4,ILI,mild,2026-08-30T18:18:00,ehr
PS-NAB-001,Nablus,32.2211,35.2544,62c116f8ada8f79a,bc5a564edcd196dd,50-64,ILI,mild,2026-08-30T20:32:00,ehr
PS-NAB-001,Nablus,32.2211,35.2544,62c116f8ada8f79a,75e255a31683f4f0,18-49,ILI,moderate,2026-08-30T15:13:00,ehr
PS-NAB-001,Nablus,32.2211,35.2544,62c116f8ada8f79a,a333316737e650be,50-64,ILI,mild,2026-08-30T18:08:00,pharmacy
PS-NAB-001,Nablus,32.2211,35.2544,2e49f94506905ef7,1e8a828f26137ffb,18-49,ILI,mild,2026-08-30T09:56:00,ehr
PS-NAB-001,Nablus,32.2211,35.2544,2e49f94506905ef7,faeeaee00246f9c3,50-64,ILI,mild,2026-08-30T13:47:00,lab
PS-NAB-001,Nablus,32.2211,35.2544,62c116f8ada8f79a,eb243ec9fb3c2a9c,5-17,ILI,mild,2026-08-30T11:31:00,ehr
PS-NAB-001,Nablus,32.2211,35.2544,62c116f8ada8f79a,2a3ec2688c1549fc,18-49,ILI,mild,2026-08-30T07:34:00,ehr
PS-NAB-001,Nablus,32.2211,35.2544,62c116f8ada8f79a,b47e978f39639a87,50-64,ILI,moderate,2026-08-30T17:29:00,lab
PS-NAB-001,Nablus,32.2211,35.2544,c9eef5119a779be2,cf73c2da7711a6a8,18-49,ILI,mild,2026-08-30T14:20:00,ehr
PS-NAB-001,Nablus,32.2211,35.2544,ce0af50d2ab5f724,0ad8b3ca695bbfe8,5-17,ILI,mild,2026-08-30T14:08:00,ehr
PS-NAB-001,Nablus,32.2211,35.2544,2e49f94506905ef7,3ca865fa6510ba24,18-49,ILI,moderate,2026-08-30T12:09:00,lab
PS-NAB-001,Nablus,32.2211,35.2544,62c116f8ada8f79a,1839cd658ce64d04,18-49,AGE,mild,2026-08-30T13:57:00,pharmacy
PS-NAB-001,Nablus,32.2211,35.2544,ce0af50d2ab5f724,7a0d4b4d710dd3ca,65+,AGE,mild,2026-08-30T20:11:00,ehr
PS-NAB-001,Nablus,32.2211,35.2544,62c116f8ada8f79a,b7c2779b4247602b,5-17,AGE,moderate,2026-08-30T08:29:00,ehr
PS-NAB-001,Nablus,32.2211,35.2544,62c116f8ada8f79a,548eb36cb9bc8b5f,65+,AGE,moderate,2026-08-30T16:41:00,ehr
PS-NAB-001,Nablus,32.2211,35.2544,62c116f8ada8f79a,08047ab718b73641,18-49,AGE,mild,2026-08-30T09:11:00,pharmacy
PS-NAB-001,Nablus,32.2211,35.2544,ce0af50d2ab5f724,bc761dd9fd6a8bdc,50-64,AGE,severe,2026-08-30T10:47:00,lab
PS-NAB-001,Nablus,32.2211,35.2544,2e49f94506905ef7,0a8084ee6cf8ff8a,18-49,AGE,mild,2026-08-30T19:20:00,pharmacy
PS-NAB-001,Nablus,32.2211,35.2544,62c116f8ada8f79a,f3463064df89c412,5-17,AGE,mild,2026-08-30T09:15:00,ehr
PS-NAB-001,Nablus,32.2211,35.2544,62c116f8ada8f79a,c72803163e8b2f64,5-17,AGE,moderate,2026-08-30T19:36:00,ehr
PS-NAB-001,Nablus,32.2211,35.2544,ce0af50d2ab5f724,0fe91eb475f4797d,5-17,ARI,moderate,2026-08-30T17:29:00,ehr
PS-NAB-001,Nablus,32.2211,35.2544,c9eef5119a779be2,b2cb19f01512b370,5-17,ARI,mild,2026-08-30T10:01:00,lab
PS-NAB-001,Nablus,32.2211,35.2544,2e49f94506905ef7,ca9e714d6f61c066,5-17,ARI,mild,2026-08-30T16:45:00,pharmacy
PS-NAB-001,Nablus,32.2211,35.2544,62c116f8ada8f79a,561637a3e6c67786,18-49,ARI,mild,2026-08-30T14:00:00,ehr
PS-NAB-001,Nablus,32.2211,35.2544,62c116f8ada8f79a,28949ea73f5d54f6,18-49,ARI,mild,2026-08-30T07:21:00,pharmacy
PS-NAB-001,Nablus,32.2211,35.2544,2e49f94506905ef7,0cb7096332669fa7,5-17,FEVER_RASH,moderate,2026-08-30T14:46:00,ehr
PS-NAB-001,Nablus,32.2211,35.2544,62c116f8ada8f79a,f843e7e7389bf842,0-4,FEVER_RASH,mild,2026-08-30T09:37:00,ehr
PS-NAB-001,Nablus,32.2211,35.2544,2e49f94506905ef7,5f37457d873cd3ec,18-49,JAUNDICE,mild,2026-08-30T18:50:00,ehr
PS-NAB-001,Nablus,32.2211,35.2544,ce0af50d2ab5f724,0d9d504d2885bd68,18-49,MENINGITIS_LIKE,moderate,2026-08-30T11:48:00,lab
PS-NAB-001,Nablus,32.2211,35.2544,c9eef5119a779be2,d2b42b7d8a5dd643,18-49,OTHER,mild,2026-08-30T16:28:00,ehr
PS-NAB-001,Nablus,32.2211,35.2544,c9eef5119a779be2,5878cef77a3811e0,5-17,OTHER,mild,2026-08-30T17:32:00,lab
PS-NAB-001,Nablus,32.2211,35.2544,2e49f94506905ef7,e5fc343113064cfd,5-17,OTHER,mild,2026-08-30T07:51:00,ehr
PS-NAB-001,Nablus,32.2211,35.2544,ce0af50d2ab5f724,2d663cf9513be63c,18-49,OTHER,moderate,2026-08-30T10:59:00,pharmacy
PS-NAB-001,Nablus,32.2211,35.2544,ce0af50d2ab5f724,54277f9ba20a1943,0-4,OTHER,moderate,2026-08-30T12:07:00,ehr
PS-NAB-001,Nablus,32.2211,35.2544,2e49f94506905ef7,04c33aa0efa08da6,0-4,OTHER,mild,2026-08-30T10:55:00,pharmacy
PS-NAB-001,Nablus,32.2211,35.2544,c9eef5119a779be2,8574d41a93e799cf,18-49,OTHER,mild,2026-08-30T09:49:00,ehr
PS-NAB-001,Nablus,32.2211,35.2544,62c116f8ada8f79a,4cc0150171019486,0-4,OTHER,moderate,2026-08-30T14:17:00,ehr
PS-BET-001,Bethlehem,31.7054,35.2024,c1a0ab6562099869,e2d32a48e8dde671,0-4,ARI,mild,2026-08-30T14:05:00,ehr
PS-BET-001,Bethlehem,31.7054,35.2024,c1a0ab6562099869,c64862791040cf96,5-17,ARI,mild,2026-08-30T18:09:00,lab
PS-BET-001,Bethlehem,31.7054,35.2024,0a12ccb2fb499cd0,b9083400844b5a12,0-4,ARI,mild,2026-08-30T13:29:00,ehr
PS-BET-001,Bethlehem,31.7054,35.2024,53365b5018ccb30a,65b3cbda03756f82,18-49,ARI,mild,2026-08-30T08:07:00,ehr
PS-BET-001,Bethlehem,31.7054,35.2024,c1a0ab6562099869,b86c5e4b12b3699f,18-49,ARI,moderate,2026-08-30T07:07:00,pharmacy
PS-BET-001,Bethlehem,31.7054,35.2024,0a12ccb2fb499cd0,a2cc8d06447adf5d,5-17,ARI,mild,2026-08-30T19:28:00,ehr
PS-BET-001,Bethlehem,31.7054,35.2024,0a12ccb2fb499cd0,1d6b2927866e1bea,18-49,ARI,mild,2026-08-30T07:18:00,pharmacy
PS-BET-001,Bethlehem,31.7054,35.2024,0a12ccb2fb499cd0,1b4e43958d0928f3,18-49,FEVER_RASH,moderate,2026-08-30T07:42:00,ehr
PS-BET-001,Bethlehem,31.7054,35.2024,2ee779d7897ae9a5,6e87155986bf404e,0-4,OTHER,mild,2026-08-30T08:05:00,lab
PS-BET-001,Bethlehem,31.7054,35.2024,0a12ccb2fb499cd0,e3cf01860dd25af8,50-64,OTHER,moderate,2026-08-30T17:33:00,pharmacy
PS-BET-001,Bethlehem,31.7054,35.2024,0a12ccb2fb499cd0,3133c9fb29bd67ed,0-4,OTHER,mild,2026-08-30T17:20:00,ehr
PS-JEN-001,Jenin,32.4597,35.2951,c0d662d41ad4a594,a8f5e2536e81e36e,65+,ILI,mild,2026-08-30T10:44:00,lab
PS-JEN-001,Jenin,32.4597,35.2951,02322af968c6062f,f435bf45c190be71,50-64,ILI,moderate,2026-08-30T20:50:00,ehr
PS-JEN-001,Jenin,32.4597,35.2951,0747c175e69e0dff,960a5cd3cca1dcc1,18-49,ILI,mild,2026-08-30T19:59:00,ehr
PS-JEN-001,Jenin,32.4597,35.2951,d723f8382af3d058,9112dc42b8ebb047,50-64,ILI,moderate,2026-08-30T09:49:00,ehr
PS-JEN-001,Jenin,32.4597,35.2951,0747c175e69e0dff,5b65a4245d2fd59c,5-17,ILI,mild,2026-08-30T14:07:00,ehr
PS-JEN-001,Jenin,32.4597,35.2951,c0d662d41ad4a594,62ca5f0b9df6e081,18-49,ILI,moderate,2026-08-30T15:20:00,ehr
PS-JEN-001,Jenin,32.4597,35.2951,02322af968c6062f,47c0fc13a6eb3e16,5-17,ILI,mild,2026-08-30T10:54:00,ehr
PS-JEN-001,Jenin,32.4597,35.2951,d723f8382af3d058,23fd9b02bdae92c5,65+,ILI,mild,2026-08-30T07:09:00,ehr
PS-JEN-001,Jenin,32.4597,35.2951,d723f8382af3d058,01b1e3ebfb03f1f2,5-17,ILI,mild,2026-08-30T16:10:00,ehr
PS-JEN-001,Jenin,32.4597,35.2951,02322af968c6062f,912eb86020528c2a,18-49,AGE,moderate,2026-08-30T09:38:00,ehr
PS-JEN-001,Jenin,32.4597,35.2951,02322af968c6062f,63374e90cacebebb,18-49,AGE,mild,2026-08-30T13:27:00,ehr
PS-JEN-001,Jenin,32.4597,35.2951,02322af968c6062f,c16c258ae5743ec9,5-17,AGE,mild,2026-08-30T15:41:00,ehr
PS-JEN-001,Jenin,32.4597,35.2951,0747c175e69e0dff,cf1d7cbb5ce82dc5,18-49,ARI,moderate,2026-08-30T17:00:00,ehr
PS-JEN-001,Jenin,32.4597,35.2951,02322af968c6062f,48285ad0cb8c3c0a,0-4,ARI,mild,2026-08-30T10:03:00,lab
PS-JEN-001,Jenin,32.4597,35.2951,d723f8382af3d058,6f65f2f6bbaf7465,5-17,ARI,moderate,2026-08-30T14:36:00,ehr
PS-JEN-001,Jenin,32.4597,35.2951,c0d662d41ad4a594,e65b2fcbbccb6fe8,18-49,ARI,mild,2026-08-30T16:04:00,ehr
PS-JEN-001,Jenin,32.4597,35.2951,d723f8382af3d058,4820c201aa0572bb,50-64,ARI,moderate,2026-08-30T12:18:00,ehr
PS-JEN-001,Jenin,32.4597,35.2951,02322af968c6062f,d3c2bbd28da446ad,0-4,ARI,moderate,2026-08-30T14:53:00,lab
PS-JEN-001,Jenin,32.4597,35.2951,02322af968c6062f,2cef7e850f4634b4,0-4,OTHER,mild,2026-08-30T19:50:00,lab
PS-JEN-001,Jenin,32.4597,35.2951,02322af968c6062f,7931f636cae7e412,18-49,OTHER,mild,2026-08-30T15:14:00,ehr
PS-JEN-001,Jenin,32.4597,35.2951,d723f8382af3d058,a6bc1d4d7d81e1bb,18-49,OTHER,mild,2026-08-30T14:10:00,pharmacy
PS-HEB-001,Hebron,31.5326,35.0998,7c5d3d710b7ca6a2,b71aa7f075c4bbc1,0-4,ILI,mild,2026-08-31T12:28:00,ehr
PS-HEB-001,Hebron,31.5326,35.0998,7c5d3d710b7ca6a2,9983f627cd09afa1,18-49,ILI,mild,2026-08-31T12:45:00,ehr
PS-HEB-001,Hebron,31.5326,35.0998,7c5d3d710b7ca6a2,fa1c81951925d9cf,5-17,ILI,mild,2026-08-31T13:28:00,ehr
PS-HEB-001,Hebron,31.5326,35.0998,7c5d3d710b7ca6a2,37f8567f86e49226,50-64,ILI,mild,2026-08-31T12:05:00,pharmacy
PS-HEB-001,Hebron,31.5326,35.0998,d3391f64b3beb0a2,afdf05679756bf7e,5-17,ILI,mild,2026-08-31T11:31:00,ehr
PS-HEB-001,Hebron,31.5326,35.0998,7c5d3d710b7ca6a2,443d13cc4540dc2b,0-4,ILI,mild,2026-08-31T18:12:00,ehr
PS-HEB-001,Hebron,31.5326,35.0998,d3391f64b3beb0a2,544fa5c152329fb5,18-49,ILI,moderate,2026-08-31T15:55:00,pharmacy
PS-HEB-001,Hebron,31.5326,35.0998,7c5d3d710b7ca6a2,df771d886ce9cdaf,5-17,ILI,mild,2026-08-31T11:31:00,ehr
PS-HEB-001,Hebron,31.5326,35.0998,e3dff89ada235d59,8665f1d0d4055e39,18-49,ILI,mild,2026-08-31T10:42:00,lab
PS-HEB-001,Hebron,31.5326,35.0998,f17af80950dde2c9,7cb640f2785a0254,50-64,ILI,mild,2026-08-31T11:53:00,ehr
PS-HEB-001,Hebron,31.5326,35.0998,7c5d3d710b7ca6a2,259cd10d41ebd39d,18-49,ILI,moderate,2026-08-31T08:22:00,lab
PS-HEB-001,Hebron,31.5326,35.0998,7c5d3d710b7ca6a2,ff5850f5e8c74645,65+,ILI,mild,2026-08-31T07:02:00,lab
PS-HEB-001,Hebron,31.5326,35.0998,d3391f64b3beb0a2,6cf98b949fda8e83,18-49,AGE,mild,2026-08-31T08:19:00,ehr
PS-HEB-001,Hebron,31.5326,35.0998,7c5d3d710b7ca6a2,da482ce99e094070,18-49,AGE,mild,2026-08-31T19:07:00,lab
PS-HEB-001,Hebron,31.5326,35.0998,d3391f64b3beb0a2,6d11cc74f9233184,0-4,AGE,moderate,2026-08-31T08:58:00,ehr
PS-HEB-001,Hebron,31.5326,35.0998,7c5d3d710b7ca6a2,28f5e2df2ed93090,50-64,AGE,mild,2026-08-31T16:15:00,ehr
PS-HEB-001,Hebron,31.5326,35.0998,d3391f64b3beb0a2,4ec96ae95b416df3,5-17,AGE,severe,2026-08-31T16:00:00,ehr
PS-HEB-001,Hebron,31.5326,35.0998,e3dff89ada235d59,8bfc5cbca56bd63b,0-4,AGE,mild,2026-08-31T12:50:00,pharmacy
PS-HEB-001,Hebron,31.5326,35.0998,d3391f64b3beb0a2,930f0815083550fc,18-49,AGE,mild,2026-08-31T07:51:00,lab
PS-HEB-001,Hebron,31.5326,35.0998,f17af80950dde2c9,b9bb57dee1f9576c,18-49,ARI,mild,2026-08-31T16:33:00,ehr
PS-HEB-001,Hebron,31.5326,35.0998,f17af80950dde2c9,e6f6d27fb61deb82,18-49,ARI,moderate,2026-08-31T14:37:00,lab
PS-HEB-001,Hebron,31.5326,35.0998,d3391f64b3beb0a2,233a4ca15c57624f,0-4,ARI,moderate,2026-08-31T16:35:00,ehr
PS-HEB-001,Hebron,31.5326,35.0998,f17af80950dde2c9,0c1064f752c05f00,5-17,ARI,mild,2026-08-31T09:13:00,lab
PS-HEB-001,Hebron,31.5326,35.0998,e3dff89ada235d59,38e177c8503ebeb6,5-17,ARI,mild,2026-08-31T16:17:00,ehr
PS-HEB-001,Hebron,31.5326,35.0998,e3dff89ada235d59,e7a6cafc556779b7,18-49,ARI,severe,2026-08-31T13:11:00,pharmacy
PS-HEB-001,Hebron,31.5326,35.0998,7c5d3d710b7ca6a2,d1109bd7a45498c7,65+,ARI,mild,2026-08-31T16:18:00,ehr
PS-HEB-001,Hebron,31.5326,35.0998,d3391f64b3beb0a2,4107ca2b5f1845cc,5-17,ARI,mild,2026-08-31T08:45:00,ehr
PS-HEB-001,Hebron,31.5326,35.0998,f17af80950dde2c9,266bac28941c3287,0-4,ARI,mild,2026-08-31T07:13:00,pharmacy
PS-HEB-001,Hebron,31.5326,35.0998,7c5d3d710b7ca6a2,baecdb37f0ad1cb2,0-4,ARI,mild,2026-08-31T20:10:00,ehr
PS-HEB-001,Hebron,31.5326,35.0998,7c5d3d710b7ca6a2,e4146137bb104299,18-49,ARI,mild,2026-08-31T17:42:00,ehr
PS-HEB-001,Hebron,31.5326,35.0998,7c5d3d710b7ca6a2,e31856528fc58ac2,5-17,FEVER_RASH,mild,2026-08-31T08:54:00,pharmacy
PS-HEB-001,Hebron,31.5326,35.0998,e3dff89ada235d59,832223bf62736bef,50-64,OTHER,mild,2026-08-31T14:57:00,lab
PS-HEB-001,Hebron,31.5326,35.0998,d3391f64b3beb0a2,eadda63da1784cff,65+,OTHER,mild,2026-08-31T07:46:00,ehr
PS-HEB-001,Hebron,31.5326,35.0998,f17af80950dde2c9,e7b7879bdf2ade0c,50-64,OTHER,mild,2026-08-31T15:59:00,ehr
PS-HEB-001,Hebron,31.5326,35.0998,7c5d3d710b7ca6a2,f677995d4e8b908c,18-49,OTHER,moderate,2026-08-31T09:48:00,ehr
PS-HEB-001,Hebron,31.5326,35.0998,e3dff89ada235d59,79b79af7d0fe9b43,18-49,OTHER,mild,2026-08-31T15:32:00,pharmacy
PS-HEB-002,Hebron,31.545,35.087,b828601a5432663a,8e1d7ec0b49d49fd,50-64,ILI,mild,2026-08-31T15:11:00,ehr
PS-HEB-002,Hebron,31.545,35.087,3000fc3d8d01f75a,e0c0896f296a5557,18-49,ILI,mild,2026-08-31T13:30:00,ehr
PS-HEB-002,Hebron,31.545,35.087,9b34d36ec3c96b37,176d420b769b9ddd,18-49,AGE,mild,2026-08-31T20:12:00,lab
PS-HEB-002,Hebron,31.545,35.087,b828601a5432663a,66e97b9bb758f415,65+,AGE,mild,2026-08-31T08:48:00,lab
PS-HEB-002,Hebron,31.545,35.087,3000fc3d8d01f75a,554c0cbdfe4a8746,50-64,AGE,mild,2026-08-31T17:52:00,lab
PS-HEB-002,Hebron,31.545,35.087,d1fda43bf12417c4,7abf69e25b5e59fe,18-49,AGE,moderate,2026-08-31T15:57:00,pharmacy
PS-HEB-002,Hebron,31.545,35.087,9b34d36ec3c96b37,edb380b0848e25da,18-49,AGE,mild,2026-08-31T17:59:00,ehr
PS-HEB-002,Hebron,31.545,35.087,d1fda43bf12417c4,a50ef74b31ead9a6,18-49,AGE,mild,2026-08-31T16:22:00,ehr
PS-HEB-002,Hebron,31.545,35.087,b828601a5432663a,f295faa6b409e4ba,18-49,ARI,mild,2026-08-31T12:27:00,ehr
PS-HEB-002,Hebron,31.545,35.087,3000fc3d8d01f75a,7384d5524d8c24dd,18-49,ARI,moderate,2026-08-31T09:31:00,pharmacy
PS-HEB-002,Hebron,31.545,35.087,3000fc3d8d01f75a,b46a0017b1bf6438,18-49,ARI,mild,2026-08-31T15:14:00,lab
PS-HEB-002,Hebron,31.545,35.087,9b34d36ec3c96b37,f479e78e4232f4e5,5-17,ARI,mild,2026-08-31T16:51:00,pharmacy
PS-HEB-002,Hebron,31.545,35.087,3000fc3d8d01f75a,f7ccb5a67fea48b7,50-64,ARI,mild,2026-08-31T13:44:00,pharmacy
PS-HEB-002,Hebron,31.545,35.087,3000fc3d8d01f75a,c575eb30054612dc,65+,ARI,mild,2026-08-31T10:46:00,ehr
PS-HEB-002,Hebron,31.545,35.087,b828601a5432663a,d009f46f845fe3b6,18-49,OTHER,mild,2026-08-31T15:21:00,ehr
PS-HEB-002,Hebron,31.545,35.087,d1fda43bf12417c4,e868cc0cf2f073eb,50-64,OTHER,mild,2026-08-31T16:48:00,pharmacy
PS-HEB-002,Hebron,31.545,35.087,b828601a5432663a,a58dddc7f04ade35,18-49,OTHER,mild,2026-08-31T15:08:00,ehr
PS-HEB-002,Hebron,31.545,35.087,9b34d36ec3c96b37,be9fd5eedb6f2850,18-49,OTHER,mild,2026-08-31T11:34:00,pharmacy
PS-HEB-002,Hebron,31.545,35.087,9b34d36ec3c96b37,3964f3d6ac7fc050,0-4,OTHER,mild,2026-08-31T07:56:00,lab
PS-HEB-002,Hebron,31.545,35.087,9b34d36ec3c96b37,ad91c7d9e3561168,18-49,OTHER,mild,2026-08-31T09:48:00,ehr
PS-RAM-001,Ramallah,31.9038,35.2034,2c531e40a3a7ce8c,2fdd1288dc4d2e72,65+,ILI,mild,2026-08-31T11:04:00,ehr
PS-RAM-001,Ramallah,31.9038,35.2034,2c531e40a3a7ce8c,2a39130d6cf465c4,65+,ILI,moderate,2026-08-31T12:42:00,lab
PS-RAM-001,Ramallah,31.9038,35.2034,2c531e40a3a7ce8c,32229abaef0173ec,18-49,ILI,mild,2026-08-31T08:14:00,ehr
PS-RAM-001,Ramallah,31.9038,35.2034,2c531e40a3a7ce8c,d38c85c35bddac2d,0-4,ILI,mild,2026-08-31T12:11:00,pharmacy
PS-RAM-001,Ramallah,31.9038,35.2034,d4bc341fd534ad06,1d988c27f5ea8f47,5-17,ILI,moderate,2026-08-31T15:06:00,ehr
PS-RAM-001,Ramallah,31.9038,35.2034,865eea42f5c6ccea,340d7de1273bb7b7,18-49,ILI,mild,2026-08-31T09:23:00,ehr
PS-RAM-001,Ramallah,31.9038,35.2034,4dc3b3d585035dae,9d77bc857310721f,18-49,ILI,mild,2026-08-31T08:39:00,ehr
PS-RAM-001,Ramallah,31.9038,35.2034,865eea42f5c6ccea,f2fdada3add0f6de,0-4,ILI,mild,2026-08-31T18:18:00,lab
PS-RAM-001,Ramallah,31.9038,35.2034,d4bc341fd534ad06,e05a4130131cee12,18-49,ILI,mild,2026-08-31T20:04:00,ehr
PS-RAM-001,Ramallah,31.9038,35.2034,2c531e40a3a7ce8c,27c68585627949b0,18-49,AGE,mild,2026-08-31T19:33:00,pharmacy
PS-RAM-001,Ramallah,31.9038,35.2034,4dc3b3d585035dae,159498ca49ad449a,18-49,AGE,severe,2026-08-31T19:34:00,ehr
PS-RAM-001,Ramallah,31.9038,35.2034,d4bc341fd534ad06,a4484b036cc53d3c,50-64,AGE,mild,2026-08-31T20:25:00,ehr
PS-RAM-001,Ramallah,31.9038,35.2034,865eea42f5c6ccea,54b6e10048d0b7ba,18-49,AGE,moderate,2026-08-31T08:28:00,ehr
PS-RAM-001,Ramallah,31.9038,35.2034,865eea42f5c6ccea,91a3fc0302c39d63,18-49,AGE,moderate,2026-08-31T19:14:00,lab
PS-RAM-001,Ramallah,31.9038,35.2034,2c531e40a3a7ce8c,c4948d1805bdcff0,18-49,ARI,mild,2026-08-31T16:42:00,pharmacy
PS-RAM-001,Ramallah,31.9038,35.2034,865eea42f5c6ccea,77674f8da76230ae,65+,ARI,mild,2026-08-31T15:28:00,ehr
PS-RAM-001,Ramallah,31.9038,35.2034,4dc3b3d585035dae,9ba59c411d1f676f,5-17,ARI,mild,2026-08-31T18:57:00,ehr
PS-RAM-001,Ramallah,31.9038,35.2034,4dc3b3d585035dae,de06d988f8d46298,0-4,ARI,mild,2026-08-31T19:42:00,pharmacy
PS-RAM-001,Ramallah,31.9038,35.2034,4dc3b3d585035dae,211e63ffddc7c1c5,50-64,ARI,moderate,2026-08-31T17:11:00,ehr
PS-RAM-001,Ramallah,31.9038,35.2034,d4bc341fd534ad06,4bd92f2f88091226,50-64,ARI,mild,2026-08-31T10:44:00,ehr
PS-RAM-001,Ramallah,31.9038,35.2034,4dc3b3d585035dae,232ca8908aa8f5d3,18-49,ARI,moderate,2026-08-31T08:30:00,ehr
PS-RAM-001,Ramallah,31.9038,35.2034,d4bc341fd534ad06,c8a8535493649eb9,5-17,ARI,mild,2026-08-31T20:38:00,lab
PS-RAM-001,Ramallah,31.9038,35.2034,2c531e40a3a7ce8c,d015395b3ef6869e,0-4,ARI,mild,2026-08-31T18:41:00,ehr
PS-RAM-001,Ramallah,31.9038,35.2034,4dc3b3d585035dae,ea6e616a1a882a64,5-17,ARI,mild,2026-08-31T12:38:00,ehr
PS-RAM-001,Ramallah,31.9038,35.2034,865eea42f5c6ccea,153ca7fc1ba36d58,50-64,ARI,mild,2026-08-31T16:41:00,pharmacy
PS-RAM-001,Ramallah,31.9038,35.2034,4dc3b3d585035dae,caec0f35289bffbd,5-17,ARI,mild,2026-08-31T11:11:00,lab
PS-RAM-001,Ramallah,31.9038,35.2034,865eea42f5c6ccea,2147d2080a051635,50-64,ARI,moderate,2026-08-31T17:55:00,pharmacy
PS-RAM-001,Ramallah,31.9038,35.2034,d4bc341fd534ad06,6ef5d092023ba282,18-49,FEVER_RASH,mild,2026-08-31T16:27:00,lab
PS-RAM-001,Ramallah,31.9038,35.2034,865eea42f5c6ccea,04106f5319c697df,5-17,JAUNDICE,moderate,2026-08-31T19:59:00,lab
PS-RAM-001,Ramallah,31.9038,35.2034,d4bc341fd534ad06,cc5e9cc9fa0c5b87,50-64,OTHER,mild,2026-08-31T07:36:00,ehr
PS-RAM-001,Ramallah,31.9038,35.2034,4dc3b3d585035dae,e5aff8b83e750762,18-49,OTHER,mild,2026-08-31T10:12:00,ehr
PS-RAM-001,Ramallah,31.9038,35.2034,d4bc341fd534ad06,fd58e87d1186a07f,50-64,OTHER,moderate,2026-08-31T11:51:00,ehr
PS-RAM-001,Ramallah,31.9038,35.2034,865eea42f5c6ccea,3222963ad930e592,18-49,OTHER,mild,2026-08-31T19:26:00,lab
PS-RAM-001,Ramallah,31.9038,35.2034,865eea42f5c6ccea,865aac6f4f9c0d5a,5-17,OTHER,mild,2026-08-31T17:21:00,lab
PS-RAM-001,Ramallah,31.9038,35.2034,2c531e40a3a7ce8c,04a7ef35d84a2f23,0-4,OTHER,mild,2026-08-31T09:54:00,ehr
PS-NAB-001,Nablus,32.2211,35.2544,ce0af50d2ab5f724,1fab6c9dec541d4e,18-49,ILI,mild,2026-08-31T13:56:00,lab
PS-NAB-001,Nablus,32.2211,35.2544,c9eef5119a779be2,794be802f45961e9,18-49,ILI,mild,2026-08-31T09:48:00,ehr
PS-NAB-001,Nablus,32.2211,35.2544,c9eef5119a779be2,6d8a2175a8dc480d,18-49,ILI,mild,2026-08-31T08:11:00,ehr
PS-NAB-001,Nablus,32.2211,35.2544,c9eef5119a779be2,4486ca72604e7552,18-49,ILI,mild,2026-08-31T20:32:00,lab
PS-NAB-001,Nablus,32.2211,35.2544,2e49f94506905ef7,be4995441e8ce44c,0-4,ILI,mild,2026-08-31T07:00:00,lab
PS-NAB-001,Nablus,32.2211,35.2544,ce0af50d2ab5f724,ba18656f312d679a,65+,ILI,mild,2026-08-31T14:45:00,ehr
PS-NAB-001,Nablus,32.2211,35.2544,c9eef5119a779be2,db06b792f18e4c90,18-49,ILI,moderate,2026-08-31T09:36:00,ehr
PS-NAB-001,Nablus,32.2211,35.2544,ce0af50d2ab5f724,66c551fa8fc1be02,0-4,ILI,moderate,2026-08-31T19:17:00,ehr
PS-NAB-001,Nablus,32.2211,35.2544,ce0af50d2ab5f724,19cac9ca14445ac0,0-4,ILI,moderate,2026-08-31T20:10:00,ehr
PS-NAB-001,Nablus,32.2211,35.2544,c9eef5119a779be2,2a91512286b64c98,5-17,ILI,moderate,2026-08-31T07:13:00,lab
PS-NAB-001,Nablus,32.2211,35.2544,ce0af50d2ab5f724,640a5f266401b05f,5-17,ILI,mild,2026-08-31T12:14:00,lab
PS-NAB-001,Nablus,32.2211,35.2544,2e49f94506905ef7,7b29292448dc1694,18-49,ILI,mild,2026-08-31T20:48:00,ehr
PS-NAB-001,Nablus,32.2211,35.2544,62c116f8ada8f79a,e50bb40250be3386,5-17,ILI,mild,2026-08-31T12:16:00,pharmacy
PS-NAB-001,Nablus,32.2211,35.2544,62c116f8ada8f79a,b5aa245dc32dab32,18-49,AGE,moderate,2026-08-31T18:48:00,ehr
PS-NAB-001,Nablus,32.2211,35.2544,c9eef5119a779be2,95b35b3ab5331371,0-4,AGE,mild,2026-08-31T19:48:00,lab
PS-NAB-001,Nablus,32.2211,35.2544,c9eef5119a779be2,57ae0204b110aa6c,5-17,AGE,mild,2026-08-31T11:19:00,ehr
PS-NAB-001,Nablus,32.2211,35.2544,2e49f94506905ef7,15d1126b2e5f70d5,0-4,AGE,moderate,2026-08-31T20:12:00,ehr
PS-NAB-001,Nablus,32.2211,35.2544,ce0af50d2ab5f724,1293471b7b865ac4,18-49,ARI,mild,2026-08-31T11:49:00,ehr
PS-NAB-001,Nablus,32.2211,35.2544,ce0af50d2ab5f724,bf93b9bf9d41eadf,18-49,ARI,mild,2026-08-31T14:28:00,ehr
PS-NAB-001,Nablus,32.2211,35.2544,62c116f8ada8f79a,7a6189298694253f,18-49,ARI,mild,2026-08-31T17:41:00,pharmacy
PS-NAB-001,Nablus,32.2211,35.2544,62c116f8ada8f79a,9783aa1a200be470,50-64,ARI,moderate,2026-08-31T15:24:00,ehr
PS-NAB-001,Nablus,32.2211,35.2544,2e49f94506905ef7,1935a292cd197b1c,50-64,ARI,mild,2026-08-31T18:00:00,lab
PS-NAB-001,Nablus,32.2211,35.2544,2e49f94506905ef7,1275fe9a32ebd203,5-17,ARI,moderate,2026-08-31T10:52:00,ehr
PS-NAB-001,Nablus,32.2211,35.2544,62c116f8ada8f79a,7177627d91c31124,5-17,ARI,mild,2026-08-31T07:24:00,ehr
PS-NAB-001,Nablus,32.2211,35.2544,62c116f8ada8f79a,f1e510326b04d327,5-17,ARI,mild,2026-08-31T11:39:00,ehr
PS-NAB-001,Nablus,32.2211,35.2544,2e49f94506905ef7,cfe685c9f73e62a8,18-49,ARI,moderate,2026-08-31T07:02:00,lab
PS-NAB-001,Nablus,32.2211,35.2544,c9eef5119a779be2,5a2ea62a58788692,18-49,ARI,mild,2026-08-31T14:30:00,lab
PS-NAB-001,Nablus,32.2211,35.2544,c9eef5119a779be2,5e4ef9e99d23815d,5-17,ARI,moderate,2026-08-31T12:11:00,ehr
PS-NAB-001,Nablus,32.2211,35.2544,ce0af50d2ab5f724,eca97e088ea1dcbc,0-4,ARI,mild,2026-08-31T11:16:00,pharmacy
PS-NAB-001,Nablus,32.2211,35.2544,2e49f94506905ef7,f0593676b04bdfd1,18-49,ARI,mild,2026-08-31T12:44:00,lab
PS-NAB-001,Nablus,32.2211,35.2544,2e49f94506905ef7,a9fb0be9050963a7,0-4,ARI,mild,2026-08-31T18:50:00,ehr
PS-NAB-001,Nablus,32.2211,35.2544,2e49f94506905ef7,3b0fe2f088055111,0-4,ARI,mild,2026-08-31T10:41:00,pharmacy
PS-NAB-001,Nablus,32.2211,35.2544,c9eef5119a779be2,9c8bcb74da9fdb00,50-64,ARI,moderate,2026-08-31T15:42:00,pharmacy
PS-NAB-001,Nablus,32.2211,35.2544,2e49f94506905ef7,08dc4df1d298faa9,5-17,OTHER,severe,2026-08-31T09:56:00,lab
PS-NAB-001,Nablus,32.2211,35.2544,62c116f8ada8f79a,5972d3b7cc7edf28,50-64,OTHER,mild,2026-08-31T16:44:00,lab
PS-NAB-001,Nablus,32.2211,35.2544,c9eef5119a779be2,8a040f1991062292,5-17,OTHER,mild,2026-08-31T17:08:00,ehr
PS-NAB-001,Nablus,32.2211,35.2544,ce0af50d2ab5f724,05724cf0772266ab,18-49,OTHER,mild,2026-08-31T20:46:00,ehr
PS-NAB-001,Nablus,32.2211,35.2544,62c116f8ada8f79a,0ed46ff3d3f3af01,18-49,OTHER,mild,2026-08-31T10:53:00,ehr
PS-NAB-001,Nablus,32.2211,35.2544,2e49f94506905ef7,abca878e2f0c73b1,0-4,OTHER,mild,2026-08-31T10:36:00,pharmacy
PS-BET-001,Bethlehem,31.7054,35.2024,0a12ccb2fb499cd0,48247694b2f589b2,65+,ILI,mild,2026-08-31T20:10:00,pharmacy
PS-BET-001,Bethlehem,31.7054,35.2024,0a12ccb2fb499cd0,f20e97fee4775b55,5-17,ILI,mild,2026-08-31T07:45:00,ehr
PS-BET-001,Bethlehem,31.7054,35.2024,0a12ccb2fb499cd0,504729dae6d81228,5-17,AGE,mild,2026-08-31T07:11:00,ehr
PS-BET-001,Bethlehem,31.7054,35.2024,53365b5018ccb30a,3dfdd6a597fa86d1,18-49,AGE,mild,2026-08-31T18:33:00,ehr
PS-BET-001,Bethlehem,31.7054,35.2024,53365b5018ccb30a,cd471b19d777cbcf,18-49,AGE,mild,2026-08-31T07:32:00,pharmacy
PS-BET-001,Bethlehem,31.7054,35.2024,c1a0ab6562099869,6cd39a347d0c6baa,5-17,ARI,moderate,2026-08-31T12:24:00,ehr
PS-BET-001,Bethlehem,31.7054,35.2024,2ee779d7897ae9a5,2a6eeb7d8e590af1,18-49,ARI,mild,2026-08-31T15:18:00,ehr
PS-BET-001,Bethlehem,31.7054,35.2024,c1a0ab6562099869,8426e34da877821f,50-64,ARI,mild,2026-08-31T16:32:00,pharmacy
PS-BET-001,Bethlehem,31.7054,35.2024,0a12ccb2fb499cd0,4fa0d66cd8a2eca0,5-17,ARI,mild,2026-08-31T17:08:00,pharmacy
PS-BET-001,Bethlehem,31.7054,35.2024,c1a0ab6562099869,32aac0892f98a278,0-4,ARI,mild,2026-08-31T12:53:00,ehr
PS-BET-001,Bethlehem,31.7054,35.2024,53365b5018ccb30a,86bacb2ae484ba33,50-64,ARI,mild,2026-08-31T14:53:00,ehr
PS-BET-001,Bethlehem,31.7054,35.2024,53365b5018ccb30a,f14857a9743bb9a5,18-49,FEVER_RASH,mild,2026-08-31T12:47:00,ehr
PS-BET-001,Bethlehem,31.7054,35.2024,2ee779d7897ae9a5,735a7d4528052539,0-4,OTHER,mild,2026-08-31T13:27:00,lab
PS-BET-001,Bethlehem,31.7054,35.2024,c1a0ab6562099869,e5fb4c14505a2f7c,18-49,OTHER,moderate,2026-08-31T12:19:00,ehr
PS-BET-001,Bethlehem,31.7054,35.2024,53365b5018ccb30a,4d1b400d9c2394a8,18-49,OTHER,mild,2026-08-31T11:00:00,pharmacy
PS-BET-001,Bethlehem,31.7054,35.2024,2ee779d7897ae9a5,30522bb019ec53cd,50-64,OTHER,mild,2026-08-31T20:59:00,pharmacy
PS-BET-001,Bethlehem,31.7054,35.2024,2ee779d7897ae9a5,169c693df63ca9f8,50-64,OTHER,moderate,2026-08-31T16:00:00,lab
PS-BET-001,Bethlehem,31.7054,35.2024,0a12ccb2fb499cd0,029fd08ad826433f,5-17,OTHER,mild,2026-08-31T13:35:00,pharmacy
PS-JEN-001,Jenin,32.4597,35.2951,d723f8382af3d058,1276df4c4ac1fcec,18-49,ILI,moderate,2026-08-31T13:10:00,pharmacy
PS-JEN-001,Jenin,32.4597,35.2951,d723f8382af3d058,16ded4893461d68c,18-49,ILI,mild,2026-08-31T10:34:00,pharmacy
PS-JEN-001,Jenin,32.4597,35.2951,d723f8382af3d058,02be9dc26a49af08,50-64,ILI,mild,2026-08-31T08:30:00,ehr
PS-JEN-001,Jenin,32.4597,35.2951,d723f8382af3d058,d1615dd808a6e317,5-17,ILI,mild,2026-08-31T12:51:00,ehr
PS-JEN-001,Jenin,32.4597,35.2951,02322af968c6062f,8ebfb7939fd98220,0-4,JAUNDICE,moderate,2026-08-31T09:01:00,ehr
PS-JEN-001,Jenin,32.4597,35.2951,0747c175e69e0dff,3c15a8dd5ad577b9,5-17,OTHER,mild,2026-08-31T15:36:00,ehr
PS-JEN-001,Jenin,32.4597,35.2951,02322af968c6062f,1777ebadafeb325b,18-49,OTHER,severe,2026-08-31T15:54:00,pharmacy
PS-JEN-001,Jenin,32.4597,35.2951,0747c175e69e0dff,ad926a952973863b,65+,OTHER,moderate,2026-08-31T12:59:00,ehr
PS-JEN-001,Jenin,32.4597,35.2951,c0d662d41ad4a594,d7a8e8628ace2428,65+,OTHER,mild,2026-08-31T12:32:00,lab
PS-JEN-001,Jenin,32.4597,35.2951,02322af968c6062f,9f06041da28df90d,18-49,OTHER,mild,2026-08-31T14:18:00,ehr
PS-JEN-001,Jenin,32.4597,35.2951,0747c175e69e0dff,cda16a05a85fc549,50-64,OTHER,mild,2026-08-31T13:38:00,pharmacy
PS-HEB-001,Hebron,31.5326,35.0998,f17af80950dde2c9,a27e56c757c44a55,65+,ILI,mild,2026-09-01T18:37:00,ehr
PS-HEB-001,Hebron,31.5326,35.0998,f17af80950dde2c9,2009f3bc00c8ed5b,5-17,ILI,mild,2026-09-01T09:09:00,lab
PS-HEB-001,Hebron,31.5326,35.0998,d3391f64b3beb0a2,ad50b122f9936cc8,18-49,ILI,mild,2026-09-01T07:51:00,ehr
PS-HEB-001,Hebron,31.5326,35.0998,d3391f64b3beb0a2,2c7a8b5d5828bf30,18-49,ILI,mild,2026-09-01T08:52:00,ehr
PS-HEB-001,Hebron,31.5326,35.0998,e3dff89ada235d59,a641f101c5903c75,0-4,ILI,mild,2026-09-01T12:27:00,ehr
PS-HEB-001,Hebron,31.5326,35.0998,d3391f64b3beb0a2,9a333082ba996d4a,18-49,ILI,mild,2026-09-01T20:55:00,pharmacy
PS-HEB-001,Hebron,31.5326,35.0998,7c5d3d710b7ca6a2,53497c7fc4ffccb3,0-4,ILI,mild,2026-09-01T07:46:00,ehr
PS-HEB-001,Hebron,31.5326,35.0998,7c5d3d710b7ca6a2,e09e8aa20e6f6ace,18-49,ILI,mild,2026-09-01T13:17:00,ehr
PS-HEB-001,Hebron,31.5326,35.0998,f17af80950dde2c9,fac866d0d2c83381,65+,ILI,mild,2026-09-01T11:54:00,pharmacy
PS-HEB-001,Hebron,31.5326,35.0998,d3391f64b3beb0a2,ee43518fe7d3c8d6,0-4,AGE,mild,2026-09-01T16:20:00,pharmacy
PS-HEB-001,Hebron,31.5326,35.0998,e3dff89ada235d59,581b8d0e6722da43,5-17,AGE,mild,2026-09-01T17:58:00,lab
PS-HEB-001,Hebron,31.5326,35.0998,e3dff89ada235d59,88c1eb15b9d57582,65+,AGE,mild,2026-09-01T10:05:00,pharmacy
PS-HEB-001,Hebron,31.5326,35.0998,d3391f64b3beb0a2,10ee4b83cf286a1d,0-4,AGE,mild,2026-09-01T19:49:00,ehr
PS-HEB-001,Hebron,31.5326,35.0998,7c5d3d710b7ca6a2,554b0cea2c37e668,0-4,AGE,mild,2026-09-01T15:41:00,ehr
PS-HEB-001,Hebron,31.5326,35.0998,f17af80950dde2c9,9bf13f525dfa9c84,50-64,AGE,mild,2026-09-01T16:11:00,ehr
PS-HEB-001,Hebron,31.5326,35.0998,7c5d3d710b7ca6a2,a4f5bcd2b18c5716,18-49,ARI,mild,2026-09-01T18:56:00,lab
PS-HEB-001,Hebron,31.5326,35.0998,e3dff89ada235d59,5002f14cc1a9203b,5-17,ARI,mild,2026-09-01T07:52:00,ehr
PS-HEB-001,Hebron,31.5326,35.0998,d3391f64b3beb0a2,7f5cb4dff5c2f163,18-49,ARI,mild,2026-09-01T19:27:00,lab
PS-HEB-001,Hebron,31.5326,35.0998,7c5d3d710b7ca6a2,e7a63188af9c6b6a,50-64,ARI,mild,2026-09-01T11:57:00,ehr
PS-HEB-001,Hebron,31.5326,35.0998,d3391f64b3beb0a2,90026384a949746f,18-49,ARI,mild,2026-09-01T15:45:00,ehr
PS-HEB-001,Hebron,31.5326,35.0998,f17af80950dde2c9,3ec365e46b0c901c,18-49,ARI,mild,2026-09-01T19:36:00,ehr
PS-HEB-001,Hebron,31.5326,35.0998,f17af80950dde2c9,7a074c70644d343d,5-17,ARI,mild,2026-09-01T20:54:00,ehr
PS-HEB-001,Hebron,31.5326,35.0998,7c5d3d710b7ca6a2,1dbc69c905b32a95,18-49,FEVER_RASH,moderate,2026-09-01T14:49:00,pharmacy
PS-HEB-001,Hebron,31.5326,35.0998,e3dff89ada235d59,a97bd86e769ebd3a,65+,FEVER_RASH,mild,2026-09-01T19:46:00,ehr
PS-HEB-001,Hebron,31.5326,35.0998,7c5d3d710b7ca6a2,37fa572a33cac325,5-17,FEVER_RASH,moderate,2026-09-01T19:34:00,ehr
PS-HEB-001,Hebron,31.5326,35.0998,f17af80950dde2c9,5b870010aa7f860d,5-17,JAUNDICE,mild,2026-09-01T09:22:00,lab
PS-HEB-001,Hebron,31.5326,35.0998,d3391f64b3beb0a2,8f5bc653dbcbdfab,18-49,OTHER,mild,2026-09-01T19:50:00,ehr
PS-HEB-001,Hebron,31.5326,35.0998,e3dff89ada235d59,45da53525d2a0758,18-49,OTHER,mild,2026-09-01T12:55:00,ehr
PS-HEB-001,Hebron,31.5326,35.0998,7c5d3d710b7ca6a2,87f61ec66a25e0ff,18-49,OTHER,mild,2026-09-01T15:27:00,pharmacy
PS-HEB-001,Hebron,31.5326,35.0998,d3391f64b3beb0a2,dd040aac8d9e208f,50-64,OTHER,moderate,2026-09-01T15:14:00,pharmacy
PS-HEB-001,Hebron,31.5326,35.0998,d3391f64b3beb0a2,cb5e860865c516f8,65+,OTHER,mild,2026-09-01T10:35:00,ehr
PS-HEB-001,Hebron,31.5326,35.0998,d3391f64b3beb0a2,6eeb2c607f1d10c3,18-49,OTHER,mild,2026-09-01T13:58:00,ehr
PS-HEB-001,Hebron,31.5326,35.0998,7c5d3d710b7ca6a2,938416440cda615e,18-49,OTHER,mild,2026-09-01T12:21:00,ehr
PS-HEB-002,Hebron,31.545,35.087,3000fc3d8d01f75a,e16643f1e4bca7c4,5-17,ILI,mild,2026-09-01T14:39:00,lab
PS-HEB-002,Hebron,31.545,35.087,d1fda43bf12417c4,90d8ca4775a24d91,18-49,ILI,mild,2026-09-01T09:13:00,ehr
PS-HEB-002,Hebron,31.545,35.087,3000fc3d8d01f75a,4a2d2aa808bb28a5,50-64,ILI,mild,2026-09-01T15:59:00,ehr
PS-HEB-002,Hebron,31.545,35.087,3000fc3d8d01f75a,dce202ad10cf13cd,18-49,ILI,mild,2026-09-01T14:40:00,pharmacy
PS-HEB-002,Hebron,31.545,35.087,d1fda43bf12417c4,d0fd9332cd82a32a,0-4,ILI,mild,2026-09-01T08:56:00,ehr
PS-HEB-002,Hebron,31.545,35.087,9b34d36ec3c96b37,a8101d598beedbb9,0-4,AGE,severe,2026-09-01T14:49:00,ehr
PS-HEB-002,Hebron,31.545,35.087,9b34d36ec3c96b37,fb614706eebc6458,0-4,ARI,moderate,2026-09-01T18:28:00,ehr
PS-HEB-002,Hebron,31.545,35.087,9b34d36ec3c96b37,e912365b987763a4,18-49,ARI,mild,2026-09-01T17:01:00,ehr
PS-HEB-002,Hebron,31.545,35.087,3000fc3d8d01f75a,7c81d20ff2ed95a4,18-49,ARI,mild,2026-09-01T12:52:00,ehr
PS-HEB-002,Hebron,31.545,35.087,b828601a5432663a,5fb122a01dbf90b9,18-49,ARI,mild,2026-09-01T07:57:00,ehr
PS-HEB-002,Hebron,31.545,35.087,3000fc3d8d01f75a,871d282439274d68,50-64,ARI,mild,2026-09-01T19:50:00,ehr
PS-HEB-002,Hebron,31.545,35.087,b828601a5432663a,22147ba728eab8f0,0-4,ARI,mild,2026-09-01T20:26:00,ehr
PS-HEB-002,Hebron,31.545,35.087,d1fda43bf12417c4,9ecffd7fa535ad0f,50-64,ARI,mild,2026-09-01T20:46:00,pharmacy
PS-HEB-002,Hebron,31.545,35.087,3000fc3d8d01f75a,dc2393d514ff26b6,0-4,ARI,mild,2026-09-01T11:28:00,lab
PS-HEB-002,Hebron,31.545,35.087,9b34d36ec3c96b37,f4ce28f90abe9a49,18-49,ARI,moderate,2026-09-01T08:48:00,lab
PS-HEB-002,Hebron,31.545,35.087,b828601a5432663a,f2077e03ccee1d14,65+,FEVER_RASH,moderate,2026-09-01T16:35:00,pharmacy
PS-HEB-002,Hebron,31.545,35.087,b828601a5432663a,6a1b5af92a2d2c4b,50-64,FEVER_RASH,mild,2026-09-01T17:23:00,ehr
PS-HEB-002,Hebron,31.545,35.087,d1fda43bf12417c4,390bd1e80b1485be,65+,JAUNDICE,moderate,2026-09-01T11:43:00,ehr
PS-HEB-002,Hebron,31.545,35.087,b828601a5432663a,4bf7a2576cab67c6,0-4,JAUNDICE,mild,2026-09-01T10:44:00,ehr
PS-HEB-002,Hebron,31.545,35.087,b828601a5432663a,17a608eba4b0cb0c,18-49,JAUNDICE,mild,2026-09-01T10:27:00,ehr
PS-HEB-002,Hebron,31.545,35.087,3000fc3d8d01f75a,cccce4bdfd3b2b72,18-49,MENINGITIS_LIKE,moderate,2026-09-01T08:04:00,ehr
PS-HEB-002,Hebron,31.545,35.087,d1fda43bf12417c4,3fcc29c89c1f0a64,65+,OTHER,mild,2026-09-01T16:39:00,ehr
PS-HEB-002,Hebron,31.545,35.087,3000fc3d8d01f75a,2a2f0dc42a623437,0-4,OTHER,mild,2026-09-01T12:43:00,ehr
PS-HEB-002,Hebron,31.545,35.087,9b34d36ec3c96b37,29f93a975bfe30a9,65+,OTHER,mild,2026-09-01T07:03:00,pharmacy
PS-HEB-002,Hebron,31.545,35.087,b828601a5432663a,7127bf34d641e862,18-49,OTHER,mild,2026-09-01T07:41:00,pharmacy
PS-HEB-002,Hebron,31.545,35.087,9b34d36ec3c96b37,f4b8b214143ad465,18-49,OTHER,mild,2026-09-01T07:04:00,ehr
PS-RAM-001,Ramallah,31.9038,35.2034,865eea42f5c6ccea,c75363565816243d,18-49,ILI,mild,2026-09-01T14:32:00,ehr
PS-RAM-001,Ramallah,31.9038,35.2034,865eea42f5c6ccea,3f1065da2c9d4bdb,5-17,ILI,mild,2026-09-01T17:12:00,ehr
PS-RAM-001,Ramallah,31.9038,35.2034,4dc3b3d585035dae,21c9f5a69c687a45,0-4,ILI,mild,2026-09-01T20:14:00,lab
PS-RAM-001,Ramallah,31.9038,35.2034,2c531e40a3a7ce8c,56854c237b2fc4a5,5-17,ILI,mild,2026-09-01T19:54:00,ehr
PS-RAM-001,Ramallah,31.9038,35.2034,4dc3b3d585035dae,944f1435be4519d3,0-4,ILI,mild,2026-09-01T17:22:00,lab
PS-RAM-001,Ramallah,31.9038,35.2034,2c531e40a3a7ce8c,d93c7e687e2580f2,50-64,ILI,mild,2026-09-01T12:16:00,ehr
PS-RAM-001,Ramallah,31.9038,35.2034,865eea42f5c6ccea,81773243b3f0739e,5-17,ILI,mild,2026-09-01T14:34:00,ehr
PS-RAM-001,Ramallah,31.9038,35.2034,2c531e40a3a7ce8c,2f26c826f9489f0d,5-17,ILI,mild,2026-09-01T17:36:00,ehr
PS-RAM-001,Ramallah,31.9038,35.2034,4dc3b3d585035dae,7b2a0dd41c878ab0,0-4,ILI,moderate,2026-09-01T20:06:00,pharmacy
PS-RAM-001,Ramallah,31.9038,35.2034,d4bc341fd534ad06,c02a8ee9f549cda3,50-64,ILI,mild,2026-09-01T07:41:00,ehr
PS-RAM-001,Ramallah,31.9038,35.2034,d4bc341fd534ad06,a3156022450346e6,18-49,ILI,mild,2026-09-01T07:40:00,ehr
PS-RAM-001,Ramallah,31.9038,35.2034,d4bc341fd534ad06,7728ac49fcb9038c,5-17,ARI,mild,2026-09-01T13:25:00,ehr
PS-RAM-001,Ramallah,31.9038,35.2034,865eea42f5c6ccea,4a7bb6da6055dada,65+,ARI,moderate,2026-09-01T11:57:00,lab
PS-RAM-001,Ramallah,31.9038,35.2034,d4bc341fd534ad06,aec24ca1f27744ec,5-17,ARI,mild,2026-09-01T12:48:00,ehr
PS-RAM-001,Ramallah,31.9038,35.2034,d4bc341fd534ad06,b4103e98c48e670b,5-17,ARI,mild,2026-09-01T08:10:00,ehr
PS-RAM-001,Ramallah,31.9038,35.2034,d4bc341fd534ad06,3706ea8f890a7b12,18-49,ARI,moderate,2026-09-01T20:15:00,ehr
PS-RAM-001,Ramallah,31.9038,35.2034,d4bc341fd534ad06,0fc473849a498d92,5-17,ARI,mild,2026-09-01T18:09:00,ehr
PS-RAM-001,Ramallah,31.9038,35.2034,d4bc341fd534ad06,d75243d28fec7de8,50-64,ARI,mild,2026-09-01T11:29:00,ehr
PS-RAM-001,Ramallah,31.9038,35.2034,d4bc341fd534ad06,4db79b43965945b7,0-4,ARI,moderate,2026-09-01T07:58:00,ehr
PS-RAM-001,Ramallah,31.9038,35.2034,4dc3b3d585035dae,8a408cc6ba5dd974,5-17,ARI,mild,2026-09-01T10:45:00,ehr
PS-RAM-001,Ramallah,31.9038,35.2034,2c531e40a3a7ce8c,892dc0977e91a49e,0-4,ARI,moderate,2026-09-01T08:41:00,pharmacy
PS-RAM-001,Ramallah,31.9038,35.2034,d4bc341fd534ad06,7b337a675734ff30,18-49,ARI,mild,2026-09-01T19:07:00,pharmacy
PS-RAM-001,Ramallah,31.9038,35.2034,4dc3b3d585035dae,4d4194f94772eebd,50-64,FEVER_RASH,mild,2026-09-01T08:27:00,ehr
PS-RAM-001,Ramallah,31.9038,35.2034,d4bc341fd534ad06,04e550acf6e8f97f,18-49,OTHER,mild,2026-09-01T12:36:00,ehr
PS-RAM-001,Ramallah,31.9038,35.2034,4dc3b3d585035dae,563f84692546f092,18-49,OTHER,moderate,2026-09-01T13:35:00,ehr
PS-RAM-001,Ramallah,31.9038,35.2034,2c531e40a3a7ce8c,40fd3fc167b759df,0-4,OTHER,severe,2026-09-01T10:30:00,pharmacy
PS-RAM-001,Ramallah,31.9038,35.2034,d4bc341fd534ad06,c3a4f18e7f102c09,50-64,OTHER,moderate,2026-09-01T09:32:00,ehr
PS-RAM-001,Ramallah,31.9038,35.2034,865eea42f5c6ccea,43d401493e06fcdd,50-64,OTHER,mild,2026-09-01T12:56:00,pharmacy
PS-RAM-001,Ramallah,31.9038,35.2034,d4bc341fd534ad06,0f88fa6be6f6a0d5,5-17,OTHER,mild,2026-09-01T09:10:00,pharmacy
PS-RAM-001,Ramallah,31.9038,35.2034,865eea42f5c6ccea,a6a98ca84d6061bd,18-49,OTHER,mild,2026-09-01T10:39:00,ehr
PS-RAM-001,Ramallah,31.9038,35.2034,2c531e40a3a7ce8c,000d65437b4c894a,0-4,OTHER,mild,2026-09-01T09:42:00,ehr
PS-NAB-001,Nablus,32.2211,35.2544,62c116f8ada8f79a,9964a5168c988efb,65+,ILI,moderate,2026-09-01T10:46:00,ehr
PS-NAB-001,Nablus,32.2211,35.2544,c9eef5119a779be2,8141a1898def1fb2,18-49,ILI,moderate,2026-09-01T08:26:00,ehr
PS-NAB-001,Nablus,32.2211,35.2544,2e49f94506905ef7,11e6328390af4de4,0-4,ILI,mild,2026-09-01T17:08:00,ehr
PS-NAB-001,Nablus,32.2211,35.2544,62c116f8ada8f79a,eb7d0c5ee94c5b74,5-17,ILI,mild,2026-09-01T11:59:00,lab
PS-NAB-001,Nablus,32.2211,35.2544,62c116f8ada8f79a,3fca46c523375111,18-49,ILI,mild,2026-09-01T14:22:00,ehr
PS-NAB-001,Nablus,32.2211,35.2544,2e49f94506905ef7,00af793fa317888b,50-64,ILI,moderate,2026-09-01T18:12:00,pharmacy
PS-NAB-001,Nablus,32.2211,35.2544,c9eef5119a779be2,43d34b71d8e2a833,50-64,AGE,mild,2026-09-01T08:26:00,lab
PS-NAB-001,Nablus,32.2211,35.2544,2e49f94506905ef7,613bbb515d5ec0d3,5-17,AGE,moderate,2026-09-01T10:00:00,ehr
PS-NAB-001,Nablus,32.2211,35.2544,ce0af50d2ab5f724,07ad63eb518ea9b1,18-49,AGE,mild,2026-09-01T20:28:00,pharmacy
PS-NAB-001,Nablus,32.2211,35.2544,62c116f8ada8f79a,75bb3e50c42bbd71,0-4,AGE,mild,2026-09-01T08:39:00,ehr
PS-NAB-001,Nablus,32.2211,35.2544,2e49f94506905ef7,6c85e77cc2d9a9c2,18-49,AGE,moderate,2026-09-01T17:10:00,ehr
PS-NAB-001,Nablus,32.2211,35.2544,62c116f8ada8f79a,2dbfc78d30315c4a,18-49,ARI,severe,2026-09-01T16:02:00,ehr
PS-NAB-001,Nablus,32.2211,35.2544,2e49f94506905ef7,6f2383c33d87ebb9,5-17,ARI,moderate,2026-09-01T08:50:00,pharmacy
PS-NAB-001,Nablus,32.2211,35.2544,2e49f94506905ef7,4e05e5bd20ff15f6,18-49,ARI,mild,2026-09-01T20:17:00,ehr
PS-NAB-001,Nablus,32.2211,35.2544,62c116f8ada8f79a,0f98dc2e4a97fae7,65+,ARI,mild,2026-09-01T16:05:00,ehr
PS-NAB-001,Nablus,32.2211,35.2544,c9eef5119a779be2,110f43ab61005b22,18-49,ARI,moderate,2026-09-01T15:03:00,lab
PS-NAB-001,Nablus,32.2211,35.2544,ce0af50d2ab5f724,d8ba5f209f45b822,18-49,FEVER_RASH,moderate,2026-09-01T20:58:00,ehr
PS-NAB-001,Nablus,32.2211,35.2544,ce0af50d2ab5f724,c4c32a6152a48bcf,5-17,MENINGITIS_LIKE,mild,2026-09-01T09:05:00,pharmacy
PS-NAB-001,Nablus,32.2211,35.2544,2e49f94506905ef7,cb2fa5eb62cf4eb3,18-49,OTHER,mild,2026-09-01T11:19:00,ehr
PS-NAB-001,Nablus,32.2211,35.2544,62c116f8ada8f79a,5fec613dc9e7ce9e,18-49,OTHER,mild,2026-09-01T17:19:00,ehr
PS-NAB-001,Nablus,32.2211,35.2544,ce0af50d2ab5f724,0fe95164d3cd1780,5-17,OTHER,mild,2026-09-01T07:19:00,ehr
PS-NAB-001,Nablus,32.2211,35.2544,ce0af50d2ab5f724,90b1e5556ab3a04f,50-64,OTHER,mild,2026-09-01T13:08:00,ehr
PS-NAB-001,Nablus,32.2211,35.2544,62c116f8ada8f79a,57d64e77c63e4323,50-64,OTHER,mild,2026-09-01T09:16:00,ehr
PS-NAB-001,Nablus,32.2211,35.2544,c9eef5119a779be2,c812ec540e4a94c8,5-17,OTHER,mild,2026-09-01T17:35:00,pharmacy
PS-NAB-001,Nablus,32.2211,35.2544,2e49f94506905ef7,6f6829838bc4f4c9,18-49,OTHER,mild,2026-09-01T20:32:00,pharmacy
PS-NAB-001,Nablus,32.2211,35.2544,2e49f94506905ef7,20e7dfe7d0794914,18-49,OTHER,moderate,2026-09-01T17:39:00,ehr
PS-NAB-001,Nablus,32.2211,35.2544,c9eef5119a779be2,d6b0971a24b5e0f3,50-64,OTHER,moderate,2026-09-01T17:15:00,pharmacy
PS-NAB-001,Nablus,32.2211,35.2544,ce0af50d2ab5f724,1701a927c7a21380,5-17,OTHER,mild,2026-09-01T16:43:00,ehr
PS-NAB-001,Nablus,32.2211,35.2544,62c116f8ada8f79a,dabe7dd04d6fc561,18-49,OTHER,severe,2026-09-01T19:15:00,ehr
PS-NAB-001,Nablus,32.2211,35.2544,c9eef5119a779be2,ea0de0c0621ca4ba,18-49,OTHER,mild,2026-09-01T14:11:00,ehr
PS-NAB-001,Nablus,32.2211,35.2544,c9eef5119a779be2,456b1b0ed2d5da5b,65+,OTHER,moderate,2026-09-01T10:15:00,ehr
PS-BET-001,Bethlehem,31.7054,35.2024,2ee779d7897ae9a5,55cd4c9bf45226e0,50-64,ILI,mild,2026-09-01T08:45:00,lab
PS-BET-001,Bethlehem,31.7054,35.2024,2ee779d7897ae9a5,89fc486ee8014914,5-17,ILI,mild,2026-09-01T07:23:00,lab
PS-BET-001,Bethlehem,31.7054,35.2024,2ee779d7897ae9a5,0d29e6f82e355023,18-49,ILI,moderate,2026-09-01T18:36:00,lab
PS-BET-001,Bethlehem,31.7054,35.2024,2ee779d7897ae9a5,f2c8fb3446e9e5fb,18-49,ILI,moderate,2026-09-01T16:45:00,ehr
PS-BET-001,Bethlehem,31.7054,35.2024,0a12ccb2fb499cd0,c30a5b1f25726645,18-49,ILI,mild,2026-09-01T10:23:00,ehr
PS-BET-001,Bethlehem,31.7054,35.2024,53365b5018ccb30a,b1e58cb148dbba9c,65+,AGE,mild,2026-09-01T13:24:00,ehr
PS-BET-001,Bethlehem,31.7054,35.2024,2ee779d7897ae9a5,16be6310d6a7c956,5-17,ARI,mild,2026-09-01T09:21:00,ehr
PS-BET-001,Bethlehem,31.7054,35.2024,2ee779d7897ae9a5,d8df9e3d68561e27,18-49,ARI,moderate,2026-09-01T16:21:00,ehr
PS-BET-001,Bethlehem,31.7054,35.2024,0a12ccb2fb499cd0,82309296734f3e88,5-17,ARI,moderate,2026-09-01T19:25:00,pharmacy
PS-BET-001,Bethlehem,31.7054,35.2024,2ee779d7897ae9a5,037ddd7444bc1844,50-64,ARI,mild,2026-09-01T13:25:00,ehr
PS-BET-001,Bethlehem,31.7054,35.2024,2ee779d7897ae9a5,6d999e53d74f1add,0-4,ARI,mild,2026-09-01T07:29:00,pharmacy
PS-BET-001,Bethlehem,31.7054,35.2024,2ee779d7897ae9a5,80dbcd5551b8306e,0-4,JAUNDICE,mild,2026-09-01T13:07:00,ehr
PS-BET-001,Bethlehem,31.7054,35.2024,0a12ccb2fb499cd0,132bea664e87fa81,65+,OTHER,moderate,2026-09-01T10:50:00,ehr
PS-BET-001,Bethlehem,31.7054,35.2024,2ee779d7897ae9a5,03569a7217985568,5-17,OTHER,moderate,2026-09-01T19:20:00,lab
PS-JEN-001,Jenin,32.4597,35.2951,0747c175e69e0dff,f3228d2b33ea9477,0-4,ILI,moderate,2026-09-01T19:29:00,ehr
PS-JEN-001,Jenin,32.4597,35.2951,02322af968c6062f,12ea8e6d04781b78,18-49,ILI,mild,2026-09-01T07:34:00,ehr
PS-JEN-001,Jenin,32.4597,35.2951,02322af968c6062f,4f0d769560f7bc2d,0-4,ILI,moderate,2026-09-01T09:09:00,lab
PS-JEN-001,Jenin,32.4597,35.2951,c0d662d41ad4a594,afbb23992c678c6f,5-17,AGE,mild,2026-09-01T08:58:00,ehr
PS-JEN-001,Jenin,32.4597,35.2951,0747c175e69e0dff,24e4907f8b8ad83a,18-49,AGE,moderate,2026-09-01T18:57:00,lab
PS-JEN-001,Jenin,32.4597,35.2951,d723f8382af3d058,999df461c41928c4,0-4,ARI,mild,2026-09-01T17:56:00,ehr
PS-JEN-001,Jenin,32.4597,35.2951,02322af968c6062f,89f10093c485e301,18-49,ARI,mild,2026-09-01T20:41:00,ehr
PS-JEN-001,Jenin,32.4597,35.2951,0747c175e69e0dff,b9b835180ffa581f,5-17,ARI,mild,2026-09-01T18:52:00,lab
PS-JEN-001,Jenin,32.4597,35.2951,d723f8382af3d058,9962c7a0c767cf8b,18-49,ARI,mild,2026-09-01T09:36:00,ehr
PS-JEN-001,Jenin,32.4597,35.2951,02322af968c6062f,9bb6961fed0c3ac9,0-4,FEVER_RASH,moderate,2026-09-01T10:29:00,ehr
PS-JEN-001,Jenin,32.4597,35.2951,c0d662d41ad4a594,0455ac93841ccdc1,50-64,FEVER_RASH,moderate,2026-09-01T19:40:00,pharmacy
PS-JEN-001,Jenin,32.4597,35.2951,02322af968c6062f,c624d03514e96d5b,0-4,JAUNDICE,moderate,2026-09-01T12:20:00,lab
PS-JEN-001,Jenin,32.4597,35.2951,0747c175e69e0dff,f1434b212978f712,18-49,JAUNDICE,mild,2026-09-01T20:43:00,ehr
PS-JEN-001,Jenin,32.4597,35.2951,d723f8382af3d058,ec017a9113927de0,0-4,OTHER,mild,2026-09-01T10:07:00,pharmacy
PS-JEN-001,Jenin,32.4597,35.2951,02322af968c6062f,669e52ef38bdc030,50-64,OTHER,mild,2026-09-01T18:50:00,lab
PS-JEN-001,Jenin,32.4597,35.2951,02322af968c6062f,9cf8f513743a9f6b,18-49,OTHER,mild,2026-09-01T15:51:00,ehr
PS-JEN-001,Jenin,32.4597,35.2951,0747c175e69e0dff,ad1cfe077176c6c4,5-17,OTHER,mild,2026-09-01T10:07:00,ehr
PS-JEN-001,Jenin,32.4597,35.2951,d723f8382af3d058,26fb125a69eeb6df,5-17,OTHER,moderate,2026-09-01T15:49:00,pharmacy
PS-JEN-001,Jenin,32.4597,35.2951,d723f8382af3d058,98fb81c8183afc1b,50-64,OTHER,mild,2026-09-01T17:11:00,ehr
PS-JEN-001,Jenin,32.4597,35.2951,0747c175e69e0dff,b8027f98ac465fb2,50-64,OTHER,mild,2026-09-01T16:22:00,ehr
PS-HEB-001,Hebron,31.5326,35.0998,e3dff89ada235d59,6b2ec60a3a6837d7,50-64,ILI,mild,2026-09-02T14:14:00,ehr
PS-HEB-001,Hebron,31.5326,35.0998,d3391f64b3beb0a2,ae54d24374529891,50-64,ILI,mild,2026-09-02T07:18:00,ehr
PS-HEB-001,Hebron,31.5326,35.0998,e3dff89ada235d59,1a25aaabfa0ec6b8,0-4,ILI,mild,2026-09-02T19:22:00,ehr
PS-HEB-001,Hebron,31.5326,35.0998,7c5d3d710b7ca6a2,0aabae3c01df07fb,18-49,ILI,mild,2026-09-02T15:22:00,ehr
PS-HEB-001,Hebron,31.5326,35.0998,7c5d3d710b7ca6a2,57a66869c3beb948,18-49,ILI,mild,2026-09-02T15:29:00,lab
PS-HEB-001,Hebron,31.5326,35.0998,e3dff89ada235d59,bfd79f501e524a28,50-64,AGE,mild,2026-09-02T19:07:00,ehr
PS-HEB-001,Hebron,31.5326,35.0998,f17af80950dde2c9,943e46a525979f05,0-4,AGE,mild,2026-09-02T08:00:00,ehr
PS-HEB-001,Hebron,31.5326,35.0998,e3dff89ada235d59,9e0baf8375703ced,18-49,ARI,severe,2026-09-02T15:14:00,lab
PS-HEB-001,Hebron,31.5326,35.0998,f17af80950dde2c9,c3fd2389904d8586,50-64,ARI,moderate,2026-09-02T17:50:00,pharmacy
PS-HEB-001,Hebron,31.5326,35.0998,f17af80950dde2c9,8210931e1afd5f1d,18-49,ARI,mild,2026-09-02T20:16:00,ehr
PS-HEB-001,Hebron,31.5326,35.0998,e3dff89ada235d59,ca16af6bdce296dc,65+,ARI,severe,2026-09-02T09:09:00,ehr
PS-HEB-001,Hebron,31.5326,35.0998,7c5d3d710b7ca6a2,efe29646ddeaa29a,18-49,JAUNDICE,moderate,2026-09-02T18:32:00,ehr
PS-HEB-001,Hebron,31.5326,35.0998,d3391f64b3beb0a2,465d16a7a2a37334,18-49,MENINGITIS_LIKE,mild,2026-09-02T11:09:00,pharmacy
PS-HEB-001,Hebron,31.5326,35.0998,e3dff89ada235d59,f2e66e09d5922d6b,5-17,OTHER,severe,2026-09-02T17:40:00,lab
PS-HEB-001,Hebron,31.5326,35.0998,e3dff89ada235d59,3f1728a8938e7308,50-64,OTHER,mild,2026-09-02T07:24:00,ehr
PS-HEB-001,Hebron,31.5326,35.0998,7c5d3d710b7ca6a2,25b84a1c436d92da,50-64,OTHER,mild,2026-09-02T10:23:00,lab
PS-HEB-001,Hebron,31.5326,35.0998,e3dff89ada235d59,472e0693faec1080,0-4,OTHER,mild,2026-09-02T20:51:00,pharmacy
PS-HEB-001,Hebron,31.5326,35.0998,f17af80950dde2c9,908651db4401798f,18-49,OTHER,mild,2026-09-02T07:17:00,ehr
PS-HEB-001,Hebron,31.5326,35.0998,7c5d3d710b7ca6a2,0bdf7e1b0ef43a92,18-49,OTHER,mild,2026-09-02T20:15:00,pharmacy
PS-HEB-001,Hebron,31.5326,35.0998,7c5d3d710b7ca6a2,0df7d2a1246f99c2,18-49,OTHER,mild,2026-09-02T11:49:00,ehr
PS-HEB-001,Hebron,31.5326,35.0998,e3dff89ada235d59,010ee85f162e667b,50-64,OTHER,mild,2026-09-02T17:04:00,ehr
PS-HEB-001,Hebron,31.5326,35.0998,d3391f64b3beb0a2,f4b7634a41dd716d,18-49,OTHER,mild,2026-09-02T15:50:00,lab
PS-HEB-001,Hebron,31.5326,35.0998,f17af80950dde2c9,5d17c8619634007b,0-4,OTHER,moderate,2026-09-02T17:23:00,lab
PS-HEB-001,Hebron,31.5326,35.0998,d3391f64b3beb0a2,eb25b3b5a63aa366,5-17,OTHER,mild,2026-09-02T07:23:00,ehr
PS-HEB-001,Hebron,31.5326,35.0998,7c5d3d710b7ca6a2,e620bc7762614be5,5-17,OTHER,mild,2026-09-02T17:42:00,ehr
PS-HEB-001,Hebron,31.5326,35.0998,d3391f64b3beb0a2,41c8ad3977d3bf94,5-17,OTHER,mild,2026-09-02T08:04:00,pharmacy
PS-HEB-002,Hebron,31.545,35.087,d1fda43bf12417c4,0b1a235dfa3d9d15,18-49,ILI,mild,2026-09-02T18:24:00,lab
PS-HEB-002,Hebron,31.545,35.087,d1fda43bf12417c4,1e886e691305bf8b,0-4,ILI,moderate,2026-09-02T12:51:00,ehr
PS-HEB-002,Hebron,31.545,35.087,d1fda43bf12417c4,037e1f1b94011ef6,18-49,ILI,mild,2026-09-02T07:16:00,ehr
PS-HEB-002,Hebron,31.545,35.087,9b34d36ec3c96b37,dd254c9a58d90005,0-4,ILI,moderate,2026-09-02T08:39:00,ehr
PS-HEB-002,Hebron,31.545,35.087,b828601a5432663a,ae665a8df4080667,65+,ILI,mild,2026-09-02T09:19:00,lab
PS-HEB-002,Hebron,31.545,35.087,9b34d36ec3c96b37,375fea8064bc7c55,18-49,ILI,mild,2026-09-02T16:25:00,lab
PS-HEB-002,Hebron,31.545,35.087,9b34d36ec3c96b37,9cab87c313ddf891,5-17,ILI,mild,2026-09-02T07:36:00,lab
PS-HEB-002,Hebron,31.545,35.087,b828601a5432663a,dc7b695c63e13641,50-64,AGE,severe,2026-09-02T14:14:00,ehr
PS-HEB-002,Hebron,31.545,35.087,9b34d36ec3c96b37,9e378e9090927cc3,18-49,AGE,mild,2026-09-02T09:28:00,ehr
PS-HEB-002,Hebron,31.545,35.087,9b34d36ec3c96b37,1a2c05fec49b751c,18-49,AGE,mild,2026-09-02T18:36:00,ehr
PS-HEB-002,Hebron,31.545,35.087,3000fc3d8d01f75a,4b25bd86dbe67c17,5-17,ARI,mild,2026-09-02T17:43:00,lab
PS-HEB-002,Hebron,31.545,35.087,d1fda43bf12417c4,40880c4f995f939c,0-4,ARI,mild,2026-09-02T12:19:00,pharmacy
PS-HEB-002,Hebron,31.545,35.087,d1fda43bf12417c4,a4f2249bad68401c,5-17,ARI,mild,2026-09-02T17:21:00,ehr
PS-HEB-002,Hebron,31.545,35.087,b828601a5432663a,f208cc0602306156,5-17,ARI,mild,2026-09-02T08:37:00,ehr
PS-HEB-002,Hebron,31.545,35.087,9b34d36ec3c96b37,36a6094dcffd6506,5-17,ARI,mild,2026-09-02T14:51:00,lab
PS-HEB-002,Hebron,31.545,35.087,3000fc3d8d01f75a,29c4650ebfdc49f2,18-49,ARI,moderate,2026-09-02T19:58:00,ehr
PS-HEB-002,Hebron,31.545,35.087,9b34d36ec3c96b37,aeb33d63c301e56e,18-49,ARI,mild,2026-09-02T09:26:00,lab
PS-HEB-002,Hebron,31.545,35.087,3000fc3d8d01f75a,06aa98767c4c8b2c,18-49,ARI,mild,2026-09-02T14:25:00,ehr
PS-HEB-002,Hebron,31.545,35.087,d1fda43bf12417c4,6cfa2b75df0c24dd,18-49,ARI,mild,2026-09-02T08:26:00,ehr
PS-HEB-002,Hebron,31.545,35.087,d1fda43bf12417c4,231f8b1e1cabc37d,5-17,MENINGITIS_LIKE,mild,2026-09-02T07:26:00,lab
PS-HEB-002,Hebron,31.545,35.087,9b34d36ec3c96b37,8a17987ebfeece2b,18-49,OTHER,severe,2026-09-02T13:17:00,lab
PS-HEB-002,Hebron,31.545,35.087,3000fc3d8d01f75a,76b179ac1e511172,0-4,OTHER,mild,2026-09-02T08:07:00,ehr
PS-HEB-002,Hebron,31.545,35.087,b828601a5432663a,64a7fbe20bb9e358,18-49,OTHER,mild,2026-09-02T12:13:00,ehr
PS-HEB-002,Hebron,31.545,35.087,3000fc3d8d01f75a,d0d9061fc8e1dc81,0-4,OTHER,mild,2026-09-02T09:23:00,lab
PS-HEB-002,Hebron,31.545,35.087,d1fda43bf12417c4,4dc0b489fbb6851f,18-49,OTHER,mild,2026-09-02T13:43:00,ehr
PS-HEB-002,Hebron,31.545,35.087,3000fc3d8d01f75a,e7731528d45cc1b4,50-64,OTHER,mild,2026-09-02T20:20:00,pharmacy
PS-HEB-002,Hebron,31.545,35.087,3000fc3d8d01f75a,d75713e2ef484193,18-49,OTHER,mild,2026-09-02T20:36:00,ehr
PS-HEB-002,Hebron,31.545,35.087,9b34d36ec3c96b37,b4b5daa4a62c071a,5-17,OTHER,severe,2026-09-02T13:42:00,ehr
PS-HEB-002,Hebron,31.545,35.087,3000fc3d8d01f75a,6b3ec31f77d8a151,18-49,OTHER,mild,2026-09-02T20:57:00,ehr
PS-RAM-001,Ramallah,31.9038,35.2034,4dc3b3d585035dae,85271d406356a57b,18-49,ILI,moderate,2026-09-02T11:39:00,pharmacy
PS-RAM-001,Ramallah,31.9038,35.2034,2c531e40a3a7ce8c,5123983d8660b835,50-64,ILI,moderate,2026-09-02T10:48:00,ehr
PS-RAM-001,Ramallah,31.9038,35.2034,d4bc341fd534ad06,37433c7aba4bbb0a,5-17,ILI,mild,2026-09-02T11:37:00,ehr
PS-RAM-001,Ramallah,31.9038,35.2034,4dc3b3d585035dae,15279c0a154dd190,18-49,ILI,mild,2026-09-02T13:16:00,pharmacy
PS-RAM-001,Ramallah,31.9038,35.2034,2c531e40a3a7ce8c,aec4e9a02e8b7380,0-4,ILI,mild,2026-09-02T09:09:00,lab
PS-RAM-001,Ramallah,31.9038,35.2034,d4bc341fd534ad06,107d9f60a8fadf01,18-49,ILI,mild,2026-09-02T09:38:00,pharmacy
PS-RAM-001,Ramallah,31.9038,35.2034,865eea42f5c6ccea,9f562134b9f8f344,0-4,ILI,mild,2026-09-02T17:52:00,ehr
PS-RAM-001,Ramallah,31.9038,35.2034,d4bc341fd534ad06,b7c9fcde7c447442,0-4,ILI,mild,2026-09-02T19:36:00,ehr
PS-RAM-001,Ramallah,31.9038,35.2034,4dc3b3d585035dae,44fcd4b32f5bbe4b,18-49,ILI,mild,2026-09-02T20:30:00,pharmacy
PS-RAM-001,Ramallah,31.9038,35.2034,865eea42f5c6ccea,640642af16006f97,18-49,ILI,moderate,2026-09-02T12:12:00,ehr
PS-RAM-001,Ramallah,31.9038,35.2034,2c531e40a3a7ce8c,0a93fc2b79c68c55,50-64,ILI,mild,2026-09-02T12:30:00,ehr
PS-RAM-001,Ramallah,31.9038,35.2034,865eea42f5c6ccea,c2ffeb735938c013,5-17,AGE,mild,2026-09-02T07:02:00,ehr
PS-RAM-001,Ramallah,31.9038,35.2034,2c531e40a3a7ce8c,02148fd93446aff7,18-49,ARI,moderate,2026-09-02T18:39:00,ehr
PS-RAM-001,Ramallah,31.9038,35.2034,865eea42f5c6ccea,098bd60eb91f699b,0-4,ARI,moderate,2026-09-02T18:55:00,ehr
PS-RAM-001,Ramallah,31.9038,35.2034,d4bc341fd534ad06,59e938ed94449e1d,5-17,ARI,mild,2026-09-02T18:55:00,ehr
PS-RAM-001,Ramallah,31.9038,35.2034,d4bc341fd534ad06,9efabb8af65a721c,5-17,ARI,mild,2026-09-02T15:45:00,lab
PS-RAM-001,Ramallah,31.9038,35.2034,d4bc341fd534ad06,3044cc63f9f96a59,65+,ARI,mild,2026-09-02T07:35:00,pharmacy
PS-RAM-001,Ramallah,31.9038,35.2034,4dc3b3d585035dae,c116f856eb874fe7,5-17,ARI,mild,2026-09-02T16:13:00,ehr
PS-RAM-001,Ramallah,31.9038,35.2034,865eea42f5c6ccea,821e332b9a67b514,18-49,ARI,mild,2026-09-02T10:16:00,ehr
PS-RAM-001,Ramallah,31.9038,35.2034,865eea42f5c6ccea,6c0cbb27ea908004,0-4,ARI,mild,2026-09-02T10:59:00,ehr
PS-RAM-001,Ramallah,31.9038,35.2034,d4bc341fd534ad06,cbd4ba4152b98a93,5-17,ARI,mild,2026-09-02T10:53:00,ehr
PS-RAM-001,Ramallah,31.9038,35.2034,2c531e40a3a7ce8c,749e3e6618677019,5-17,FEVER_RASH,mild,2026-09-02T07:54:00,ehr
PS-RAM-001,Ramallah,31.9038,35.2034,2c531e40a3a7ce8c,4128ed48c93000c2,18-49,FEVER_RASH,mild,2026-09-02T11:26:00,ehr
PS-RAM-001,Ramallah,31.9038,35.2034,d4bc341fd534ad06,63c256daff491db1,50-64,OTHER,mild,2026-09-02T17:51:00,ehr
PS-RAM-001,Ramallah,31.9038,35.2034,865eea42f5c6ccea,479fd04b6dfb743a,18-49,OTHER,moderate,2026-09-02T07:35:00,pharmacy
PS-RAM-001,Ramallah,31.9038,35.2034,d4bc341fd534ad06,f67e940a96911caf,18-49,OTHER,severe,2026-09-02T20:17:00,ehr
PS-RAM-001,Ramallah,31.9038,35.2034,4dc3b3d585035dae,0ce8f66305159628,18-49,OTHER,severe,2026-09-02T19:41:00,lab
PS-RAM-001,Ramallah,31.9038,35.2034,d4bc341fd534ad06,fca448a3bded5ba1,5-17,OTHER,severe,2026-09-02T11:04:00,ehr
PS-RAM-001,Ramallah,31.9038,35.2034,865eea42f5c6ccea,28731b0d267881be,0-4,OTHER,mild,2026-09-02T10:53:00,ehr
PS-RAM-001,Ramallah,31.9038,35.2034,2c531e40a3a7ce8c,08a47beaf2895888,50-64,OTHER,mild,2026-09-02T07:10:00,ehr
PS-RAM-001,Ramallah,31.9038,35.2034,865eea42f5c6ccea,013016bc785db84f,5-17,OTHER,moderate,2026-09-02T13:25:00,ehr
PS-RAM-001,Ramallah,31.9038,35.2034,2c531e40a3a7ce8c,bf47501a818cc2e7,18-49,OTHER,mild,2026-09-02T10:12:00,ehr
PS-RAM-001,Ramallah,31.9038,35.2034,4dc3b3d585035dae,68b1efc8992c8af0,0-4,OTHER,mild,2026-09-02T07:08:00,ehr
PS-RAM-001,Ramallah,31.9038,35.2034,4dc3b3d585035dae,153cc398e9febc62,5-17,OTHER,mild,2026-09-02T10:13:00,ehr
PS-RAM-001,Ramallah,31.9038,35.2034,d4bc341fd534ad06,bb8e33f527b244b4,0-4,OTHER,mild,2026-09-02T13:29:00,lab
PS-NAB-001,Nablus,32.2211,35.2544,ce0af50d2ab5f724,39c03f348877fdf5,50-64,ILI,mild,2026-09-02T20:00:00,lab
PS-NAB-001,Nablus,32.2211,35.2544,c9eef5119a779be2,1a1621c7aa2013fb,18-49,ILI,mild,2026-09-02T16:39:00,ehr
PS-NAB-001,Nablus,32.2211,35.2544,c9eef5119a779be2,74b854103e0ac2f9,5-17,ILI,mild,2026-09-02T09:17:00,ehr
PS-NAB-001,Nablus,32.2211,35.2544,c9eef5119a779be2,801e82c25b86d583,50-64,ILI,mild,2026-09-02T10:47:00,ehr
PS-NAB-001,Nablus,32.2211,35.2544,62c116f8ada8f79a,bc849d9a22e1ccba,0-4,ILI,mild,2026-09-02T10:17:00,lab
PS-NAB-001,Nablus,32.2211,35.2544,2e49f94506905ef7,958f3202ba574350,0-4,ILI,moderate,2026-09-02T08:51:00,ehr
PS-NAB-001,Nablus,32.2211,35.2544,62c116f8ada8f79a,234e681abad6b074,5-17,ILI,moderate,2026-09-02T17:51:00,ehr
PS-NAB-001,Nablus,32.2211,35.2544,ce0af50d2ab5f724,91834e1bfd66f1e6,50-64,ILI,mild,2026-09-02T14:52:00,pharmacy
PS-NAB-001,Nablus,32.2211,35.2544,2e49f94506905ef7,7e947b89210a8b3b,50-64,ILI,mild,2026-09-02T14:46:00,lab
PS-NAB-001,Nablus,32.2211,35.2544,c9eef5119a779be2,82e83116d29cc187,18-49,AGE,mild,2026-09-02T12:52:00,pharmacy
PS-NAB-001,Nablus,32.2211,35.2544,c9eef5119a779be2,1db5f1ac8f54816b,0-4,AGE,mild,2026-09-02T20:11:00,pharmacy
PS-NAB-001,Nablus,32.2211,35.2544,ce0af50d2ab5f724,7189a80c7e37dbaf,5-17,AGE,mild,2026-09-02T10:34:00,ehr
PS-NAB-001,Nablus,32.2211,35.2544,62c116f8ada8f79a,66851afd63fc18b6,5-17,ARI,mild,2026-09-02T08:11:00,pharmacy
PS-NAB-001,Nablus,32.2211,35.2544,c9eef5119a779be2,f8c833e8918f64ba,18-49,ARI,moderate,2026-09-02T19:44:00,ehr
PS-NAB-001,Nablus,32.2211,35.2544,62c116f8ada8f79a,935c4c1c9eb190fb,65+,ARI,mild,2026-09-02T18:16:00,ehr
PS-NAB-001,Nablus,32.2211,35.2544,2e49f94506905ef7,0d735faa731e6b73,50-64,ARI,mild,2026-09-02T14:36:00,ehr
PS-NAB-001,Nablus,32.2211,35.2544,2e49f94506905ef7,9fe98b9f1a35a93e,18-49,ARI,severe,2026-09-02T08:03:00,ehr
PS-NAB-001,Nablus,32.2211,35.2544,c9eef5119a779be2,a863ed0b0bc86033,65+,FEVER_RASH,mild,2026-09-02T10:44:00,pharmacy
PS-NAB-001,Nablus,32.2211,35.2544,2e49f94506905ef7,19e39210a3b639b4,18-49,FEVER_RASH,mild,2026-09-02T07:42:00,lab
PS-NAB-001,Nablus,32.2211,35.2544,2e49f94506905ef7,cddeda1d0ed76afa,50-64,FEVER_RASH,moderate,2026-09-02T11:44:00,pharmacy
PS-NAB-001,Nablus,32.2211,35.2544,2e49f94506905ef7,ffe6a8f464da6cd6,18-49,FEVER_RASH,mild,2026-09-02T09:22:00,ehr
PS-NAB-001,Nablus,32.2211,35.2544,ce0af50d2ab5f724,22bbcf7302e01eff,0-4,OTHER,mild,2026-09-02T19:07:00,lab
PS-NAB-001,Nablus,32.2211,35.2544,c9eef5119a779be2,63bc8d9b7f39f482,5-17,OTHER,mild,2026-09-02T13:47:00,ehr
PS-NAB-001,Nablus,32.2211,35.2544,c9eef5119a779be2,9a7a228dae1687f8,50-64,OTHER,mild,2026-09-02T09:01:00,ehr
PS-NAB-001,Nablus,32.2211,35.2544,ce0af50d2ab5f724,b36eb8fa3606f399,18-49,OTHER,mild,2026-09-02T13:11:00,ehr
PS-NAB-001,Nablus,32.2211,35.2544,ce0af50d2ab5f724,995e3c090cf6dc7c,50-64,OTHER,mild,2026-09-02T16:56:00,ehr
PS-NAB-001,Nablus,32.2211,35.2544,2e49f94506905ef7,dc2e0a9518efaab0,18-49,OTHER,moderate,2026-09-02T18:47:00,ehr
PS-NAB-001,Nablus,32.2211,35.2544,c9eef5119a779be2,8590daade1c2af3f,18-49,OTHER,moderate,2026-09-02T11:18:00,ehr
PS-NAB-001,Nablus,32.2211,35.2544,ce0af50d2ab5f724,6b5ad5cd4bacf151,18-49,OTHER,mild,2026-09-02T11:32:00,ehr
PS-NAB-001,Nablus,32.2211,35.2544,ce0af50d2ab5f724,a5922138a56be07f,0-4,OTHER,mild,2026-09-02T07:17:00,ehr
PS-NAB-001,Nablus,32.2211,35.2544,ce0af50d2ab5f724,a89c12852b305922,18-49,OTHER,mild,2026-09-02T16:43:00,ehr
PS-NAB-001,Nablus,32.2211,35.2544,c9eef5119a779be2,a950d080e692c7c4,5-17,OTHER,mild,2026-09-02T16:49:00,lab
PS-NAB-001,Nablus,32.2211,35.2544,62c116f8ada8f79a,88a7a579045d40ce,18-49,OTHER,mild,2026-09-02T11:39:00,ehr
PS-NAB-001,Nablus,32.2211,35.2544,c9eef5119a779be2,14407e858b6f98e5,18-49,OTHER,mild,2026-09-02T09:56:00,lab
PS-NAB-001,Nablus,32.2211,35.2544,c9eef5119a779be2,635f7a5d7ea13d39,50-64,OTHER,mild,2026-09-02T14:30:00,ehr
PS-BET-001,Bethlehem,31.7054,35.2024,53365b5018ccb30a,f3545f983e668477,5-17,ILI,mild,2026-09-02T08:56:00,pharmacy
PS-BET-001,Bethlehem,31.7054,35.2024,2ee779d7897ae9a5,e5d070c18b524a5e,18-49,ILI,moderate,2026-09-02T09:01:00,ehr
PS-BET-001,Bethlehem,31.7054,35.2024,c1a0ab6562099869,d68012031b85cc75,0-4,ILI,moderate,2026-09-02T16:18:00,lab
PS-BET-001,Bethlehem,31.7054,35.2024,0a12ccb2fb499cd0,f2c0e1a19066edf7,18-49,ILI,mild,2026-09-02T10:02:00,pharmacy
PS-BET-001,Bethlehem,31.7054,35.2024,53365b5018ccb30a,e0d40d9b9f199c88,5-17,AGE,mild,2026-09-02T13:14:00,ehr
PS-BET-001,Bethlehem,31.7054,35.2024,0a12ccb2fb499cd0,853c5f7ee0a7cffa,50-64,AGE,moderate,2026-09-02T17:26:00,ehr
PS-BET-001,Bethlehem,31.7054,35.2024,2ee779d7897ae9a5,949f9ad6ed7c7f85,18-49,ARI,mild,2026-09-02T12:42:00,pharmacy
PS-BET-001,Bethlehem,31.7054,35.2024,0a12ccb2fb499cd0,9ccfd4268cd342a0,5-17,ARI,mild,2026-09-02T12:06:00,pharmacy
PS-BET-001,Bethlehem,31.7054,35.2024,c1a0ab6562099869,d3bb0024a6215ad6,0-4,ARI,mild,2026-09-02T19:54:00,ehr
PS-BET-001,Bethlehem,31.7054,35.2024,0a12ccb2fb499cd0,ca256dc1f8c86454,0-4,ARI,mild,2026-09-02T18:54:00,ehr
PS-BET-001,Bethlehem,31.7054,35.2024,c1a0ab6562099869,8614a552f69b8015,65+,ARI,mild,2026-09-02T20:09:00,ehr
PS-BET-001,Bethlehem,31.7054,35.2024,2ee779d7897ae9a5,3b34892cebf9d868,18-49,ARI,moderate,2026-09-02T12:47:00,ehr
PS-BET-001,Bethlehem,31.7054,35.2024,0a12ccb2fb499cd0,6f195ec72e9b26c7,50-64,ARI,mild,2026-09-02T18:23:00,pharmacy
PS-BET-001,Bethlehem,31.7054,35.2024,2ee779d7897ae9a5,f124c5f881e81ab1,50-64,FEVER_RASH,mild,2026-09-02T14:25:00,pharmacy
PS-BET-001,Bethlehem,31.7054,35.2024,c1a0ab6562099869,456d871d13068221,18-49,JAUNDICE,severe,2026-09-02T15:34:00,ehr
PS-BET-001,Bethlehem,31.7054,35.2024,53365b5018ccb30a,ca630dff35b66fe4,5-17,OTHER,moderate,2026-09-02T07:50:00,lab
PS-BET-001,Bethlehem,31.7054,35.2024,53365b5018ccb30a,d50cba746c9d4b05,5-17,OTHER,mild,2026-09-02T14:40:00,ehr
PS-JEN-001,Jenin,32.4597,35.2951,c0d662d41ad4a594,e33a364c086f35f8,65+,ILI,mild,2026-09-02T17:25:00,ehr
PS-JEN-001,Jenin,32.4597,35.2951,02322af968c6062f,71c02f73a81624d7,18-49,ILI,moderate,2026-09-02T19:47:00,ehr
PS-JEN-001,Jenin,32.4597,35.2951,0747c175e69e0dff,ce4bd52fa482d780,0-4,ILI,mild,2026-09-02T11:42:00,lab
PS-JEN-001,Jenin,32.4597,35.2951,0747c175e69e0dff,dfde67f0811c92fc,0-4,ILI,mild,2026-09-02T19:09:00,ehr
PS-JEN-001,Jenin,32.4597,35.2951,02322af968c6062f,ba9d0fc04cc0b1f9,5-17,ILI,mild,2026-09-02T18:04:00,pharmacy
PS-JEN-001,Jenin,32.4597,35.2951,d723f8382af3d058,c9b88fb3c4dbe6e5,65+,ARI,moderate,2026-09-02T11:46:00,pharmacy
PS-JEN-001,Jenin,32.4597,35.2951,02322af968c6062f,01043b57211e20bd,0-4,ARI,moderate,2026-09-02T19:55:00,lab
PS-JEN-001,Jenin,32.4597,35.2951,d723f8382af3d058,8d52a84ca35ab69d,18-49,ARI,mild,2026-09-02T09:52:00,pharmacy
PS-JEN-001,Jenin,32.4597,35.2951,02322af968c6062f,51cd835ee1d132e4,18-49,ARI,mild,2026-09-02T11:36:00,ehr
PS-JEN-001,Jenin,32.4597,35.2951,02322af968c6062f,0158f5ace8ed500d,0-4,ARI,moderate,2026-09-02T08:47:00,lab
PS-JEN-001,Jenin,32.4597,35.2951,0747c175e69e0dff,52d3ee639a7cbf73,18-49,ARI,mild,2026-09-02T13:01:00,ehr
PS-JEN-001,Jenin,32.4597,35.2951,0747c175e69e0dff,e84e026d30d1696e,18-49,FEVER_RASH,mild,2026-09-02T10:47:00,lab
PS-JEN-001,Jenin,32.4597,35.2951,02322af968c6062f,24d1adf937733e57,0-4,FEVER_RASH,mild,2026-09-02T10:55:00,ehr
PS-JEN-001,Jenin,32.4597,35.2951,c0d662d41ad4a594,541ce2d037ddcc5f,5-17,FEVER_RASH,mild,2026-09-02T19:11:00,ehr
PS-JEN-001,Jenin,32.4597,35.2951,0747c175e69e0dff,af5b8a04aca26a6d,18-49,OTHER,mild,2026-09-02T13:53:00,pharmacy
PS-JEN-001,Jenin,32.4597,35.2951,d723f8382af3d058,0e79d0bdb9a51d5e,18-49,OTHER,mild,2026-09-02T07:03:00,ehr
PS-JEN-001,Jenin,32.4597,35.2951,d723f8382af3d058,1e5bfe62da637ba8,65+,OTHER,moderate,2026-09-02T20:29:00,ehr
PS-JEN-001,Jenin,32.4597,35.2951,0747c175e69e0dff,9bcdb73d3028a392,50-64,OTHER,mild,2026-09-02T20:35:00,lab
PS-JEN-001,Jenin,32.4597,35.2951,0747c175e69e0dff,67742fc6c1c1cfe0,5-17,OTHER,mild,2026-09-02T17:50:00,ehr
PS-JEN-001,Jenin,32.4597,35.2951,02322af968c6062f,9aa8f24bbe0e18cd,50-64,OTHER,severe,2026-09-02T15:21:00,lab
PS-JEN-001,Jenin,32.4597,35.2951,d723f8382af3d058,78fa2cc51473481c,0-4,OTHER,mild,2026-09-02T09:25:00,ehr
PS-HEB-001,Hebron,31.5326,35.0998,e3dff89ada235d59,4a03bee0b4a8afa3,18-49,ILI,moderate,2026-09-03T08:12:00,ehr
PS-HEB-001,Hebron,31.5326,35.0998,e3dff89ada235d59,bf42091f05fc2659,0-4,ILI,mild,2026-09-03T10:45:00,pharmacy
PS-HEB-001,Hebron,31.5326,35.0998,d3391f64b3beb0a2,d669517ff1edad23,50-64,ILI,mild,2026-09-03T18:14:00,pharmacy
PS-HEB-001,Hebron,31.5326,35.0998,7c5d3d710b7ca6a2,92478cdb48fb6e00,18-49,ILI,mild,2026-09-03T18:54:00,ehr
PS-HEB-001,Hebron,31.5326,35.0998,f17af80950dde2c9,a4d941c7d27d9625,18-49,ILI,mild,2026-09-03T13:57:00,ehr
PS-HEB-001,Hebron,31.5326,35.0998,d3391f64b3beb0a2,0ffc269a737755ea,50-64,ILI,mild,2026-09-03T13:48:00,pharmacy
PS-HEB-001,Hebron,31.5326,35.0998,d3391f64b3beb0a2,565bbf9874bd7ef3,5-17,ILI,mild,2026-09-03T15:06:00,ehr
PS-HEB-001,Hebron,31.5326,35.0998,f17af80950dde2c9,fa17099106fd0a0c,65+,ILI,mild,2026-09-03T14:38:00,pharmacy
PS-HEB-001,Hebron,31.5326,35.0998,d3391f64b3beb0a2,650953f709ce82fc,65+,ILI,mild,2026-09-03T18:07:00,pharmacy
PS-HEB-001,Hebron,31.5326,35.0998,d3391f64b3beb0a2,a8006d61749bf294,5-17,ILI,mild,2026-09-03T17:15:00,ehr
PS-HEB-001,Hebron,31.5326,35.0998,e3dff89ada235d59,f062581feffde2ca,18-49,AGE,mild,2026-09-03T18:52:00,lab
PS-HEB-001,Hebron,31.5326,35.0998,e3dff89ada235d59,511306c7809abfb7,18-49,AGE,mild,2026-09-03T15:24:00,ehr
PS-HEB-001,Hebron,31.5326,35.0998,f17af80950dde2c9,a43f359df6676fc1,5-17,AGE,mild,2026-09-03T09:20:00,pharmacy
PS-HEB-001,Hebron,31.5326,35.0998,e3dff89ada235d59,1af61a123259af27,5-17,AGE,mild,2026-09-03T16:57:00,ehr
PS-HEB-001,Hebron,31.5326,35.0998,7c5d3d710b7ca6a2,9a03ce2cb4fcd6ba,18-49,AGE,moderate,2026-09-03T17:27:00,ehr
PS-HEB-001,Hebron,31.5326,35.0998,7c5d3d710b7ca6a2,617f8eaa1f4cd443,18-49,AGE,mild,2026-09-03T16:55:00,ehr
PS-HEB-001,Hebron,31.5326,35.0998,f17af80950dde2c9,1b180dd165a23151,18-49,AGE,severe,2026-09-03T19:39:00,ehr
PS-HEB-001,Hebron,31.5326,35.0998,f17af80950dde2c9,ee4eb40950073907,0-4,ARI,mild,2026-09-03T16:25:00,pharmacy
PS-HEB-001,Hebron,31.5326,35.0998,f17af80950dde2c9,4eaa66fe4438f796,5-17,ARI,mild,2026-09-03T14:19:00,pharmacy
PS-HEB-001,Hebron,31.5326,35.0998,d3391f64b3beb0a2,392b9239f11aaa6c,18-49,ARI,mild,2026-09-03T20:36:00,pharmacy
PS-HEB-001,Hebron,31.5326,35.0998,d3391f64b3beb0a2,34bf1639a6d393b2,0-4,ARI,mild,2026-09-03T10:51:00,ehr
PS-HEB-001,Hebron,31.5326,35.0998,d3391f64b3beb0a2,11a0dd6de447cf14,5-17,ARI,moderate,2026-09-03T20:29:00,pharmacy
PS-HEB-001,Hebron,31.5326,35.0998,7c5d3d710b7ca6a2,dfe435a024d9c869,65+,ARI,mild,2026-09-03T19:34:00,pharmacy
PS-HEB-001,Hebron,31.5326,35.0998,d3391f64b3beb0a2,e9e5dcadc37499dc,5-17,ARI,mild,2026-09-03T15:01:00,pharmacy
PS-HEB-001,Hebron,31.5326,35.0998,f17af80950dde2c9,31777350bd7b9d2b,50-64,ARI,mild,2026-09-03T09:42:00,ehr
PS-HEB-001,Hebron,31.5326,35.0998,7c5d3d710b7ca6a2,2a06a68b7db61a0f,5-17,ARI,mild,2026-09-03T08:53:00,lab
PS-HEB-001,Hebron,31.5326,35.0998,f17af80950dde2c9,0627575e34388c66,5-17,ARI,mild,2026-09-03T07:25:00,ehr
PS-HEB-001,Hebron,31.5326,35.0998,e3dff89ada235d59,0556866b79edd6b3,5-17,ARI,moderate,2026-09-03T07:53:00,ehr
PS-HEB-001,Hebron,31.5326,35.0998,e3dff89ada235d59,7eaf97bd7d136000,0-4,FEVER_RASH,moderate,2026-09-03T15:06:00,pharmacy
PS-HEB-001,Hebron,31.5326,35.0998,7c5d3d710b7ca6a2,856a50f0af5a13d3,5-17,FEVER_RASH,mild,2026-09-03T15:12:00,pharmacy
PS-HEB-001,Hebron,31.5326,35.0998,7c5d3d710b7ca6a2,53d2c2fca45d75f6,18-49,OTHER,mild,2026-09-03T20:47:00,ehr
PS-HEB-001,Hebron,31.5326,35.0998,f17af80950dde2c9,af072cad985be66c,50-64,OTHER,moderate,2026-09-03T07:09:00,ehr
PS-HEB-001,Hebron,31.5326,35.0998,7c5d3d710b7ca6a2,1aae910acbd90a47,18-49,OTHER,moderate,2026-09-03T07:13:00,lab
PS-HEB-001,Hebron,31.5326,35.0998,d3391f64b3beb0a2,28b7bb5063412bfb,18-49,OTHER,mild,2026-09-03T08:37:00,ehr
PS-HEB-001,Hebron,31.5326,35.0998,7c5d3d710b7ca6a2,9d9a866f036fbb28,18-49,OTHER,moderate,2026-09-03T13:18:00,ehr
PS-HEB-001,Hebron,31.5326,35.0998,d3391f64b3beb0a2,9ec59003a97f1357,18-49,OTHER,mild,2026-09-03T20:28:00,pharmacy
PS-HEB-002,Hebron,31.545,35.087,b828601a5432663a,c07701a42b5c517f,18-49,ILI,mild,2026-09-03T07:41:00,ehr
PS-HEB-002,Hebron,31.545,35.087,d1fda43bf12417c4,3c524ed3111859c3,18-49,ILI,moderate,2026-09-03T07:07:00,ehr
PS-HEB-002,Hebron,31.545,35.087,3000fc3d8d01f75a,5ff9eff34da1bf2f,50-64,ILI,mild,2026-09-03T07:14:00,ehr
PS-HEB-002,Hebron,31.545,35.087,b828601a5432663a,5801005ebd17bb00,18-49,ILI,mild,2026-09-03T09:38:00,ehr
PS-HEB-002,Hebron,31.545,35.087,9b34d36ec3c96b37,b23ab9bfa5437c33,50-64,ILI,mild,2026-09-03T13:35:00,ehr
PS-HEB-002,Hebron,31.545,35.087,d1fda43bf12417c4,198fdd805e9ae9f6,50-64,ILI,mild,2026-09-03T07:24:00,ehr
PS-HEB-002,Hebron,31.545,35.087,9b34d36ec3c96b37,3910d910a50496fc,0-4,ARI,moderate,2026-09-03T13:55:00,ehr
PS-HEB-002,Hebron,31.545,35.087,d1fda43bf12417c4,6c50a893935b8e16,0-4,ARI,mild,2026-09-03T09:54:00,ehr
PS-HEB-002,Hebron,31.545,35.087,3000fc3d8d01f75a,fd05a658c70518b2,18-49,ARI,mild,2026-09-03T10:59:00,lab
PS-HEB-002,Hebron,31.545,35.087,9b34d36ec3c96b37,8622278cdffa0de5,5-17,ARI,mild,2026-09-03T11:30:00,ehr
PS-HEB-002,Hebron,31.545,35.087,d1fda43bf12417c4,668c5d9dbe0c4c86,18-49,ARI,mild,2026-09-03T12:38:00,ehr
PS-HEB-002,Hebron,31.545,35.087,d1fda43bf12417c4,9ac4792b2f0d053f,18-49,ARI,mild,2026-09-03T20:52:00,lab
PS-HEB-002,Hebron,31.545,35.087,d1fda43bf12417c4,5f19f735a8480f2e,5-17,ARI,moderate,2026-09-03T20:05:00,ehr
PS-HEB-002,Hebron,31.545,35.087,b828601a5432663a,5511d7aa622c5062,0-4,ARI,mild,2026-09-03T08:10:00,ehr
PS-HEB-002,Hebron,31.545,35.087,b828601a5432663a,b95311a205b2afc9,65+,ARI,mild,2026-09-03T17:11:00,lab
PS-HEB-002,Hebron,31.545,35.087,9b34d36ec3c96b37,8da587b7599f0c20,18-49,MENINGITIS_LIKE,mild,2026-09-03T09:40:00,ehr
PS-HEB-002,Hebron,31.545,35.087,3000fc3d8d01f75a,1e930bf15e8b0b71,18-49,OTHER,moderate,2026-09-03T10:39:00,ehr
PS-HEB-002,Hebron,31.545,35.087,d1fda43bf12417c4,fb91313842e75820,5-17,OTHER,mild,2026-09-03T15:20:00,ehr
PS-HEB-002,Hebron,31.545,35.087,3000fc3d8d01f75a,fc1023e3028e08b8,0-4,OTHER,moderate,2026-09-03T17:53:00,ehr
PS-HEB-002,Hebron,31.545,35.087,3000fc3d8d01f75a,37d47fa7183531ed,18-49,OTHER,mild,2026-09-03T13:07:00,lab
PS-HEB-002,Hebron,31.545,35.087,3000fc3d8d01f75a,675b6dbe39bba7f5,50-64,OTHER,mild,2026-09-03T08:03:00,ehr
PS-RAM-001,Ramallah,31.9038,35.2034,d4bc341fd534ad06,d90f302c32c5ca1f,5-17,ILI,mild,2026-09-03T11:28:00,ehr
PS-RAM-001,Ramallah,31.9038,35.2034,865eea42f5c6ccea,aa9e8490b9cdf39b,50-64,ILI,mild,2026-09-03T17:13:00,pharmacy
PS-RAM-001,Ramallah,31.9038,35.2034,865eea42f5c6ccea,bc5e410d1b5c1264,0-4,ILI,moderate,2026-09-03T18:47:00,lab
PS-RAM-001,Ramallah,31.9038,35.2034,865eea42f5c6ccea,5788c59921864330,18-49,ILI,severe,2026-09-03T08:22:00,lab
PS-RAM-001,Ramallah,31.9038,35.2034,865eea42f5c6ccea,c15be369ff417b6d,50-64,ILI,mild,2026-09-03T10:16:00,ehr
PS-RAM-001,Ramallah,31.9038,35.2034,d4bc341fd534ad06,86ff292563509102,18-49,ILI,mild,2026-09-03T12:14:00,ehr
PS-RAM-001,Ramallah,31.9038,35.2034,2c531e40a3a7ce8c,fecaff945f78a648,18-49,ILI,moderate,2026-09-03T08:33:00,ehr
PS-RAM-001,Ramallah,31.9038,35.2034,2c531e40a3a7ce8c,2530802e086e4303,50-64,AGE,mild,2026-09-03T18:12:00,pharmacy
PS-RAM-001,Ramallah,31.9038,35.2034,4dc3b3d585035dae,06ca1a4c22c4b97e,18-49,AGE,mild,2026-09-03T09:27:00,ehr
PS-RAM-001,Ramallah,31.9038,35.2034,4dc3b3d585035dae,73b46f2007570b77,5-17,AGE,mild,2026-09-03T19:58:00,pharmacy
PS-RAM-001,Ramallah,31.9038,35.2034,4dc3b3d585035dae,2a6e8eb8d7ebaba8,5-17,AGE,mild,2026-09-03T14:12:00,ehr
PS-RAM-001,Ramallah,31.9038,35.2034,4dc3b3d585035dae,6ce8a632c819426b,5-17,AGE,mild,2026-09-03T12:43:00,ehr
PS-RAM-001,Ramallah,31.9038,35.2034,2c531e40a3a7ce8c,a54fe0c6b7d24ac7,65+,AGE,moderate,2026-09-03T13:20:00,lab
PS-RAM-001,Ramallah,31.9038,35.2034,4dc3b3d585035dae,3fd19e2e515ea370,0-4,AGE,mild,2026-09-03T19:51:00,ehr
PS-RAM-001,Ramallah,31.9038,35.2034,d4bc341fd534ad06,3be0a33a193177f8,5-17,AGE,mild,2026-09-03T12:27:00,lab
PS-RAM-001,Ramallah,31.9038,35.2034,d4bc341fd534ad06,7c4b6a738ee31071,65+,ARI,mild,2026-09-03T14:47:00,lab
PS-RAM-001,Ramallah,31.9038,35.2034,4dc3b3d585035dae,31dbee5fffafb5f9,65+,ARI,mild,2026-09-03T16:59:00,lab
PS-RAM-001,Ramallah,31.9038,35.2034,865eea42f5c6ccea,a983cdd4ca120993,50-64,ARI,mild,2026-09-03T09:37:00,lab
PS-RAM-001,Ramallah,31.9038,35.2034,865eea42f5c6ccea,7bd612e4680283c7,0-4,ARI,mild,2026-09-03T11:57:00,pharmacy
PS-RAM-001,Ramallah,31.9038,35.2034,4dc3b3d585035dae,1782b1c50e7b7e7b,0-4,FEVER_RASH,mild,2026-09-03T19:01:00,pharmacy
PS-RAM-001,Ramallah,31.9038,35.2034,2c531e40a3a7ce8c,6e846d283591618f,18-49,FEVER_RASH,mild,2026-09-03T12:30:00,ehr
PS-RAM-001,Ramallah,31.9038,35.2034,4dc3b3d585035dae,ad7c1869e7204c3d,18-49,JAUNDICE,mild,2026-09-03T12:10:00,lab
PS-RAM-001,Ramallah,31.9038,35.2034,865eea42f5c6ccea,99acfeb7e038626b,50-64,JAUNDICE,mild,2026-09-03T17:33:00,ehr
PS-RAM-001,Ramallah,31.9038,35.2034,865eea42f5c6ccea,ac2e9c74b3029e35,18-49,OTHER,moderate,2026-09-03T15:49:00,pharmacy
PS-RAM-001,Ramallah,31.9038,35.2034,865eea42f5c6ccea,50aeba0cae4ae2e9,18-49,OTHER,mild,2026-09-03T18:29:00,ehr
PS-RAM-001,Ramallah,31.9038,35.2034,d4bc341fd534ad06,f093fce60e01a08c,5-17,OTHER,moderate,2026-09-03T20:49:00,ehr
PS-RAM-001,Ramallah,31.9038,35.2034,2c531e40a3a7ce8c,9972867950b6bb7d,65+,OTHER,moderate,2026-09-03T19:33:00,pharmacy
PS-RAM-001,Ramallah,31.9038,35.2034,2c531e40a3a7ce8c,769966a6c8d8cc7e,0-4,OTHER,moderate,2026-09-03T07:11:00,lab
PS-RAM-001,Ramallah,31.9038,35.2034,4dc3b3d585035dae,0488ba84999897f8,50-64,OTHER,mild,2026-09-03T18:34:00,pharmacy
PS-RAM-001,Ramallah,31.9038,35.2034,d4bc341fd534ad06,89cf3b5edc32a286,50-64,OTHER,mild,2026-09-03T10:40:00,ehr
PS-RAM-001,Ramallah,31.9038,35.2034,865eea42f5c6ccea,9c102f5d62c851ee,50-64,OTHER,mild,2026-09-03T19:37:00,ehr
PS-RAM-001,Ramallah,31.9038,35.2034,865eea42f5c6ccea,95c7abc313f3e29f,50-64,OTHER,mild,2026-09-03T19:06:00,lab
PS-RAM-001,Ramallah,31.9038,35.2034,2c531e40a3a7ce8c,534d005e43657e8d,18-49,OTHER,mild,2026-09-03T19:55:00,pharmacy
PS-RAM-001,Ramallah,31.9038,35.2034,2c531e40a3a7ce8c,1cbc4243053a616e,18-49,OTHER,mild,2026-09-03T08:05:00,ehr
PS-RAM-001,Ramallah,31.9038,35.2034,865eea42f5c6ccea,90338aa0d3fefe25,18-49,OTHER,moderate,2026-09-03T15:32:00,ehr
PS-RAM-001,Ramallah,31.9038,35.2034,2c531e40a3a7ce8c,fcdfa3b083357f4c,18-49,OTHER,severe,2026-09-03T19:05:00,pharmacy
PS-NAB-001,Nablus,32.2211,35.2544,2e49f94506905ef7,85cc4355cc7f746e,50-64,ILI,mild,2026-09-03T12:36:00,pharmacy
PS-NAB-001,Nablus,32.2211,35.2544,62c116f8ada8f79a,6bd1202fd38c1cba,50-64,ILI,mild,2026-09-03T17:58:00,pharmacy
PS-NAB-001,Nablus,32.2211,35.2544,c9eef5119a779be2,7ab92fdcfade7c68,0-4,ILI,moderate,2026-09-03T07:23:00,lab
PS-NAB-001,Nablus,32.2211,35.2544,62c116f8ada8f79a,3eb50b66c3a80f26,50-64,ILI,mild,2026-09-03T16:13:00,ehr
PS-NAB-001,Nablus,32.2211,35.2544,2e49f94506905ef7,81af0e6660548b0f,18-49,ILI,mild,2026-09-03T18:32:00,ehr
PS-NAB-001,Nablus,32.2211,35.2544,c9eef5119a779be2,54a3df69d2196b3a,5-17,ILI,mild,2026-09-03T19:53:00,ehr
PS-NAB-001,Nablus,32.2211,35.2544,2e49f94506905ef7,1700b0e1138151ed,0-4,ILI,mild,2026-09-03T18:47:00,pharmacy
PS-NAB-001,Nablus,32.2211,35.2544,62c116f8ada8f79a,5a68298e88883c8a,65+,ILI,mild,2026-09-03T08:00:00,pharmacy
PS-NAB-001,Nablus,32.2211,35.2544,62c116f8ada8f79a,d18c57e4357518b5,18-49,ILI,mild,2026-09-03T14:19:00,ehr
PS-NAB-001,Nablus,32.2211,35.2544,ce0af50d2ab5f724,23d095226c817294,0-4,ILI,mild,2026-09-03T10:46:00,pharmacy
PS-NAB-001,Nablus,32.2211,35.2544,2e49f94506905ef7,03df7b1108c801f9,50-64,ILI,moderate,2026-09-03T12:52:00,ehr
PS-NAB-001,Nablus,32.2211,35.2544,2e49f94506905ef7,38942fde815e8839,50-64,ILI,mild,2026-09-03T11:20:00,lab
PS-NAB-001,Nablus,32.2211,35.2544,2e49f94506905ef7,3252e66dc1750e88,50-64,ILI,moderate,2026-09-03T10:25:00,pharmacy
PS-NAB-001,Nablus,32.2211,35.2544,ce0af50d2ab5f724,46433800a7835b70,18-49,ILI,mild,2026-09-03T14:13:00,lab
PS-NAB-001,Nablus,32.2211,35.2544,c9eef5119a779be2,acffe842680c6b1f,18-49,ILI,mild,2026-09-03T08:13:00,pharmacy
PS-NAB-001,Nablus,32.2211,35.2544,c9eef5119a779be2,feb77c433a76ff53,5-17,AGE,mild,2026-09-03T10:13:00,ehr
PS-NAB-001,Nablus,32.2211,35.2544,c9eef5119a779be2,2ef07140c2af5d06,65+,AGE,severe,2026-09-03T17:21:00,lab
PS-NAB-001,Nablus,32.2211,35.2544,c9eef5119a779be2,4a2f3c051600636c,18-49,AGE,mild,2026-09-03T08:23:00,ehr
PS-NAB-001,Nablus,32.2211,35.2544,ce0af50d2ab5f724,7c884160d69a66b8,5-17,AGE,mild,2026-09-03T20:24:00,ehr
PS-NAB-001,Nablus,32.2211,35.2544,2e49f94506905ef7,f17f039a69227cce,0-4,AGE,mild,2026-09-03T12:22:00,lab
PS-NAB-001,Nablus,32.2211,35.2544,2e49f94506905ef7,57097396e00c6b4a,18-49,AGE,moderate,2026-09-03T17:39:00,ehr
PS-NAB-001,Nablus,32.2211,35.2544,62c116f8ada8f79a,ba1b222fe2f47ec1,18-49,AGE,moderate,2026-09-03T14:31:00,pharmacy
PS-NAB-001,Nablus,32.2211,35.2544,2e49f94506905ef7,66f96079347c15f2,5-17,OTHER,mild,2026-09-03T09:33:00,ehr
PS-NAB-001,Nablus,32.2211,35.2544,ce0af50d2ab5f724,cf269b8d12d16f56,0-4,OTHER,moderate,2026-09-03T20:45:00,pharmacy
PS-NAB-001,Nablus,32.2211,35.2544,c9eef5119a779be2,3e5ce2beb956f05d,18-49,OTHER,mild,2026-09-03T18:29:00,pharmacy
PS-NAB-001,Nablus,32.2211,35.2544,c9eef5119a779be2,c9d95a67fdf8c5e0,18-49,OTHER,mild,2026-09-03T20:52:00,ehr
PS-NAB-001,Nablus,32.2211,35.2544,62c116f8ada8f79a,7fcca62a6f421c21,18-49,OTHER,mild,2026-09-03T08:02:00,ehr
PS-NAB-001,Nablus,32.2211,35.2544,2e49f94506905ef7,03b76e5daa192a29,5-17,OTHER,mild,2026-09-03T14:13:00,ehr
PS-NAB-001,Nablus,32.2211,35.2544,2e49f94506905ef7,ec547b96d7b802ce,5-17,OTHER,mild,2026-09-03T13:08:00,ehr
PS-NAB-001,Nablus,32.2211,35.2544,62c116f8ada8f79a,f88b38fb28b6698d,18-49,OTHER,moderate,2026-09-03T14:07:00,ehr
PS-NAB-001,Nablus,32.2211,35.2544,2e49f94506905ef7,28ba8acfb1b48f8f,18-49,OTHER,mild,2026-09-03T16:26:00,pharmacy
PS-NAB-001,Nablus,32.2211,35.2544,2e49f94506905ef7,cae19954af2b89d6,18-49,OTHER,mild,2026-09-03T17:44:00,pharmacy
PS-BET-001,Bethlehem,31.7054,35.2024,53365b5018ccb30a,8c4c74ef8b0ef528,18-49,ILI,moderate,2026-09-03T16:32:00,ehr
PS-BET-001,Bethlehem,31.7054,35.2024,0a12ccb2fb499cd0,b589584a00c5ecaf,50-64,ILI,moderate,2026-09-03T08:54:00,pharmacy
PS-BET-001,Bethlehem,31.7054,35.2024,53365b5018ccb30a,3f50a95d3705eb0c,0-4,ILI,mild,2026-09-03T18:57:00,lab
PS-BET-001,Bethlehem,31.7054,35.2024,0a12ccb2fb499cd0,75e850bed60075b0,0-4,ILI,severe,2026-09-03T11:56:00,pharmacy
PS-BET-001,Bethlehem,31.7054,35.2024,c1a0ab6562099869,cce99fa7100617f3,18-49,ILI,moderate,2026-09-03T15:07:00,ehr
PS-BET-001,Bethlehem,31.7054,35.2024,c1a0ab6562099869,150492e3c78d4ba9,5-17,AGE,moderate,2026-09-03T19:46:00,pharmacy
PS-BET-001,Bethlehem,31.7054,35.2024,53365b5018ccb30a,fadb88bcdd5a27d3,5-17,ARI,mild,2026-09-03T08:32:00,ehr
PS-BET-001,Bethlehem,31.7054,35.2024,0a12ccb2fb499cd0,3ad57dd4dec1ee97,5-17,ARI,mild,2026-09-03T15:14:00,lab
PS-BET-001,Bethlehem,31.7054,35.2024,c1a0ab6562099869,162a4e28c9b335f3,65+,OTHER,mild,2026-09-03T16:00:00,pharmacy
PS-BET-001,Bethlehem,31.7054,35.2024,53365b5018ccb30a,659a181f81c7f8d6,65+,OTHER,mild,2026-09-03T20:40:00,ehr
PS-BET-001,Bethlehem,31.7054,35.2024,2ee779d7897ae9a5,0404c88368084d1f,5-17,OTHER,mild,2026-09-03T13:08:00,ehr
PS-BET-001,Bethlehem,31.7054,35.2024,0a12ccb2fb499cd0,72f6c15650c72659,50-64,OTHER,mild,2026-09-03T11:04:00,ehr
PS-BET-001,Bethlehem,31.7054,35.2024,2ee779d7897ae9a5,364c10e209ca7bf2,18-49,OTHER,mild,2026-09-03T16:02:00,ehr
PS-BET-001,Bethlehem,31.7054,35.2024,c1a0ab6562099869,7ac466f6f8cd5672,0-4,OTHER,moderate,2026-09-03T19:17:00,lab
PS-JEN-001,Jenin,32.4597,35.2951,0747c175e69e0dff,762577415a51efdf,5-17,ILI,mild,2026-09-03T11:06:00,ehr
PS-JEN-001,Jenin,32.4597,35.2951,02322af968c6062f,547bf4203328c531,0-4,ILI,mild,2026-09-03T20:35:00,pharmacy
PS-JEN-001,Jenin,32.4597,35.2951,0747c175e69e0dff,cac5259a9b3e0229,0-4,ILI,mild,2026-09-03T11:06:00,lab
PS-JEN-001,Jenin,32.4597,35.2951,0747c175e69e0dff,ecbe61cbe64728dd,18-49,ARI,severe,2026-09-03T15:30:00,pharmacy
PS-JEN-001,Jenin,32.4597,35.2951,0747c175e69e0dff,fcf0e0c55f99fd86,5-17,ARI,mild,2026-09-03T13:13:00,lab
PS-JEN-001,Jenin,32.4597,35.2951,0747c175e69e0dff,ee4a53474ed284fd,5-17,ARI,mild,2026-09-03T20:19:00,ehr
PS-JEN-001,Jenin,32.4597,35.2951,02322af968c6062f,37899e8cb8923146,0-4,ARI,moderate,2026-09-03T09:26:00,ehr
PS-JEN-001,Jenin,32.4597,35.2951,c0d662d41ad4a594,4770a3c846627873,5-17,ARI,mild,2026-09-03T07:12:00,lab
PS-JEN-001,Jenin,32.4597,35.2951,d723f8382af3d058,b0f72d087d7548c6,0-4,ARI,mild,2026-09-03T10:03:00,lab
PS-JEN-001,Jenin,32.4597,35.2951,0747c175e69e0dff,5719a50191b5f220,0-4,ARI,moderate,2026-09-03T18:41:00,ehr
PS-JEN-001,Jenin,32.4597,35.2951,c0d662d41ad4a594,977b3a208490337b,50-64,ARI,mild,2026-09-03T07:38:00,lab
PS-JEN-001,Jenin,32.4597,35.2951,02322af968c6062f,37803e6b79d4a95b,18-49,FEVER_RASH,mild,2026-09-03T18:08:00,pharmacy
PS-JEN-001,Jenin,32.4597,35.2951,02322af968c6062f,11d0225c76610d5b,18-49,OTHER,mild,2026-09-03T07:03:00,pharmacy
PS-JEN-001,Jenin,32.4597,35.2951,d723f8382af3d058,b802f6bba3595329,5-17,OTHER,mild,2026-09-03T07:01:00,ehr
PS-JEN-001,Jenin,32.4597,35.2951,02322af968c6062f,679c79911ad25468,18-49,OTHER,mild,2026-09-03T19:49:00,ehr
PS-JEN-001,Jenin,32.4597,35.2951,d723f8382af3d058,26781402fc798c61,18-49,OTHER,moderate,2026-09-03T08:13:00,lab
PS-JEN-001,Jenin,32.4597,35.2951,d723f8382af3d058,026f45e408378608,18-49,OTHER,mild,2026-09-03T08:41:00,ehr
PS-HEB-001,Hebron,31.5326,35.0998,d3391f64b3beb0a2,4b26186d0005d7a2,18-49,ILI,moderate,2026-09-04T20:59:00,lab
PS-HEB-001,Hebron,31.5326,35.0998,e3dff89ada235d59,08b6f3066ea2bb91,18-49,ILI,severe,2026-09-04T08:36:00,ehr
PS-HEB-001,Hebron,31.5326,35.0998,7c5d3d710b7ca6a2,cf122aa41da6ce8a,18-49,ILI,mild,2026-09-04T14:53:00,lab
PS-HEB-001,Hebron,31.5326,35.0998,e3dff89ada235d59,0f91c34ee3c5bf75,18-49,ILI,mild,2026-09-04T07:09:00,ehr
PS-HEB-001,Hebron,31.5326,35.0998,e3dff89ada235d59,5399b80607a19421,0-4,ILI,mild,2026-09-04T09:23:00,ehr
PS-HEB-001,Hebron,31.5326,35.0998,e3dff89ada235d59,12c012ce5ca9a591,50-64,ILI,mild,2026-09-04T12:11:00,ehr
PS-HEB-001,Hebron,31.5326,35.0998,7c5d3d710b7ca6a2,9aaea763711c435e,18-49,AGE,mild,2026-09-04T09:46:00,lab
PS-HEB-001,Hebron,31.5326,35.0998,f17af80950dde2c9,816896c07b8c5882,50-64,AGE,mild,2026-09-04T19:53:00,ehr
PS-HEB-001,Hebron,31.5326,35.0998,e3dff89ada235d59,2575baa1ada2b1d2,18-49,AGE,mild,2026-09-04T10:43:00,ehr
PS-HEB-001,Hebron,31.5326,35.0998,e3dff89ada235d59,a3d0d1f200a96370,18-49,AGE,mild,2026-09-04T08:14:00,lab
PS-HEB-001,Hebron,31.5326,35.0998,d3391f64b3beb0a2,acd8cf3e911087f6,18-49,AGE,mild,2026-09-04T16:52:00,ehr
PS-HEB-001,Hebron,31.5326,35.0998,d3391f64b3beb0a2,bfc356f5a5083878,0-4,ARI,mild,2026-09-04T18:22:00,ehr
PS-HEB-001,Hebron,31.5326,35.0998,7c5d3d710b7ca6a2,8326d527be5d26bb,5-17,ARI,moderate,2026-09-04T08:36:00,pharmacy
PS-HEB-001,Hebron,31.5326,35.0998,e3dff89ada235d59,e883f0eced81ae64,50-64,ARI,mild,2026-09-04T20:05:00,lab
PS-HEB-001,Hebron,31.5326,35.0998,d3391f64b3beb0a2,9d19b3ed140cfbff,18-49,ARI,moderate,2026-09-04T19:44:00,lab
PS-HEB-001,Hebron,31.5326,35.0998,f17af80950dde2c9,3d00e4721036d0ba,50-64,ARI,moderate,2026-09-04T11:30:00,pharmacy
PS-HEB-001,Hebron,31.5326,35.0998,e3dff89ada235d59,d4e7381a31c9764a,5-17,FEVER_RASH,mild,2026-09-04T17:26:00,ehr
PS-HEB-001,Hebron,31.5326,35.0998,d3391f64b3beb0a2,823eaa959d65a586,5-17,FEVER_RASH,mild,2026-09-04T07:32:00,pharmacy
PS-HEB-002,Hebron,31.545,35.087,3000fc3d8d01f75a,ff9229787aa3811a,18-49,ILI,mild,2026-09-04T07:31:00,ehr
PS-HEB-002,Hebron,31.545,35.087,b828601a5432663a,351f8fbb48338656,0-4,ILI,mild,2026-09-04T13:19:00,pharmacy
PS-HEB-002,Hebron,31.545,35.087,d1fda43bf12417c4,cfeee76ed295cef7,18-49,ILI,severe,2026-09-04T20:49:00,ehr
PS-HEB-002,Hebron,31.545,35.087,3000fc3d8d01f75a,3f8ce68075c766c1,65+,ILI,mild,2026-09-04T20:12:00,ehr
PS-HEB-002,Hebron,31.545,35.087,3000fc3d8d01f75a,a447951caacf61e4,18-49,ILI,severe,2026-09-04T15:27:00,pharmacy
PS-HEB-002,Hebron,31.545,35.087,d1fda43bf12417c4,051a3ed015419eba,18-49,AGE,mild,2026-09-04T09:07:00,ehr
PS-HEB-002,Hebron,31.545,35.087,d1fda43bf12417c4,d061aa5f64b708df,0-4,AGE,moderate,2026-09-04T11:27:00,ehr
PS-HEB-002,Hebron,31.545,35.087,d1fda43bf12417c4,8fcce82f77abb3ec,18-49,AGE,mild,2026-09-04T08:10:00,ehr
PS-HEB-002,Hebron,31.545,35.087,3000fc3d8d01f75a,a4c2b7bf40756f5f,50-64,AGE,mild,2026-09-04T20:00:00,ehr
PS-HEB-002,Hebron,31.545,35.087,b828601a5432663a,aac4c92acdba1400,0-4,AGE,mild,2026-09-04T19:13:00,pharmacy
PS-HEB-002,Hebron,31.545,35.087,9b34d36ec3c96b37,229a8d1b94d67976,18-49,ARI,mild,2026-09-04T18:45:00,pharmacy
PS-HEB-002,Hebron,31.545,35.087,b828601a5432663a,153acb0d0119d5e8,0-4,FEVER_RASH,mild,2026-09-04T07:00:00,ehr
PS-HEB-002,Hebron,31.545,35.087,b828601a5432663a,a96a9b0eea7211aa,5-17,FEVER_RASH,moderate,2026-09-04T07:37:00,ehr
PS-HEB-002,Hebron,31.545,35.087,9b34d36ec3c96b37,483a5eb91192b841,18-49,OTHER,mild,2026-09-04T18:53:00,lab
PS-HEB-002,Hebron,31.545,35.087,3000fc3d8d01f75a,93345d31b964d5b1,5-17,OTHER,severe,2026-09-04T07:34:00,ehr
PS-HEB-002,Hebron,31.545,35.087,9b34d36ec3c96b37,af191132aa401733,18-49,OTHER,mild,2026-09-04T20:55:00,ehr
PS-HEB-002,Hebron,31.545,35.087,b828601a5432663a,cb077f3b38af6cb2,50-64,OTHER,moderate,2026-09-04T07:03:00,pharmacy
PS-RAM-001,Ramallah,31.9038,35.2034,4dc3b3d585035dae,23bb96cbe87f008e,50-64,ILI,moderate,2026-09-04T10:27:00,ehr
PS-RAM-001,Ramallah,31.9038,35.2034,4dc3b3d585035dae,ed727b881f04c9d4,18-49,ILI,mild,2026-09-04T14:05:00,ehr
PS-RAM-001,Ramallah,31.9038,35.2034,865eea42f5c6ccea,fb3fe9dd362ac79f,18-49,ILI,mild,2026-09-04T17:38:00,ehr
PS-RAM-001,Ramallah,31.9038,35.2034,865eea42f5c6ccea,4db889bbafcf373e,0-4,AGE,mild,2026-09-04T19:36:00,ehr
PS-RAM-001,Ramallah,31.9038,35.2034,4dc3b3d585035dae,462fc08f11df73f9,0-4,AGE,mild,2026-09-04T19:54:00,ehr
PS-RAM-001,Ramallah,31.9038,35.2034,d4bc341fd534ad06,0b354b177907d3d7,0-4,AGE,mild,2026-09-04T11:26:00,pharmacy
PS-RAM-001,Ramallah,31.9038,35.2034,865eea42f5c6ccea,10ee8898af4a2d01,50-64,ARI,mild,2026-09-04T16:56:00,ehr
PS-RAM-001,Ramallah,31.9038,35.2034,4dc3b3d585035dae,0e77bef33c5fb33f,0-4,ARI,mild,2026-09-04T18:03:00,ehr
PS-RAM-001,Ramallah,31.9038,35.2034,4dc3b3d585035dae,3bd1a90a3218a113,18-49,ARI,mild,2026-09-04T19:08:00,ehr
PS-RAM-001,Ramallah,31.9038,35.2034,d4bc341fd534ad06,1b15fa21e7e6a771,18-49,ARI,moderate,2026-09-04T17:14:00,ehr
PS-RAM-001,Ramallah,31.9038,35.2034,d4bc341fd534ad06,ec0cb0e66c447fcf,0-4,ARI,mild,2026-09-04T09:57:00,pharmacy
PS-RAM-001,Ramallah,31.9038,35.2034,2c531e40a3a7ce8c,d74f4b323ffec808,18-49,JAUNDICE,moderate,2026-09-04T18:20:00,ehr
PS-RAM-001,Ramallah,31.9038,35.2034,2c531e40a3a7ce8c,5df8de5d8c7749b2,5-17,OTHER,mild,2026-09-04T11:10:00,ehr
PS-RAM-001,Ramallah,31.9038,35.2034,2c531e40a3a7ce8c,c475dd695b8ff41a,18-49,OTHER,severe,2026-09-04T11:05:00,pharmacy
PS-RAM-001,Ramallah,31.9038,35.2034,865eea42f5c6ccea,b317a233d383fadf,0-4,OTHER,mild,2026-09-04T09:35:00,lab
PS-RAM-001,Ramallah,31.9038,35.2034,2c531e40a3a7ce8c,27ea0ebb2999d8ee,50-64,OTHER,severe,2026-09-04T08:40:00,ehr
PS-RAM-001,Ramallah,31.9038,35.2034,865eea42f5c6ccea,531286cdb507a6d6,18-49,OTHER,moderate,2026-09-04T16:01:00,ehr
PS-NAB-001,Nablus,32.2211,35.2544,62c116f8ada8f79a,4b4f07a48c835bb5,0-4,ILI,mild,2026-09-04T16:11:00,ehr
PS-NAB-001,Nablus,32.2211,35.2544,62c116f8ada8f79a,58b802246025f8de,18-49,ILI,mild,2026-09-04T07:05:00,lab
PS-NAB-001,Nablus,32.2211,35.2544,2e49f94506905ef7,5739f0eed12b3fda,18-49,ILI,moderate,2026-09-04T08:01:00,ehr
PS-NAB-001,Nablus,32.2211,35.2544,62c116f8ada8f79a,2f74dcef54c6f06d,18-49,ILI,severe,2026-09-04T10:57:00,lab
PS-NAB-001,Nablus,32.2211,35.2544,2e49f94506905ef7,1770ce06b749f1de,0-4,ILI,mild,2026-09-04T08:22:00,ehr
PS-NAB-001,Nablus,32.2211,35.2544,c9eef5119a779be2,2ef331b141f58d75,0-4,ILI,moderate,2026-09-04T15:45:00,lab
PS-NAB-001,Nablus,32.2211,35.2544,62c116f8ada8f79a,d99d7a555f8b5bea,65+,AGE,moderate,2026-09-04T19:20:00,ehr
PS-NAB-001,Nablus,32.2211,35.2544,2e49f94506905ef7,5910fa1a7172671c,65+,AGE,mild,2026-09-04T11:24:00,ehr
PS-NAB-001,Nablus,32.2211,35.2544,ce0af50d2ab5f724,b07594883fad702f,65+,AGE,moderate,2026-09-04T09:28:00,ehr
PS-NAB-001,Nablus,32.2211,35.2544,2e49f94506905ef7,f9f4f1416e124c26,5-17,ARI,mild,2026-09-04T08:39:00,lab
PS-NAB-001,Nablus,32.2211,35.2544,62c116f8ada8f79a,ee368d249d876978,65+,FEVER_RASH,mild,2026-09-04T18:47:00,ehr
PS-NAB-001,Nablus,32.2211,35.2544,c9eef5119a779be2,3f1f2f692cee6905,18-49,FEVER_RASH,mild,2026-09-04T11:15:00,lab
PS-NAB-001,Nablus,32.2211,35.2544,62c116f8ada8f79a,b036a6a596b59dc1,5-17,FEVER_RASH,mild,2026-09-04T13:34:00,ehr
PS-NAB-001,Nablus,32.2211,35.2544,2e49f94506905ef7,535560f1fbfcca03,18-49,OTHER,moderate,2026-09-04T13:28:00,lab
PS-NAB-001,Nablus,32.2211,35.2544,ce0af50d2ab5f724,ed9cf94b4716aaf6,65+,OTHER,moderate,2026-09-04T12:59:00,ehr
PS-NAB-001,Nablus,32.2211,35.2544,ce0af50d2ab5f724,4b74411cb1f0ef82,50-64,OTHER,mild,2026-09-04T08:59:00,pharmacy
PS-NAB-001,Nablus,32.2211,35.2544,c9eef5119a779be2,17ff50b61ee5190b,50-64,OTHER,mild,2026-09-04T14:32:00,lab
PS-NAB-001,Nablus,32.2211,35.2544,62c116f8ada8f79a,0bf5aa5687f7b724,18-49,OTHER,mild,2026-09-04T20:05:00,ehr
PS-NAB-001,Nablus,32.2211,35.2544,ce0af50d2ab5f724,b0409771cff14b78,65+,OTHER,mild,2026-09-04T07:02:00,pharmacy
PS-NAB-001,Nablus,32.2211,35.2544,ce0af50d2ab5f724,982a84696d718f03,65+,OTHER,severe,2026-09-04T11:32:00,ehr
PS-BET-001,Bethlehem,31.7054,35.2024,2ee779d7897ae9a5,231ccd6dedbcf3a5,0-4,ILI,moderate,2026-09-04T19:13:00,lab
PS-BET-001,Bethlehem,31.7054,35.2024,c1a0ab6562099869,d41dc1460240d113,0-4,ILI,mild,2026-09-04T15:09:00,lab
PS-BET-001,Bethlehem,31.7054,35.2024,2ee779d7897ae9a5,d26f99b5e049a2aa,5-17,ILI,mild,2026-09-04T20:16:00,ehr
PS-BET-001,Bethlehem,31.7054,35.2024,2ee779d7897ae9a5,a334ac14df96036d,50-64,AGE,mild,2026-09-04T07:25:00,ehr
PS-BET-001,Bethlehem,31.7054,35.2024,c1a0ab6562099869,b08e493ee69eaf5b,18-49,AGE,mild,2026-09-04T19:07:00,ehr
PS-BET-001,Bethlehem,31.7054,35.2024,c1a0ab6562099869,e42ee23b9b9352ad,18-49,AGE,mild,2026-09-04T15:35:00,ehr
PS-BET-001,Bethlehem,31.7054,35.2024,53365b5018ccb30a,9d17de5c9ebe7572,5-17,AGE,mild,2026-09-04T20:42:00,pharmacy
PS-BET-001,Bethlehem,31.7054,35.2024,0a12ccb2fb499cd0,736cef0afdcb0081,18-49,ARI,mild,2026-09-04T20:32:00,ehr
PS-BET-001,Bethlehem,31.7054,35.2024,53365b5018ccb30a,70aac9e4d852658a,18-49,ARI,severe,2026-09-04T16:51:00,lab
PS-BET-001,Bethlehem,31.7054,35.2024,c1a0ab6562099869,2e2a0ca9898dc4d2,5-17,ARI,mild,2026-09-04T11:55:00,ehr
PS-BET-001,Bethlehem,31.7054,35.2024,c1a0ab6562099869,bfad94a9728aa6ff,5-17,ARI,moderate,2026-09-04T07:11:00,ehr
PS-BET-001,Bethlehem,31.7054,35.2024,0a12ccb2fb499cd0,76a854af9ca6b412,5-17,MENINGITIS_LIKE,mild,2026-09-04T08:51:00,lab
PS-BET-001,Bethlehem,31.7054,35.2024,c1a0ab6562099869,1bb53725c02696e6,50-64,OTHER,mild,2026-09-04T15:27:00,ehr
PS-BET-001,Bethlehem,31.7054,35.2024,53365b5018ccb30a,f80496f5b548141b,0-4,OTHER,mild,2026-09-04T08:45:00,ehr
PS-BET-001,Bethlehem,31.7054,35.2024,0a12ccb2fb499cd0,73dc674a9a5159ad,0-4,OTHER,mild,2026-09-04T07:44:00,pharmacy
PS-BET-001,Bethlehem,31.7054,35.2024,c1a0ab6562099869,ae4515fbe748842f,0-4,OTHER,moderate,2026-09-04T16:38:00,ehr
PS-JEN-001,Jenin,32.4597,35.2951,02322af968c6062f,81ef46fd3fce53b7,5-17,ILI,moderate,2026-09-04T14:52:00,lab
PS-JEN-001,Jenin,32.4597,35.2951,d723f8382af3d058,8e5d02caf6d3311d,18-49,ILI,mild,2026-09-04T18:06:00,ehr
PS-JEN-001,Jenin,32.4597,35.2951,02322af968c6062f,68b4c15df92b7a41,50-64,ILI,moderate,2026-09-04T19:47:00,ehr
PS-JEN-001,Jenin,32.4597,35.2951,02322af968c6062f,a8f8aee08c4ec353,18-49,ILI,mild,2026-09-04T19:22:00,pharmacy
PS-JEN-001,Jenin,32.4597,35.2951,d723f8382af3d058,654bb7abe474d4c6,50-64,AGE,mild,2026-09-04T17:18:00,ehr
PS-JEN-001,Jenin,32.4597,35.2951,d723f8382af3d058,e12147c691941234,5-17,ARI,mild,2026-09-04T08:13:00,ehr
PS-JEN-001,Jenin,32.4597,35.2951,02322af968c6062f,8fdeb9afc510c3df,18-49,ARI,mild,2026-09-04T18:07:00,pharmacy
PS-JEN-001,Jenin,32.4597,35.2951,d723f8382af3d058,776d160b52cb61ae,18-49,ARI,mild,2026-09-04T17:55:00,ehr
PS-JEN-001,Jenin,32.4597,35.2951,02322af968c6062f,1c0742ba3f0ef303,18-49,ARI,mild,2026-09-04T19:29:00,lab
PS-JEN-001,Jenin,32.4597,35.2951,02322af968c6062f,43bafd5a73b26a73,18-49,ARI,mild,2026-09-04T08:27:00,pharmacy
PS-JEN-001,Jenin,32.4597,35.2951,d723f8382af3d058,678be8c0d2eeeae3,5-17,OTHER,mild,2026-09-04T16:56:00,ehr
PS-JEN-001,Jenin,32.4597,35.2951,d723f8382af3d058,bc87be4ef1005034,5-17,OTHER,mild,2026-09-04T15:12:00,lab
PS-JEN-001,Jenin,32.4597,35.2951,02322af968c6062f,45decce105af47d1,50-64,OTHER,mild,2026-09-04T13:35:00,ehr
PS-JEN-001,Jenin,32.4597,35.2951,c0d662d41ad4a594,6524fbe51ef7ebf9,50-64,OTHER,mild,2026-09-04T15:00:00,pharmacy
PS-HEB-001,Hebron,31.5326,35.0998,d3391f64b3beb0a2,2d89a1331e666fab,5-17,ILI,moderate,2026-09-05T11:42:00,ehr
PS-HEB-001,Hebron,31.5326,35.0998,e3dff89ada235d59,afe869d44bfaf017,65+,ILI,mild,2026-09-05T13:11:00,pharmacy
PS-HEB-001,Hebron,31.5326,35.0998,f17af80950dde2c9,e24eba3cd24b7149,18-49,ILI,moderate,2026-09-05T07:50:00,pharmacy
PS-HEB-001,Hebron,31.5326,35.0998,f17af80950dde2c9,36bdd8eba008818a,5-17,ILI,mild,2026-09-05T12:54:00,ehr
PS-HEB-001,Hebron,31.5326,35.0998,f17af80950dde2c9,909de3bd43658e7e,18-49,ILI,mild,2026-09-05T13:51:00,lab
PS-HEB-001,Hebron,31.5326,35.0998,7c5d3d710b7ca6a2,896b3d420246072a,5-17,ILI,moderate,2026-09-05T16:44:00,ehr
PS-HEB-001,Hebron,31.5326,35.0998,e3dff89ada235d59,e288b2db55d8836e,0-4,ILI,mild,2026-09-05T18:47:00,ehr
PS-HEB-001,Hebron,31.5326,35.0998,d3391f64b3beb0a2,bcb34279c18238e1,50-64,ILI,mild,2026-09-05T20:26:00,ehr
PS-HEB-001,Hebron,31.5326,35.0998,7c5d3d710b7ca6a2,f31a0419486af4a0,5-17,ILI,mild,2026-09-05T14:59:00,pharmacy
PS-HEB-001,Hebron,31.5326,35.0998,e3dff89ada235d59,14c2b10be9a2a6a7,5-17,ILI,mild,2026-09-05T19:16:00,ehr
PS-HEB-001,Hebron,31.5326,35.0998,e3dff89ada235d59,4313e0842a50cbfc,18-49,AGE,mild,2026-09-05T16:34:00,ehr
PS-HEB-001,Hebron,31.5326,35.0998,e3dff89ada235d59,079eb2d7fdeba173,0-4,AGE,mild,2026-09-05T15:04:00,ehr
PS-HEB-001,Hebron,31.5326,35.0998,7c5d3d710b7ca6a2,aa7f8927766a13d7,50-64,AGE,mild,2026-09-05T18:27:00,ehr
PS-HEB-001,Hebron,31.5326,35.0998,7c5d3d710b7ca6a2,0a8aaec1e58239dd,5-17,AGE,mild,2026-09-05T07:09:00,lab
PS-HEB-001,Hebron,31.5326,35.0998,f17af80950dde2c9,32444162bdb450ba,18-49,AGE,mild,2026-09-05T18:23:00,ehr
PS-HEB-001,Hebron,31.5326,35.0998,d3391f64b3beb0a2,73819deac2d4b025,5-17,AGE,mild,2026-09-05T10:42:00,ehr
PS-HEB-001,Hebron,31.5326,35.0998,7c5d3d710b7ca6a2,e305c20d1359d69d,50-64,AGE,moderate,2026-09-05T07:20:00,ehr
PS-HEB-001,Hebron,31.5326,35.0998,d3391f64b3beb0a2,94725cffb212122c,18-49,AGE,mild,2026-09-05T14:26:00,pharmacy
PS-HEB-001,Hebron,31.5326,35.0998,f17af80950dde2c9,28079af94dad32fe,50-64,AGE,mild,2026-09-05T20:51:00,lab
PS-HEB-001,Hebron,31.5326,35.0998,d3391f64b3beb0a2,53b209fb1ca34767,5-17,AGE,moderate,2026-09-05T10:35:00,ehr
PS-HEB-001,Hebron,31.5326,35.0998,7c5d3d710b7ca6a2,0f721a5daf3e0c19,50-64,AGE,moderate,2026-09-05T09:34:00,ehr
PS-HEB-001,Hebron,31.5326,35.0998,e3dff89ada235d59,140f7b48232738b1,5-17,AGE,mild,2026-09-05T19:06:00,pharmacy
PS-HEB-001,Hebron,31.5326,35.0998,7c5d3d710b7ca6a2,3fbe3b8ca7ff1536,5-17,AGE,mild,2026-09-05T14:32:00,lab
PS-HEB-001,Hebron,31.5326,35.0998,f17af80950dde2c9,2357c834a44ece08,5-17,ARI,moderate,2026-09-05T19:42:00,ehr
PS-HEB-001,Hebron,31.5326,35.0998,d3391f64b3beb0a2,f7db857d9ccf671f,18-49,ARI,moderate,2026-09-05T09:18:00,ehr
PS-HEB-001,Hebron,31.5326,35.0998,f17af80950dde2c9,d507090d9848e368,50-64,ARI,mild,2026-09-05T19:17:00,ehr
PS-HEB-001,Hebron,31.5326,35.0998,f17af80950dde2c9,781950b97de1e167,0-4,ARI,mild,2026-09-05T12:04:00,ehr
PS-HEB-001,Hebron,31.5326,35.0998,f17af80950dde2c9,d26656fc951b0a98,0-4,ARI,mild,2026-09-05T20:32:00,ehr
PS-HEB-001,Hebron,31.5326,35.0998,f17af80950dde2c9,801ce8941609f4b6,18-49,ARI,mild,2026-09-05T19:41:00,ehr
PS-HEB-001,Hebron,31.5326,35.0998,7c5d3d710b7ca6a2,8ac544feda22550e,5-17,ARI,mild,2026-09-05T14:42:00,ehr
PS-HEB-001,Hebron,31.5326,35.0998,7c5d3d710b7ca6a2,d6516409515f6ee1,50-64,ARI,moderate,2026-09-05T10:33:00,ehr
PS-HEB-001,Hebron,31.5326,35.0998,d3391f64b3beb0a2,82c2415581e19562,18-49,ARI,mild,2026-09-05T20:04:00,lab
PS-HEB-001,Hebron,31.5326,35.0998,f17af80950dde2c9,8143ee7ab4956de2,0-4,ARI,mild,2026-09-05T17:11:00,ehr
PS-HEB-001,Hebron,31.5326,35.0998,f17af80950dde2c9,d981b3f0a33a4567,18-49,ARI,mild,2026-09-05T11:49:00,ehr
PS-HEB-001,Hebron,31.5326,35.0998,d3391f64b3beb0a2,49c2c57ba4d8dda7,65+,JAUNDICE,mild,2026-09-05T15:53:00,lab
PS-HEB-001,Hebron,31.5326,35.0998,f17af80950dde2c9,7f2b0ebfadffdf6b,18-49,OTHER,mild,2026-09-05T17:57:00,ehr
PS-HEB-001,Hebron,31.5326,35.0998,e3dff89ada235d59,b95f686e6b458ea1,65+,OTHER,mild,2026-09-05T20:53:00,pharmacy
PS-HEB-001,Hebron,31.5326,35.0998,f17af80950dde2c9,5a361e9a775ab3e1,18-49,OTHER,mild,2026-09-05T13:30:00,ehr
PS-HEB-001,Hebron,31.5326,35.0998,f17af80950dde2c9,875f33e61297b62c,18-49,OTHER,moderate,2026-09-05T10:57:00,pharmacy
PS-HEB-001,Hebron,31.5326,35.0998,7c5d3d710b7ca6a2,72fa01e86f41305d,50-64,OTHER,mild,2026-09-05T07:26:00,pharmacy
PS-HEB-001,Hebron,31.5326,35.0998,e3dff89ada235d59,95bb00b30d0a01ca,5-17,OTHER,mild,2026-09-05T13:37:00,ehr
PS-HEB-001,Hebron,31.5326,35.0998,d3391f64b3beb0a2,ef176ee981cd4073,0-4,OTHER,moderate,2026-09-05T19:15:00,pharmacy
PS-HEB-001,Hebron,31.5326,35.0998,e3dff89ada235d59,08bdc4ccd32586ba,18-49,OTHER,mild,2026-09-05T20:38:00,ehr
PS-HEB-002,Hebron,31.545,35.087,9b34d36ec3c96b37,4e6f1bc8209f7aed,65+,ILI,moderate,2026-09-05T20:28:00,ehr
PS-HEB-002,Hebron,31.545,35.087,3000fc3d8d01f75a,f25bd66d01b345d6,18-49,ILI,mild,2026-09-05T10:43:00,lab
PS-HEB-002,Hebron,31.545,35.087,9b34d36ec3c96b37,7180a93a441be1af,18-49,ILI,mild,2026-09-05T15:38:00,ehr
PS-HEB-002,Hebron,31.545,35.087,b828601a5432663a,41521ee16844a7a3,18-49,ILI,moderate,2026-09-05T09:27:00,ehr
PS-HEB-002,Hebron,31.545,35.087,3000fc3d8d01f75a,1aad6b4711994e14,0-4,ILI,mild,2026-09-05T20:50:00,ehr
PS-HEB-002,Hebron,31.545,35.087,d1fda43bf12417c4,965ae860490d10f7,18-49,ILI,mild,2026-09-05T20:25:00,ehr
PS-HEB-002,Hebron,31.545,35.087,d1fda43bf12417c4,d8366f3f42921fa0,65+,ILI,mild,2026-09-05T18:11:00,ehr
PS-HEB-002,Hebron,31.545,35.087,b828601a5432663a,40e6644e4e8a3db6,50-64,ILI,moderate,2026-09-05T08:48:00,lab
PS-HEB-002,Hebron,31.545,35.087,b828601a5432663a,73ccd4c5ff117439,65+,AGE,mild,2026-09-05T13:38:00,ehr
PS-HEB-002,Hebron,31.545,35.087,3000fc3d8d01f75a,2421e2066e56c60e,5-17,AGE,moderate,2026-09-05T07:49:00,ehr
PS-HEB-002,Hebron,31.545,35.087,3000fc3d8d01f75a,f0737479d0a3583b,50-64,AGE,mild,2026-09-05T08:18:00,pharmacy
PS-HEB-002,Hebron,31.545,35.087,3000fc3d8d01f75a,f34f659ba5bf2d03,5-17,AGE,mild,2026-09-05T10:02:00,lab
PS-HEB-002,Hebron,31.545,35.087,d1fda43bf12417c4,d95b746ca211bff9,18-49,AGE,moderate,2026-09-05T16:00:00,ehr
PS-HEB-002,Hebron,31.545,35.087,d1fda43bf12417c4,7eaf070f201cd66c,18-49,AGE,severe,2026-09-05T07:57:00,pharmacy
PS-HEB-002,Hebron,31.545,35.087,b828601a5432663a,2b94e6d5a9182ab0,0-4,AGE,severe,2026-09-05T19:35:00,ehr
PS-HEB-002,Hebron,31.545,35.087,9b34d36ec3c96b37,9613ca642f7996bf,5-17,AGE,moderate,2026-09-05T09:43:00,ehr
PS-HEB-002,Hebron,31.545,35.087,9b34d36ec3c96b37,8df8cdea51b2a084,50-64,ARI,moderate,2026-09-05T08:28:00,ehr
PS-HEB-002,Hebron,31.545,35.087,9b34d36ec3c96b37,155e667bcb1d0887,65+,ARI,mild,2026-09-05T19:05:00,ehr
PS-HEB-002,Hebron,31.545,35.087,b828601a5432663a,3f04f44297dbd890,65+,ARI,mild,2026-09-05T12:43:00,ehr
PS-HEB-002,Hebron,31.545,35.087,9b34d36ec3c96b37,16838a553ef887d4,50-64,ARI,mild,2026-09-05T10:11:00,ehr
PS-HEB-002,Hebron,31.545,35.087,d1fda43bf12417c4,b81b13152c40b661,50-64,ARI,moderate,2026-09-05T13:36:00,lab
PS-HEB-002,Hebron,31.545,35.087,3000fc3d8d01f75a,21a6c5e46aef9f95,50-64,FEVER_RASH,mild,2026-09-05T09:36:00,ehr
PS-HEB-002,Hebron,31.545,35.087,3000fc3d8d01f75a,78fe9de98b7743a3,5-17,OTHER,mild,2026-09-05T18:25:00,ehr
PS-HEB-002,Hebron,31.545,35.087,3000fc3d8d01f75a,ae3607db835a895d,0-4,OTHER,mild,2026-09-05T16:46:00,pharmacy
PS-HEB-002,Hebron,31.545,35.087,9b34d36ec3c96b37,88e7bfdd73092b83,18-49,OTHER,severe,2026-09-05T10:08:00,lab
PS-HEB-002,Hebron,31.545,35.087,b828601a5432663a,f570b57a79d41b83,5-17,OTHER,mild,2026-09-05T09:34:00,lab
PS-HEB-002,Hebron,31.545,35.087,b828601a5432663a,a712da4abe966d7e,5-17,OTHER,moderate,2026-09-05T10:22:00,lab
PS-HEB-002,Hebron,31.545,35.087,9b34d36ec3c96b37,6db45f35d12db0ed,18-49,OTHER,mild,2026-09-05T07:08:00,ehr
PS-HEB-002,Hebron,31.545,35.087,9b34d36ec3c96b37,faa00ad94a056f56,50-64,OTHER,mild,2026-09-05T20:10:00,ehr
PS-HEB-002,Hebron,31.545,35.087,9b34d36ec3c96b37,5b20a22aadc085da,5-17,OTHER,moderate,2026-09-05T12:13:00,pharmacy
PS-HEB-002,Hebron,31.545,35.087,9b34d36ec3c96b37,f53db2e0f887ba8e,18-49,OTHER,mild,2026-09-05T12:01:00,pharmacy
PS-RAM-001,Ramallah,31.9038,35.2034,d4bc341fd534ad06,2e9e46155af6f3fe,65+,ILI,moderate,2026-09-05T13:47:00,ehr
PS-RAM-001,Ramallah,31.9038,35.2034,4dc3b3d585035dae,6784fd35ee239ca2,18-49,ILI,moderate,2026-09-05T09:02:00,pharmacy
PS-RAM-001,Ramallah,31.9038,35.2034,2c531e40a3a7ce8c,12fc76c8b18b05d8,18-49,ILI,mild,2026-09-05T20:54:00,ehr
PS-RAM-001,Ramallah,31.9038,35.2034,865eea42f5c6ccea,36c651d23810f6fa,50-64,ILI,mild,2026-09-05T12:49:00,ehr
PS-RAM-001,Ramallah,31.9038,35.2034,4dc3b3d585035dae,b00a60c067e6182e,18-49,AGE,mild,2026-09-05T11:16:00,ehr
PS-RAM-001,Ramallah,31.9038,35.2034,2c531e40a3a7ce8c,2802120a572d9520,5-17,AGE,mild,2026-09-05T12:12:00,ehr
PS-RAM-001,Ramallah,31.9038,35.2034,4dc3b3d585035dae,e3d4c390b9c39a08,0-4,AGE,moderate,2026-09-05T10:22:00,ehr
PS-RAM-001,Ramallah,31.9038,35.2034,4dc3b3d585035dae,8ed262aefb1072b6,0-4,AGE,moderate,2026-09-05T12:54:00,ehr
PS-RAM-001,Ramallah,31.9038,35.2034,865eea42f5c6ccea,adf28a4b8e12213a,50-64,AGE,mild,2026-09-05T12:18:00,ehr
PS-RAM-001,Ramallah,31.9038,35.2034,d4bc341fd534ad06,d639b64b507a365a,18-49,AGE,moderate,2026-09-05T10:54:00,pharmacy
PS-RAM-001,Ramallah,31.9038,35.2034,2c531e40a3a7ce8c,24d919e45d4f05dc,18-49,AGE,moderate,2026-09-05T11:44:00,ehr
PS-RAM-001,Ramallah,31.9038,35.2034,d4bc341fd534ad06,8da69a2f91d8bfe3,50-64,ARI,mild,2026-09-05T20:15:00,ehr
PS-RAM-001,Ramallah,31.9038,35.2034,4dc3b3d585035dae,29b368ddf2c78cf4,5-17,ARI,moderate,2026-09-05T07:51:00,pharmacy
PS-RAM-001,Ramallah,31.9038,35.2034,4dc3b3d585035dae,cacd139c783971b5,0-4,ARI,severe,2026-09-05T17:14:00,ehr
PS-RAM-001,Ramallah,31.9038,35.2034,4dc3b3d585035dae,19dd7b2b127a78bf,5-17,ARI,mild,2026-09-05T19:17:00,lab
PS-RAM-001,Ramallah,31.9038,35.2034,d4bc341fd534ad06,31d65c9999cd8233,5-17,ARI,moderate,2026-09-05T19:21:00,pharmacy
PS-RAM-001,Ramallah,31.9038,35.2034,4dc3b3d585035dae,0c75944f5ff874d6,0-4,ARI,mild,2026-09-05T16:08:00,lab
PS-RAM-001,Ramallah,31.9038,35.2034,4dc3b3d585035dae,b743c15f1df99b35,18-49,ARI,mild,2026-09-05T13:12:00,ehr
PS-RAM-001,Ramallah,31.9038,35.2034,4dc3b3d585035dae,794fc2100869220d,50-64,ARI,mild,2026-09-05T11:10:00,pharmacy
PS-RAM-001,Ramallah,31.9038,35.2034,865eea42f5c6ccea,cb6942a50611da1a,18-49,ARI,mild,2026-09-05T19:55:00,lab
PS-RAM-001,Ramallah,31.9038,35.2034,4dc3b3d585035dae,9032518b1e7bd76e,18-49,ARI,mild,2026-09-05T12:39:00,lab
PS-RAM-001,Ramallah,31.9038,35.2034,2c531e40a3a7ce8c,00b369f70ace5630,0-4,FEVER_RASH,mild,2026-09-05T08:44:00,lab
PS-RAM-001,Ramallah,31.9038,35.2034,865eea42f5c6ccea,f1f220de1166f199,18-49,FEVER_RASH,mild,2026-09-05T09:27:00,pharmacy
PS-RAM-001,Ramallah,31.9038,35.2034,4dc3b3d585035dae,f95be2f82849e4ab,50-64,OTHER,mild,2026-09-05T09:44:00,lab
PS-RAM-001,Ramallah,31.9038,35.2034,2c531e40a3a7ce8c,466538cc71ecf8c1,0-4,OTHER,mild,2026-09-05T19:49:00,ehr
PS-RAM-001,Ramallah,31.9038,35.2034,865eea42f5c6ccea,87b4d52742f63d05,5-17,OTHER,mild,2026-09-05T17:47:00,ehr
PS-RAM-001,Ramallah,31.9038,35.2034,4dc3b3d585035dae,22370c6e83df45e4,0-4,OTHER,mild,2026-09-05T10:10:00,ehr
PS-RAM-001,Ramallah,31.9038,35.2034,865eea42f5c6ccea,3a6ba53059c3dd53,0-4,OTHER,mild,2026-09-05T12:00:00,ehr
PS-RAM-001,Ramallah,31.9038,35.2034,4dc3b3d585035dae,5ffa83ea347e1128,5-17,OTHER,mild,2026-09-05T08:37:00,ehr
PS-RAM-001,Ramallah,31.9038,35.2034,d4bc341fd534ad06,8fb809b9a515e73c,18-49,OTHER,mild,2026-09-05T15:54:00,ehr
PS-RAM-001,Ramallah,31.9038,35.2034,2c531e40a3a7ce8c,53b718dacb411e13,5-17,OTHER,moderate,2026-09-05T11:29:00,ehr
PS-RAM-001,Ramallah,31.9038,35.2034,2c531e40a3a7ce8c,ecbadf479c760880,18-49,OTHER,mild,2026-09-05T09:05:00,ehr
PS-RAM-001,Ramallah,31.9038,35.2034,4dc3b3d585035dae,9cb639f5fcabc825,18-49,OTHER,moderate,2026-09-05T18:59:00,ehr
PS-RAM-001,Ramallah,31.9038,35.2034,d4bc341fd534ad06,c11a7eebade3565c,18-49,OTHER,mild,2026-09-05T11:49:00,lab
PS-RAM-001,Ramallah,31.9038,35.2034,2c531e40a3a7ce8c,f087a4b4b8f625b9,65+,OTHER,moderate,2026-09-05T20:36:00,ehr
PS-RAM-001,Ramallah,31.9038,35.2034,d4bc341fd534ad06,cc17463f21cebd26,5-17,OTHER,mild,2026-09-05T16:37:00,pharmacy
PS-RAM-001,Ramallah,31.9038,35.2034,865eea42f5c6ccea,61a91cd00cb7ab65,18-49,OTHER,mild,2026-09-05T07:10:00,ehr
PS-NAB-001,Nablus,32.2211,35.2544,c9eef5119a779be2,5a3bd3b1c93c763d,18-49,ILI,mild,2026-09-05T15:21:00,pharmacy
PS-NAB-001,Nablus,32.2211,35.2544,c9eef5119a779be2,189c2f47d3c2b5e4,18-49,ILI,moderate,2026-09-05T09:49:00,lab
PS-NAB-001,Nablus,32.2211,35.2544,62c116f8ada8f79a,abb188bc5dad30e2,0-4,ILI,mild,2026-09-05T09:25:00,lab
PS-NAB-001,Nablus,32.2211,35.2544,62c116f8ada8f79a,2caf4374fe059e06,5-17,ILI,moderate,2026-09-05T14:08:00,ehr
PS-NAB-001,Nablus,32.2211,35.2544,2e49f94506905ef7,c87c08ebda4dfe71,50-64,ILI,mild,2026-09-05T18:23:00,pharmacy
PS-NAB-001,Nablus,32.2211,35.2544,62c116f8ada8f79a,4adb2b7041c6ca56,50-64,ILI,mild,2026-09-05T09:11:00,ehr
PS-NAB-001,Nablus,32.2211,35.2544,c9eef5119a779be2,4ea2be7726fe605f,18-49,ILI,mild,2026-09-05T15:11:00,lab
PS-NAB-001,Nablus,32.2211,35.2544,c9eef5119a779be2,50d2c1462084c397,18-49,ILI,mild,2026-09-05T09:48:00,ehr
PS-NAB-001,Nablus,32.2211,35.2544,c9eef5119a779be2,0e48627218e18951,50-64,ILI,mild,2026-09-05T16:48:00,ehr
PS-NAB-001,Nablus,32.2211,35.2544,62c116f8ada8f79a,59e815c348545ce4,5-17,ILI,mild,2026-09-05T20:10:00,ehr
PS-NAB-001,Nablus,32.2211,35.2544,62c116f8ada8f79a,5a8ed27002549731,18-49,ILI,moderate,2026-09-05T16:36:00,pharmacy
PS-NAB-001,Nablus,32.2211,35.2544,ce0af50d2ab5f724,ffe778a4a0c8b3ca,18-49,AGE,moderate,2026-09-05T18:41:00,lab
PS-NAB-001,Nablus,32.2211,35.2544,ce0af50d2ab5f724,41bc17a4f881f619,18-49,AGE,mild,2026-09-05T07:08:00,ehr
PS-NAB-001,Nablus,32.2211,35.2544,2e49f94506905ef7,445a492ec5dadd88,65+,AGE,mild,2026-09-05T20:53:00,ehr
PS-NAB-001,Nablus,32.2211,35.2544,ce0af50d2ab5f724,20bc39897de1e011,50-64,AGE,mild,2026-09-05T09:04:00,ehr
PS-NAB-001,Nablus,32.2211,35.2544,2e49f94506905ef7,a7ab455d891a7ad5,18-49,ARI,mild,2026-09-05T07:47:00,ehr
PS-NAB-001,Nablus,32.2211,35.2544,62c116f8ada8f79a,5e64d3a29e92ca23,0-4,ARI,mild,2026-09-05T15:39:00,lab
PS-NAB-001,Nablus,32.2211,35.2544,62c116f8ada8f79a,32e38064bd6d361f,5-17,ARI,mild,2026-09-05T08:05:00,ehr
PS-NAB-001,Nablus,32.2211,35.2544,62c116f8ada8f79a,217512fd44cd759e,18-49,ARI,mild,2026-09-05T13:01:00,ehr
PS-NAB-001,Nablus,32.2211,35.2544,ce0af50d2ab5f724,33e1ea35d87847e2,0-4,ARI,mild,2026-09-05T13:17:00,lab
PS-NAB-001,Nablus,32.2211,35.2544,2e49f94506905ef7,5c631b457ddaee64,18-49,ARI,mild,2026-09-05T20:53:00,ehr
PS-NAB-001,Nablus,32.2211,35.2544,62c116f8ada8f79a,eb162e311bd4e910,18-49,ARI,moderate,2026-09-05T13:18:00,ehr
PS-NAB-001,Nablus,32.2211,35.2544,62c116f8ada8f79a,6c4499bbe7555826,5-17,JAUNDICE,mild,2026-09-05T10:29:00,lab
PS-NAB-001,Nablus,32.2211,35.2544,62c116f8ada8f79a,6e26b1d45946e519,50-64,JAUNDICE,mild,2026-09-05T20:27:00,ehr
PS-NAB-001,Nablus,32.2211,35.2544,2e49f94506905ef7,b219d4ab5809ec4c,0-4,HEMORRHAGIC_FEVER,moderate,2026-09-05T19:26:00,pharmacy
PS-NAB-001,Nablus,32.2211,35.2544,2e49f94506905ef7,51a751bef0885602,65+,OTHER,mild,2026-09-05T11:18:00,ehr
PS-NAB-001,Nablus,32.2211,35.2544,ce0af50d2ab5f724,3f300d8961ab6588,5-17,OTHER,moderate,2026-09-05T18:06:00,ehr
PS-NAB-001,Nablus,32.2211,35.2544,62c116f8ada8f79a,6b522213011c21a5,18-49,OTHER,mild,2026-09-05T08:58:00,lab
PS-NAB-001,Nablus,32.2211,35.2544,ce0af50d2ab5f724,74b18b68772f0b7b,65+,OTHER,moderate,2026-09-05T15:23:00,ehr
PS-NAB-001,Nablus,32.2211,35.2544,62c116f8ada8f79a,2c4cd207d0c2618c,50-64,OTHER,mild,2026-09-05T13:54:00,ehr
PS-NAB-001,Nablus,32.2211,35.2544,c9eef5119a779be2,c1bbf829d3190ad3,50-64,OTHER,moderate,2026-09-05T16:02:00,lab
PS-NAB-001,Nablus,32.2211,35.2544,c9eef5119a779be2,cd5107ac825d1b27,0-4,OTHER,mild,2026-09-05T12:54:00,ehr
PS-BET-001,Bethlehem,31.7054,35.2024,0a12ccb2fb499cd0,0ddf6ac5b63540ff,5-17,ILI,mild,2026-09-05T14:39:00,ehr
PS-BET-001,Bethlehem,31.7054,35.2024,0a12ccb2fb499cd0,0b8ab12aa6466777,18-49,ILI,mild,2026-09-05T09:18:00,ehr
PS-BET-001,Bethlehem,31.7054,35.2024,53365b5018ccb30a,f8ed4382af339c21,5-17,ILI,mild,2026-09-05T08:49:00,lab
PS-BET-001,Bethlehem,31.7054,35.2024,0a12ccb2fb499cd0,710de822b219375c,18-49,ILI,mild,2026-09-05T19:21:00,ehr
PS-BET-001,Bethlehem,31.7054,35.2024,c1a0ab6562099869,67f92859c2ce9078,5-17,ILI,moderate,2026-09-05T14:36:00,pharmacy
PS-BET-001,Bethlehem,31.7054,35.2024,0a12ccb2fb499cd0,8280eb3c5c756268,5-17,ILI,moderate,2026-09-05T12:47:00,lab
PS-BET-001,Bethlehem,31.7054,35.2024,c1a0ab6562099869,b76ea76713a2b9b1,5-17,ILI,mild,2026-09-05T15:36:00,ehr
PS-BET-001,Bethlehem,31.7054,35.2024,2ee779d7897ae9a5,38a49010d20ab940,0-4,ILI,mild,2026-09-05T15:27:00,ehr
PS-BET-001,Bethlehem,31.7054,35.2024,0a12ccb2fb499cd0,87ea8d358c27af9b,18-49,ILI,mild,2026-09-05T16:21:00,ehr
PS-BET-001,Bethlehem,31.7054,35.2024,2ee779d7897ae9a5,6b311b7dfebcc9ed,5-17,AGE,mild,2026-09-05T14:47:00,ehr
PS-BET-001,Bethlehem,31.7054,35.2024,c1a0ab6562099869,246c6aedc0e9bdb1,50-64,AGE,mild,2026-09-05T10:20:00,ehr
PS-BET-001,Bethlehem,31.7054,35.2024,c1a0ab6562099869,84f4484bee6821f8,5-17,ARI,moderate,2026-09-05T17:27:00,lab
PS-BET-001,Bethlehem,31.7054,35.2024,2ee779d7897ae9a5,8833103ac72ff785,5-17,ARI,mild,2026-09-05T18:06:00,pharmacy
PS-BET-001,Bethlehem,31.7054,35.2024,0a12ccb2fb499cd0,dbb42234cbca5a45,18-49,ARI,mild,2026-09-05T11:17:00,lab
PS-BET-001,Bethlehem,31.7054,35.2024,53365b5018ccb30a,356d0d9600529c49,50-64,ARI,severe,2026-09-05T08:34:00,ehr
PS-BET-001,Bethlehem,31.7054,35.2024,53365b5018ccb30a,cc582bf1a7009d46,50-64,FEVER_RASH,mild,2026-09-05T13:16:00,lab
PS-BET-001,Bethlehem,31.7054,35.2024,2ee779d7897ae9a5,c92d1708463aa534,18-49,OTHER,moderate,2026-09-05T19:04:00,ehr
PS-BET-001,Bethlehem,31.7054,35.2024,c1a0ab6562099869,7d51dd5bd28e0ddd,65+,OTHER,mild,2026-09-05T15:23:00,lab
PS-JEN-001,Jenin,32.4597,35.2951,02322af968c6062f,5633d55631e8c648,50-64,ILI,mild,2026-09-05T20:07:00,ehr
PS-JEN-001,Jenin,32.4597,35.2951,d723f8382af3d058,60fc43a07bf2c163,0-4,ILI,severe,2026-09-05T18:29:00,ehr
PS-JEN-001,Jenin,32.4597,35.2951,d723f8382af3d058,fac917930f31b746,0-4,ILI,moderate,2026-09-05T13:48:00,ehr
PS-JEN-001,Jenin,32.4597,35.2951,d723f8382af3d058,3f50f9651d9a16de,5-17,ILI,mild,2026-09-05T18:15:00,pharmacy
PS-JEN-001,Jenin,32.4597,35.2951,02322af968c6062f,7110f15a590c134a,18-49,ILI,mild,2026-09-05T10:13:00,ehr
PS-JEN-001,Jenin,32.4597,35.2951,d723f8382af3d058,f8ab925406883266,18-49,ILI,moderate,2026-09-05T07:52:00,ehr
PS-JEN-001,Jenin,32.4597,35.2951,0747c175e69e0dff,c7dae1602fef7cd5,5-17,AGE,mild,2026-09-05T15:59:00,lab
PS-JEN-001,Jenin,32.4597,35.2951,c0d662d41ad4a594,145c48a7061bef03,50-64,AGE,mild,2026-09-05T20:30:00,pharmacy
PS-JEN-001,Jenin,32.4597,35.2951,0747c175e69e0dff,331df26a2bbb02a5,18-49,ARI,mild,2026-09-05T13:21:00,pharmacy
PS-JEN-001,Jenin,32.4597,35.2951,02322af968c6062f,e4bdf58c2c2ad045,18-49,FEVER_RASH,moderate,2026-09-05T19:52:00,pharmacy
PS-JEN-001,Jenin,32.4597,35.2951,d723f8382af3d058,abf6d79ba9e5cec1,65+,OTHER,mild,2026-09-05T18:39:00,ehr
PS-HEB-001,Hebron,31.5326,35.0998,d3391f64b3beb0a2,be037ac43b1f2bee,18-49,ILI,mild,2026-09-06T20:01:00,ehr
PS-HEB-001,Hebron,31.5326,35.0998,7c5d3d710b7ca6a2,4dd6bc7356e42a25,5-17,ILI,moderate,2026-09-06T18:29:00,lab
PS-HEB-001,Hebron,31.5326,35.0998,7c5d3d710b7ca6a2,828940f0178e10cf,18-49,ILI,mild,2026-09-06T19:44:00,lab
PS-HEB-001,Hebron,31.5326,35.0998,f17af80950dde2c9,26c00f259eb9aabe,5-17,ILI,moderate,2026-09-06T07:26:00,ehr
PS-HEB-001,Hebron,31.5326,35.0998,e3dff89ada235d59,3cb61f0e40e2e4f8,18-49,ILI,severe,2026-09-06T13:48:00,ehr
PS-HEB-001,Hebron,31.5326,35.0998,e3dff89ada235d59,3f7ebf0dacecc2c3,18-49,ILI,mild,2026-09-06T14:12:00,pharmacy
PS-HEB-001,Hebron,31.5326,35.0998,e3dff89ada235d59,2a74de8e00ad17cd,18-49,ILI,mild,2026-09-06T08:43:00,lab
PS-HEB-001,Hebron,31.5326,35.0998,e3dff89ada235d59,4fddec19fc98ebd8,50-64,ILI,mild,2026-09-06T18:20:00,ehr
PS-HEB-001,Hebron,31.5326,35.0998,7c5d3d710b7ca6a2,c0b8c2c82d447fbc,18-49,ILI,moderate,2026-09-06T14:47:00,ehr
PS-HEB-001,Hebron,31.5326,35.0998,e3dff89ada235d59,197f0e4f0f905637,18-49,ILI,mild,2026-09-06T16:16:00,ehr
PS-HEB-001,Hebron,31.5326,35.0998,e3dff89ada235d59,6dd69ad9d2ec652f,65+,AGE,mild,2026-09-06T10:45:00,ehr
PS-HEB-001,Hebron,31.5326,35.0998,7c5d3d710b7ca6a2,b86bcebbc89122d6,0-4,AGE,mild,2026-09-06T12:19:00,pharmacy
PS-HEB-001,Hebron,31.5326,35.0998,f17af80950dde2c9,04cbeec9ffe9d0a8,0-4,AGE,mild,2026-09-06T16:26:00,ehr
PS-HEB-001,Hebron,31.5326,35.0998,d3391f64b3beb0a2,4edf5f0b4e65df0c,50-64,AGE,mild,2026-09-06T08:39:00,ehr
PS-HEB-001,Hebron,31.5326,35.0998,e3dff89ada235d59,c8a0e1308281e35d,65+,AGE,mild,2026-09-06T12:16:00,pharmacy
PS-HEB-001,Hebron,31.5326,35.0998,d3391f64b3beb0a2,560d2d72b42f8ccd,18-49,AGE,mild,2026-09-06T15:47:00,ehr
PS-HEB-001,Hebron,31.5326,35.0998,7c5d3d710b7ca6a2,1277226d5851ef49,18-49,AGE,mild,2026-09-06T18:09:00,lab
PS-HEB-001,Hebron,31.5326,35.0998,7c5d3d710b7ca6a2,f9f50a934a9ce030,18-49,AGE,mild,2026-09-06T14:32:00,ehr
PS-HEB-001,Hebron,31.5326,35.0998,7c5d3d710b7ca6a2,70fd90257bb5f558,5-17,AGE,mild,2026-09-06T17:14:00,pharmacy
PS-HEB-001,Hebron,31.5326,35.0998,7c5d3d710b7ca6a2,dd5c18c748896b08,0-4,AGE,mild,2026-09-06T20:48:00,ehr
PS-HEB-001,Hebron,31.5326,35.0998,e3dff89ada235d59,6f01915c0b683a15,50-64,ARI,mild,2026-09-06T18:42:00,ehr
PS-HEB-001,Hebron,31.5326,35.0998,e3dff89ada235d59,aab63828da2b943a,65+,ARI,moderate,2026-09-06T12:00:00,ehr
PS-HEB-001,Hebron,31.5326,35.0998,e3dff89ada235d59,b83ff1fa7b1409b2,18-49,ARI,mild,2026-09-06T14:03:00,lab
PS-HEB-001,Hebron,31.5326,35.0998,7c5d3d710b7ca6a2,67af3c3f11274bed,18-49,ARI,mild,2026-09-06T07:13:00,pharmacy
PS-HEB-001,Hebron,31.5326,35.0998,7c5d3d710b7ca6a2,a31ca336fa63ab66,18-49,ARI,mild,2026-09-06T17:57:00,pharmacy
PS-HEB-001,Hebron,31.5326,35.0998,f17af80950dde2c9,d0b0d6c0d9d2aeb8,18-49,ARI,mild,2026-09-06T09:38:00,ehr
PS-HEB-001,Hebron,31.5326,35.0998,d3391f64b3beb0a2,6fae8c4fc36a3d9c,18-49,ARI,mild,2026-09-06T20:19:00,ehr
PS-HEB-001,Hebron,31.5326,35.0998,d3391f64b3beb0a2,10e04e229916c805,65+,ARI,mild,2026-09-06T14:09:00,lab
PS-HEB-001,Hebron,31.5326,35.0998,7c5d3d710b7ca6a2,c3c9fd59ae996442,0-4,ARI,mild,2026-09-06T17:17:00,lab
PS-HEB-001,Hebron,31.5326,35.0998,7c5d3d710b7ca6a2,2f5caa7dd05865be,18-49,ARI,moderate,2026-09-06T16:43:00,lab
PS-HEB-001,Hebron,31.5326,35.0998,e3dff89ada235d59,84dce9fb4179fe6a,50-64,ARI,mild,2026-09-06T20:07:00,ehr
PS-HEB-001,Hebron,31.5326,35.0998,7c5d3d710b7ca6a2,ad244e2e288563ee,5-17,JAUNDICE,mild,2026-09-06T09:53:00,ehr
PS-HEB-001,Hebron,31.5326,35.0998,d3391f64b3beb0a2,6c41242dea43acdf,5-17,OTHER,mild,2026-09-06T13:12:00,pharmacy
PS-HEB-001,Hebron,31.5326,35.0998,e3dff89ada235d59,482272bb85ceb564,18-49,OTHER,mild,2026-09-06T13:40:00,pharmacy
PS-HEB-001,Hebron,31.5326,35.0998,f17af80950dde2c9,52338f17dd1e9844,50-64,OTHER,mild,2026-09-06T17:52:00,ehr
PS-HEB-001,Hebron,31.5326,35.0998,d3391f64b3beb0a2,8107fd4bc76da995,50-64,OTHER,moderate,2026-09-06T18:47:00,ehr
PS-HEB-002,Hebron,31.545,35.087,9b34d36ec3c96b37,95dd25e80979409f,18-49,ILI,mild,2026-09-06T12:13:00,ehr
PS-HEB-002,Hebron,31.545,35.087,3000fc3d8d01f75a,8fdcb8f4017c85c2,5-17,ILI,mild,2026-09-06T10:29:00,ehr
PS-HEB-002,Hebron,31.545,35.087,9b34d36ec3c96b37,0995e7af7183c3f5,50-64,ILI,moderate,2026-09-06T16:28:00,ehr
PS-HEB-002,Hebron,31.545,35.087,9b34d36ec3c96b37,559a65629d1fb4f4,18-49,ILI,mild,2026-09-06T10:39:00,ehr
PS-HEB-002,Hebron,31.545,35.087,d1fda43bf12417c4,294f70d943a3bf73,5-17,ILI,mild,2026-09-06T19:18:00,ehr
PS-HEB-002,Hebron,31.545,35.087,3000fc3d8d01f75a,1d91919fa6d51972,5-17,AGE,moderate,2026-09-06T07:22:00,ehr
PS-HEB-002,Hebron,31.545,35.087,b828601a5432663a,59fe94ddf928d9e2,18-49,AGE,moderate,2026-09-06T15:48:00,ehr
PS-HEB-002,Hebron,31.545,35.087,b828601a5432663a,1aeb36577f593514,65+,AGE,moderate,2026-09-06T19:17:00,ehr
PS-HEB-002,Hebron,31.545,35.087,d1fda43bf12417c4,e01d6f32a96e5c74,0-4,AGE,moderate,2026-09-06T20:56:00,pharmacy
PS-HEB-002,Hebron,31.545,35.087,d1fda43bf12417c4,9804848befc5fa98,18-49,AGE,mild,2026-09-06T14:31:00,lab
PS-HEB-002,Hebron,31.545,35.087,d1fda43bf12417c4,a1b61c493a21a9fb,65+,AGE,mild,2026-09-06T13:09:00,ehr
PS-HEB-002,Hebron,31.545,35.087,9b34d36ec3c96b37,81e13d37622b0d47,18-49,AGE,mild,2026-09-06T13:25:00,pharmacy
PS-HEB-002,Hebron,31.545,35.087,b828601a5432663a,59ac134cc72ab868,0-4,AGE,mild,2026-09-06T13:18:00,pharmacy
PS-HEB-002,Hebron,31.545,35.087,d1fda43bf12417c4,87b944c67e66115e,0-4,AGE,mild,2026-09-06T20:31:00,ehr
PS-HEB-002,Hebron,31.545,35.087,9b34d36ec3c96b37,ac5a21c15702e7d1,5-17,AGE,severe,2026-09-06T09:38:00,pharmacy
PS-HEB-002,Hebron,31.545,35.087,b828601a5432663a,40efd251a484d947,5-17,AGE,mild,2026-09-06T16:08:00,lab
PS-HEB-002,Hebron,31.545,35.087,9b34d36ec3c96b37,df9d5dac52e21b39,5-17,AGE,moderate,2026-09-06T16:37:00,lab
PS-HEB-002,Hebron,31.545,35.087,d1fda43bf12417c4,a2a2447becfad13e,18-49,AGE,moderate,2026-09-06T16:37:00,pharmacy
PS-HEB-002,Hebron,31.545,35.087,3000fc3d8d01f75a,d673541825206576,18-49,AGE,moderate,2026-09-06T10:13:00,lab
PS-HEB-002,Hebron,31.545,35.087,9b34d36ec3c96b37,82572f8765e9461e,18-49,AGE,mild,2026-09-06T15:32:00,ehr
PS-HEB-002,Hebron,31.545,35.087,b828601a5432663a,c3effe52db3bcf7a,5-17,ARI,mild,2026-09-06T07:19:00,ehr
PS-HEB-002,Hebron,31.545,35.087,3000fc3d8d01f75a,f95e272c78880623,50-64,ARI,moderate,2026-09-06T15:55:00,ehr
PS-HEB-002,Hebron,31.545,35.087,d1fda43bf12417c4,884e95ede5908228,65+,ARI,mild,2026-09-06T12:12:00,ehr
PS-HEB-002,Hebron,31.545,35.087,b828601a5432663a,1b9b6b028925c1d8,0-4,FEVER_RASH,moderate,2026-09-06T09:25:00,ehr
PS-HEB-002,Hebron,31.545,35.087,9b34d36ec3c96b37,796775a5c18596bb,65+,FEVER_RASH,mild,2026-09-06T11:03:00,pharmacy
PS-HEB-002,Hebron,31.545,35.087,d1fda43bf12417c4,376f72dbc4160bb3,50-64,OTHER,moderate,2026-09-06T17:42:00,pharmacy
PS-HEB-002,Hebron,31.545,35.087,3000fc3d8d01f75a,0f586cc86bd745f5,0-4,OTHER,mild,2026-09-06T08:13:00,pharmacy
PS-HEB-002,Hebron,31.545,35.087,d1fda43bf12417c4,6136e311f43faea9,50-64,OTHER,moderate,2026-09-06T14:20:00,lab
PS-HEB-002,Hebron,31.545,35.087,9b34d36ec3c96b37,f9a602b0f38e61f7,18-49,OTHER,moderate,2026-09-06T09:02:00,lab
PS-HEB-002,Hebron,31.545,35.087,d1fda43bf12417c4,d8e46ede583cf052,5-17,OTHER,mild,2026-09-06T11:10:00,pharmacy
PS-RAM-001,Ramallah,31.9038,35.2034,2c531e40a3a7ce8c,dfc55488c8d66bc0,5-17,ILI,moderate,2026-09-06T07:33:00,ehr
PS-RAM-001,Ramallah,31.9038,35.2034,d4bc341fd534ad06,97e1b4a441a58086,65+,ILI,mild,2026-09-06T16:59:00,ehr
PS-RAM-001,Ramallah,31.9038,35.2034,d4bc341fd534ad06,c9d575b8210dd1de,0-4,ILI,moderate,2026-09-06T16:16:00,pharmacy
PS-RAM-001,Ramallah,31.9038,35.2034,865eea42f5c6ccea,0835b5f22d9804df,18-49,ILI,mild,2026-09-06T20:02:00,ehr
PS-RAM-001,Ramallah,31.9038,35.2034,865eea42f5c6ccea,801c9555b8cafa3d,5-17,ILI,moderate,2026-09-06T08:30:00,lab
PS-RAM-001,Ramallah,31.9038,35.2034,d4bc341fd534ad06,cd49b6ca7fead0de,0-4,ILI,mild,2026-09-06T16:26:00,pharmacy
PS-RAM-001,Ramallah,31.9038,35.2034,2c531e40a3a7ce8c,46bb6b32ff0f229d,18-49,ILI,mild,2026-09-06T12:30:00,ehr
PS-RAM-001,Ramallah,31.9038,35.2034,4dc3b3d585035dae,2497c1c3c9603288,5-17,ILI,moderate,2026-09-06T20:54:00,ehr
PS-RAM-001,Ramallah,31.9038,35.2034,4dc3b3d585035dae,cfa92904af4e8bf4,18-49,ILI,mild,2026-09-06T14:16:00,ehr
PS-RAM-001,Ramallah,31.9038,35.2034,d4bc341fd534ad06,abbf3ada131d4334,18-49,ILI,mild,2026-09-06T17:12:00,lab
PS-RAM-001,Ramallah,31.9038,35.2034,4dc3b3d585035dae,b54b626b920ba6ee,18-49,ILI,mild,2026-09-06T08:00:00,ehr
PS-RAM-001,Ramallah,31.9038,35.2034,865eea42f5c6ccea,25c5beffb3ac8d9a,0-4,ILI,mild,2026-09-06T08:31:00,pharmacy
PS-RAM-001,Ramallah,31.9038,35.2034,2c531e40a3a7ce8c,aeb8c2c8fa00e59e,65+,ILI,mild,2026-09-06T19:42:00,ehr
PS-RAM-001,Ramallah,31.9038,35.2034,4dc3b3d585035dae,ba3d6da8b6e8e489,18-49,ILI,mild,2026-09-06T20:39:00,ehr
PS-RAM-001,Ramallah,31.9038,35.2034,4dc3b3d585035dae,4b5611d654db5887,5-17,AGE,moderate,2026-09-06T10:29:00,ehr
PS-RAM-001,Ramallah,31.9038,35.2034,865eea42f5c6ccea,3f65df6057aef7ce,50-64,AGE,mild,2026-09-06T20:19:00,pharmacy
PS-RAM-001,Ramallah,31.9038,35.2034,865eea42f5c6ccea,794deb04bb0b5093,18-49,AGE,mild,2026-09-06T07:49:00,pharmacy
PS-RAM-001,Ramallah,31.9038,35.2034,2c531e40a3a7ce8c,82bcea723eafd02a,50-64,AGE,mild,2026-09-06T13:55:00,ehr
PS-RAM-001,Ramallah,31.9038,35.2034,d4bc341fd534ad06,991acb5e12d578b6,18-49,AGE,mild,2026-09-06T07:44:00,pharmacy
PS-RAM-001,Ramallah,31.9038,35.2034,865eea42f5c6ccea,2ee16b943bc99598,0-4,ARI,mild,2026-09-06T07:58:00,ehr
PS-RAM-001,Ramallah,31.9038,35.2034,865eea42f5c6ccea,cef61ebfac9e6538,0-4,ARI,mild,2026-09-06T20:34:00,ehr
PS-RAM-001,Ramallah,31.9038,35.2034,4dc3b3d585035dae,61df3be9d595d449,18-49,ARI,mild,2026-09-06T11:02:00,ehr
PS-RAM-001,Ramallah,31.9038,35.2034,4dc3b3d585035dae,28dd78b57a1f006e,18-49,ARI,moderate,2026-09-06T12:22:00,ehr
PS-RAM-001,Ramallah,31.9038,35.2034,865eea42f5c6ccea,a3768b4b9d927852,5-17,ARI,moderate,2026-09-06T20:28:00,lab
PS-RAM-001,Ramallah,31.9038,35.2034,2c531e40a3a7ce8c,7a29f925089452ea,18-49,ARI,mild,2026-09-06T17:23:00,lab
PS-RAM-001,Ramallah,31.9038,35.2034,d4bc341fd534ad06,d05878c8cdde67bc,50-64,ARI,mild,2026-09-06T07:41:00,ehr
PS-RAM-001,Ramallah,31.9038,35.2034,2c531e40a3a7ce8c,9a2df6a23751a379,50-64,ARI,moderate,2026-09-06T07:37:00,ehr
PS-RAM-001,Ramallah,31.9038,35.2034,865eea42f5c6ccea,5554df48592b0e56,0-4,ARI,mild,2026-09-06T12:57:00,ehr
PS-RAM-001,Ramallah,31.9038,35.2034,2c531e40a3a7ce8c,4ad22c570140c160,5-17,ARI,moderate,2026-09-06T19:15:00,ehr
PS-RAM-001,Ramallah,31.9038,35.2034,d4bc341fd534ad06,fbae82d59224ddf8,18-49,ARI,mild,2026-09-06T17:13:00,ehr
PS-RAM-001,Ramallah,31.9038,35.2034,865eea42f5c6ccea,aebcddccaa3f3bbc,50-64,ARI,mild,2026-09-06T10:32:00,lab
PS-RAM-001,Ramallah,31.9038,35.2034,4dc3b3d585035dae,ac6db3177e08decb,18-49,ARI,mild,2026-09-06T17:17:00,ehr
PS-RAM-001,Ramallah,31.9038,35.2034,865eea42f5c6ccea,f4492a457af68d49,5-17,FEVER_RASH,mild,2026-09-06T09:25:00,ehr
PS-RAM-001,Ramallah,31.9038,35.2034,d4bc341fd534ad06,d57701d10551841b,18-49,FEVER_RASH,mild,2026-09-06T13:18:00,ehr
PS-RAM-001,Ramallah,31.9038,35.2034,2c531e40a3a7ce8c,97d5586b3cf6be08,0-4,JAUNDICE,mild,2026-09-06T13:08:00,lab
PS-RAM-001,Ramallah,31.9038,35.2034,4dc3b3d585035dae,afa245441609a1ee,18-49,OTHER,moderate,2026-09-06T15:58:00,lab
PS-RAM-001,Ramallah,31.9038,35.2034,d4bc341fd534ad06,9b77a35666b81a0e,65+,OTHER,mild,2026-09-06T07:32:00,ehr
PS-RAM-001,Ramallah,31.9038,35.2034,4dc3b3d585035dae,9a220f5d79084ea9,18-49,OTHER,mild,2026-09-06T07:43:00,pharmacy
PS-RAM-001,Ramallah,31.9038,35.2034,865eea42f5c6ccea,e27a26bd017a6dcd,50-64,OTHER,mild,2026-09-06T20:46:00,ehr
PS-RAM-001,Ramallah,31.9038,35.2034,2c531e40a3a7ce8c,8ee162a029a1df7d,50-64,OTHER,mild,2026-09-06T17:54:00,ehr
PS-RAM-001,Ramallah,31.9038,35.2034,865eea42f5c6ccea,df95bc9efb117655,18-49,OTHER,mild,2026-09-06T12:34:00,ehr
PS-RAM-001,Ramallah,31.9038,35.2034,d4bc341fd534ad06,7a0932dc027354ee,5-17,OTHER,mild,2026-09-06T09:51:00,ehr
PS-RAM-001,Ramallah,31.9038,35.2034,d4bc341fd534ad06,bba79b9cb566dd79,0-4,OTHER,severe,2026-09-06T16:41:00,ehr
PS-RAM-001,Ramallah,31.9038,35.2034,865eea42f5c6ccea,48e8663430fcc4b0,5-17,OTHER,moderate,2026-09-06T09:01:00,ehr
PS-RAM-001,Ramallah,31.9038,35.2034,865eea42f5c6ccea,27b5d2f03481036c,5-17,OTHER,mild,2026-09-06T14:30:00,lab
PS-RAM-001,Ramallah,31.9038,35.2034,4dc3b3d585035dae,175a2ee266b64526,50-64,OTHER,mild,2026-09-06T18:44:00,ehr
PS-RAM-001,Ramallah,31.9038,35.2034,2c531e40a3a7ce8c,e583d7355a1c1edd,0-4,OTHER,moderate,2026-09-06T17:57:00,ehr
PS-RAM-001,Ramallah,31.9038,35.2034,4dc3b3d585035dae,8627abb6a7744d4b,50-64,OTHER,mild,2026-09-06T13:47:00,ehr
PS-RAM-001,Ramallah,31.9038,35.2034,d4bc341fd534ad06,44e82658bd126982,50-64,OTHER,mild,2026-09-06T16:17:00,lab
PS-RAM-001,Ramallah,31.9038,35.2034,d4bc341fd534ad06,3ab138d7252ac34f,5-17,OTHER,mild,2026-09-06T13:08:00,pharmacy
PS-NAB-001,Nablus,32.2211,35.2544,62c116f8ada8f79a,89fa57ef7beb93a0,18-49,ILI,mild,2026-09-06T10:00:00,pharmacy
PS-NAB-001,Nablus,32.2211,35.2544,62c116f8ada8f79a,4e47a5e9ffa18bae,5-17,ILI,moderate,2026-09-06T11:01:00,lab
PS-NAB-001,Nablus,32.2211,35.2544,ce0af50d2ab5f724,7443ba42ae4bf372,18-49,ILI,mild,2026-09-06T07:13:00,ehr
PS-NAB-001,Nablus,32.2211,35.2544,2e49f94506905ef7,667cc12d36899912,18-49,ILI,mild,2026-09-06T13:15:00,ehr
PS-NAB-001,Nablus,32.2211,35.2544,62c116f8ada8f79a,e8d0dfa5364cecb5,18-49,ILI,moderate,2026-09-06T12:02:00,ehr
PS-NAB-001,Nablus,32.2211,35.2544,ce0af50d2ab5f724,2a1f6b93e7303045,5-17,ILI,mild,2026-09-06T17:40:00,pharmacy
PS-NAB-001,Nablus,32.2211,35.2544,2e49f94506905ef7,945454e18869d6bd,50-64,ILI,mild,2026-09-06T16:07:00,pharmacy
PS-NAB-001,Nablus,32.2211,35.2544,2e49f94506905ef7,0cb77bc88ae87ab0,50-64,ILI,mild,2026-09-06T08:10:00,ehr
PS-NAB-001,Nablus,32.2211,35.2544,62c116f8ada8f79a,be4faa381eed85b8,0-4,AGE,mild,2026-09-06T09:23:00,ehr
PS-NAB-001,Nablus,32.2211,35.2544,ce0af50d2ab5f724,6731c30a051c61c0,18-49,AGE,mild,2026-09-06T18:12:00,pharmacy
PS-NAB-001,Nablus,32.2211,35.2544,2e49f94506905ef7,aac3f251faa4a58f,18-49,AGE,moderate,2026-09-06T12:14:00,lab
PS-NAB-001,Nablus,32.2211,35.2544,ce0af50d2ab5f724,18fa82c65cc22007,0-4,AGE,moderate,2026-09-06T07:03:00,lab
PS-NAB-001,Nablus,32.2211,35.2544,ce0af50d2ab5f724,5c2a323f17078094,65+,AGE,mild,2026-09-06T12:58:00,ehr
PS-NAB-001,Nablus,32.2211,35.2544,2e49f94506905ef7,53253e6d3a1f7bdd,5-17,ARI,moderate,2026-09-06T16:08:00,pharmacy
PS-NAB-001,Nablus,32.2211,35.2544,c9eef5119a779be2,a84d81a22bd419ca,65+,ARI,mild,2026-09-06T11:44:00,ehr
PS-NAB-001,Nablus,32.2211,35.2544,2e49f94506905ef7,f267263e1223a15b,18-49,ARI,mild,2026-09-06T08:35:00,pharmacy
PS-NAB-001,Nablus,32.2211,35.2544,c9eef5119a779be2,0544fa1a225fc307,18-49,ARI,mild,2026-09-06T16:24:00,ehr
PS-NAB-001,Nablus,32.2211,35.2544,c9eef5119a779be2,3d1570cc15d87794,18-49,ARI,mild,2026-09-06T20:54:00,lab
PS-NAB-001,Nablus,32.2211,35.2544,62c116f8ada8f79a,09ebeafd9469e64a,18-49,ARI,mild,2026-09-06T09:55:00,ehr
PS-NAB-001,Nablus,32.2211,35.2544,ce0af50d2ab5f724,64990cb2ed84bae4,0-4,ARI,mild,2026-09-06T08:31:00,lab
PS-NAB-001,Nablus,32.2211,35.2544,ce0af50d2ab5f724,af38ac8373783f10,0-4,ARI,mild,2026-09-06T07:15:00,ehr
PS-NAB-001,Nablus,32.2211,35.2544,ce0af50d2ab5f724,3ce6a26fe7d7281d,0-4,ARI,mild,2026-09-06T11:34:00,lab
PS-NAB-001,Nablus,32.2211,35.2544,62c116f8ada8f79a,d14173a41c1ead08,18-49,ARI,moderate,2026-09-06T20:40:00,lab
PS-NAB-001,Nablus,32.2211,35.2544,62c116f8ada8f79a,4d50e29c69be289d,5-17,ARI,severe,2026-09-06T07:08:00,ehr
PS-NAB-001,Nablus,32.2211,35.2544,ce0af50d2ab5f724,11ee5845393ff0f6,5-17,OTHER,moderate,2026-09-06T07:04:00,ehr
PS-NAB-001,Nablus,32.2211,35.2544,2e49f94506905ef7,e504679b864526b7,5-17,OTHER,mild,2026-09-06T13:31:00,pharmacy
PS-NAB-001,Nablus,32.2211,35.2544,2e49f94506905ef7,138ed70fdccab95e,5-17,OTHER,mild,2026-09-06T14:36:00,ehr
PS-NAB-001,Nablus,32.2211,35.2544,62c116f8ada8f79a,fb643d49f3cbf0d4,18-49,OTHER,mild,2026-09-06T08:13:00,pharmacy
PS-NAB-001,Nablus,32.2211,35.2544,ce0af50d2ab5f724,2abe7e8acff822d5,65+,OTHER,moderate,2026-09-06T11:03:00,ehr
PS-NAB-001,Nablus,32.2211,35.2544,c9eef5119a779be2,6264740fa91ce6e7,18-49,OTHER,severe,2026-09-06T10:06:00,lab
PS-NAB-001,Nablus,32.2211,35.2544,c9eef5119a779be2,7939614e9d8f9f84,18-49,OTHER,mild,2026-09-06T16:03:00,ehr
PS-NAB-001,Nablus,32.2211,35.2544,ce0af50d2ab5f724,52659cad438adf4f,18-49,OTHER,moderate,2026-09-06T19:41:00,ehr
PS-NAB-001,Nablus,32.2211,35.2544,ce0af50d2ab5f724,28a3ac9c600a970d,18-49,OTHER,mild,2026-09-06T20:45:00,lab
PS-BET-001,Bethlehem,31.7054,35.2024,2ee779d7897ae9a5,d269dceba6384932,18-49,ILI,mild,2026-09-06T10:56:00,pharmacy
PS-BET-001,Bethlehem,31.7054,35.2024,c1a0ab6562099869,7b69f50999405feb,5-17,ILI,mild,2026-09-06T14:25:00,ehr
PS-BET-001,Bethlehem,31.7054,35.2024,53365b5018ccb30a,3f717ba4bc281488,50-64,ILI,moderate,2026-09-06T10:47:00,ehr
PS-BET-001,Bethlehem,31.7054,35.2024,0a12ccb2fb499cd0,58bc84f01ceab0fe,50-64,ILI,moderate,2026-09-06T15:16:00,ehr
PS-BET-001,Bethlehem,31.7054,35.2024,0a12ccb2fb499cd0,4a87983fc477d7a3,0-4,ILI,mild,2026-09-06T16:11:00,lab
PS-BET-001,Bethlehem,31.7054,35.2024,0a12ccb2fb499cd0,7613868595d6ba41,50-64,ILI,mild,2026-09-06T10:13:00,pharmacy
PS-BET-001,Bethlehem,31.7054,35.2024,0a12ccb2fb499cd0,1e51ab01020bb661,50-64,ILI,mild,2026-09-06T18:30:00,pharmacy
PS-BET-001,Bethlehem,31.7054,35.2024,2ee779d7897ae9a5,66f3d20e44afc729,5-17,AGE,mild,2026-09-06T20:25:00,pharmacy
PS-BET-001,Bethlehem,31.7054,35.2024,53365b5018ccb30a,849f4a4edf2b4d61,65+,ARI,moderate,2026-09-06T19:10:00,lab
PS-BET-001,Bethlehem,31.7054,35.2024,0a12ccb2fb499cd0,d4c5e45f7bccc07a,5-17,ARI,mild,2026-09-06T13:39:00,ehr
PS-BET-001,Bethlehem,31.7054,35.2024,0a12ccb2fb499cd0,c571bce4af8dedd3,5-17,ARI,mild,2026-09-06T16:59:00,ehr
PS-BET-001,Bethlehem,31.7054,35.2024,c1a0ab6562099869,a4f7d8277f45ff0f,0-4,ARI,mild,2026-09-06T17:09:00,ehr
PS-BET-001,Bethlehem,31.7054,35.2024,2ee779d7897ae9a5,c4d24e97fd471eb3,18-49,ARI,mild,2026-09-06T16:06:00,lab
PS-BET-001,Bethlehem,31.7054,35.2024,0a12ccb2fb499cd0,bcb25cd58660a866,18-49,ARI,mild,2026-09-06T16:12:00,ehr
PS-BET-001,Bethlehem,31.7054,35.2024,0a12ccb2fb499cd0,e3c37776ef005d01,50-64,OTHER,mild,2026-09-06T16:37:00,lab
PS-BET-001,Bethlehem,31.7054,35.2024,2ee779d7897ae9a5,f9bc180f5af0fdfd,50-64,OTHER,mild,2026-09-06T12:52:00,ehr
PS-BET-001,Bethlehem,31.7054,35.2024,0a12ccb2fb499cd0,9f96eee9fe79bcba,50-64,OTHER,mild,2026-09-06T18:21:00,lab
PS-BET-001,Bethlehem,31.7054,35.2024,c1a0ab6562099869,3a5409e35861b995,5-17,OTHER,severe,2026-09-06T12:27:00,ehr
PS-BET-001,Bethlehem,31.7054,35.2024,53365b5018ccb30a,11cdcb8be442a4c7,50-64,OTHER,severe,2026-09-06T07:00:00,ehr
PS-BET-001,Bethlehem,31.7054,35.2024,0a12ccb2fb499cd0,070ff880cee1562d,50-64,OTHER,mild,2026-09-06T17:09:00,ehr
PS-BET-001,Bethlehem,31.7054,35.2024,53365b5018ccb30a,e2a0f96287eb8ba7,18-49,OTHER,mild,2026-09-06T09:31:00,ehr
PS-BET-001,Bethlehem,31.7054,35.2024,c1a0ab6562099869,9ce1275b86eb01d1,65+,OTHER,mild,2026-09-06T13:56:00,ehr
PS-JEN-001,Jenin,32.4597,35.2951,02322af968c6062f,4dfae5eb0ea6461a,5-17,ILI,mild,2026-09-06T19:28:00,ehr
PS-JEN-001,Jenin,32.4597,35.2951,02322af968c6062f,2741203b8f5042ba,5-17,ILI,mild,2026-09-06T13:51:00,pharmacy
PS-JEN-001,Jenin,32.4597,35.2951,c0d662d41ad4a594,fd6d0d0be5ae9117,0-4,ILI,mild,2026-09-06T15:50:00,ehr
PS-JEN-001,Jenin,32.4597,35.2951,c0d662d41ad4a594,e6db86649dc89702,18-49,ILI,mild,2026-09-06T17:30:00,lab
PS-JEN-001,Jenin,32.4597,35.2951,d723f8382af3d058,59885116c3bd01ea,18-49,AGE,moderate,2026-09-06T11:01:00,pharmacy
PS-JEN-001,Jenin,32.4597,35.2951,d723f8382af3d058,179c810ec87c20f4,18-49,AGE,mild,2026-09-06T09:27:00,ehr
PS-JEN-001,Jenin,32.4597,35.2951,02322af968c6062f,d6dad00c039f4d4b,5-17,ARI,mild,2026-09-06T09:00:00,pharmacy
PS-JEN-001,Jenin,32.4597,35.2951,d723f8382af3d058,4206e85c76f246ce,50-64,ARI,moderate,2026-09-06T17:22:00,lab
PS-JEN-001,Jenin,32.4597,35.2951,c0d662d41ad4a594,a762d8e5199d5c21,18-49,ARI,mild,2026-09-06T18:04:00,pharmacy
PS-JEN-001,Jenin,32.4597,35.2951,0747c175e69e0dff,2bf4063fe52abd7e,0-4,ARI,moderate,2026-09-06T14:41:00,pharmacy
PS-JEN-001,Jenin,32.4597,35.2951,d723f8382af3d058,ec658d08dbf6896c,18-49,ARI,moderate,2026-09-06T18:49:00,ehr
PS-JEN-001,Jenin,32.4597,35.2951,02322af968c6062f,278a9c6958c6e171,5-17,ARI,moderate,2026-09-06T20:38:00,pharmacy
PS-JEN-001,Jenin,32.4597,35.2951,c0d662d41ad4a594,511fcbbabcd71ab3,18-49,OTHER,moderate,2026-09-06T12:00:00,ehr
PS-JEN-001,Jenin,32.4597,35.2951,d723f8382af3d058,2fb14a54cecbd57d,50-64,OTHER,mild,2026-09-06T09:52:00,ehr
PS-JEN-001,Jenin,32.4597,35.2951,0747c175e69e0dff,bb7612d93c8382f3,65+,OTHER,mild,2026-09-06T09:08:00,lab
PS-HEB-001,Hebron,31.5326,35.0998,7c5d3d710b7ca6a2,01f07c4b20d35976,18-49,ILI,moderate,2026-09-07T18:35:00,ehr
PS-HEB-001,Hebron,31.5326,35.0998,d3391f64b3beb0a2,d251a30b637d0255,5-17,ILI,mild,2026-09-07T16:18:00,ehr
PS-HEB-001,Hebron,31.5326,35.0998,f17af80950dde2c9,2db3e158496469b0,18-49,ILI,mild,2026-09-07T09:43:00,ehr
PS-HEB-001,Hebron,31.5326,35.0998,e3dff89ada235d59,5aca97851ffc0a54,50-64,ILI,severe,2026-09-07T09:58:00,ehr
PS-HEB-001,Hebron,31.5326,35.0998,e3dff89ada235d59,d23c3cb13e6a6e20,50-64,ILI,moderate,2026-09-07T14:19:00,ehr
PS-HEB-001,Hebron,31.5326,35.0998,f17af80950dde2c9,61c937a2e605d74e,18-49,ILI,mild,2026-09-07T12:25:00,ehr
PS-HEB-001,Hebron,31.5326,35.0998,e3dff89ada235d59,820532710e5fdb3a,50-64,ILI,mild,2026-09-07T20:32:00,lab
PS-HEB-001,Hebron,31.5326,35.0998,f17af80950dde2c9,0bb8a5ed849da446,0-4,ILI,mild,2026-09-07T15:41:00,ehr
PS-HEB-001,Hebron,31.5326,35.0998,7c5d3d710b7ca6a2,aecc953c252eaea5,5-17,ILI,mild,2026-09-07T08:24:00,ehr
PS-HEB-001,Hebron,31.5326,35.0998,d3391f64b3beb0a2,dcafe2b592d56d18,18-49,AGE,mild,2026-09-07T18:46:00,ehr
PS-HEB-001,Hebron,31.5326,35.0998,d3391f64b3beb0a2,f438bae91f9c6b6e,18-49,AGE,moderate,2026-09-07T14:47:00,ehr
PS-HEB-001,Hebron,31.5326,35.0998,f17af80950dde2c9,bb22cea01e716845,18-49,AGE,mild,2026-09-07T15:27:00,lab
PS-HEB-001,Hebron,31.5326,35.0998,e3dff89ada235d59,c915c02b671f7c1f,65+,AGE,moderate,2026-09-07T10:56:00,lab
PS-HEB-001,Hebron,31.5326,35.0998,f17af80950dde2c9,c25dca9a1e93d7b8,50-64,AGE,mild,2026-09-07T09:12:00,pharmacy
PS-HEB-001,Hebron,31.5326,35.0998,e3dff89ada235d59,98d8c0c2b64388b2,18-49,AGE,mild,2026-09-07T07:36:00,ehr
PS-HEB-001,Hebron,31.5326,35.0998,f17af80950dde2c9,f747361b210e74e8,5-17,AGE,moderate,2026-09-07T07:06:00,lab
PS-HEB-001,Hebron,31.5326,35.0998,f17af80950dde2c9,0b9383bc41180864,65+,AGE,mild,2026-09-07T17:32:00,pharmacy
PS-HEB-001,Hebron,31.5326,35.0998,d3391f64b3beb0a2,0a1b712dce2420a4,18-49,AGE,mild,2026-09-07T13:20:00,lab
PS-HEB-001,Hebron,31.5326,35.0998,e3dff89ada235d59,640c867f292c9ef0,5-17,AGE,mild,2026-09-07T12:06:00,ehr
PS-HEB-001,Hebron,31.5326,35.0998,f17af80950dde2c9,932e05689583de02,18-49,AGE,mild,2026-09-07T07:03:00,lab
PS-HEB-001,Hebron,31.5326,35.0998,e3dff89ada235d59,dde5a62bb67fa26e,5-17,AGE,mild,2026-09-07T19:33:00,ehr
PS-HEB-001,Hebron,31.5326,35.0998,d3391f64b3beb0a2,84be96b3bd3a37e9,5-17,AGE,mild,2026-09-07T13:24:00,ehr
PS-HEB-001,Hebron,31.5326,35.0998,d3391f64b3beb0a2,fec560d97aebbd2b,5-17,AGE,moderate,2026-09-07T11:55:00,pharmacy
PS-HEB-001,Hebron,31.5326,35.0998,d3391f64b3beb0a2,4e9afcbd54e97479,0-4,AGE,moderate,2026-09-07T16:30:00,ehr
PS-HEB-001,Hebron,31.5326,35.0998,f17af80950dde2c9,5f0f5ae2c687b5c3,50-64,AGE,severe,2026-09-07T10:33:00,ehr
PS-HEB-001,Hebron,31.5326,35.0998,e3dff89ada235d59,9a5de7c096c4d3fc,50-64,AGE,moderate,2026-09-07T15:49:00,ehr
PS-HEB-001,Hebron,31.5326,35.0998,f17af80950dde2c9,5333c9700c255172,0-4,AGE,mild,2026-09-07T18:04:00,ehr
PS-HEB-001,Hebron,31.5326,35.0998,d3391f64b3beb0a2,acb876282626b519,50-64,AGE,mild,2026-09-07T07:56:00,ehr
PS-HEB-001,Hebron,31.5326,35.0998,d3391f64b3beb0a2,ce812a9ba7be43e7,18-49,ARI,mild,2026-09-07T09:02:00,pharmacy
PS-HEB-001,Hebron,31.5326,35.0998,d3391f64b3beb0a2,44eb11c53014e6e9,18-49,ARI,mild,2026-09-07T10:01:00,pharmacy
PS-HEB-001,Hebron,31.5326,35.0998,f17af80950dde2c9,81b8ddf2537abf90,18-49,ARI,moderate,2026-09-07T07:37:00,lab
PS-HEB-001,Hebron,31.5326,35.0998,f17af80950dde2c9,4c12b3a11c4fc9c9,0-4,ARI,mild,2026-09-07T16:31:00,ehr
PS-HEB-001,Hebron,31.5326,35.0998,7c5d3d710b7ca6a2,ec32a66b0b49eb33,5-17,ARI,mild,2026-09-07T15:17:00,ehr
PS-HEB-001,Hebron,31.5326,35.0998,d3391f64b3beb0a2,07b8348952fae481,5-17,FEVER_RASH,mild,2026-09-07T15:00:00,ehr
PS-HEB-001,Hebron,31.5326,35.0998,f17af80950dde2c9,b5b530794a638cf9,5-17,MENINGITIS_LIKE,mild,2026-09-07T19:44:00,ehr
PS-HEB-001,Hebron,31.5326,35.0998,d3391f64b3beb0a2,310c14993753c7aa,18-49,OTHER,moderate,2026-09-07T17:14:00,pharmacy
PS-HEB-001,Hebron,31.5326,35.0998,7c5d3d710b7ca6a2,ac1f28790b9bad2a,0-4,OTHER,severe,2026-09-07T20:40:00,ehr
PS-HEB-001,Hebron,31.5326,35.0998,d3391f64b3beb0a2,070d541a15d2f0b8,5-17,OTHER,mild,2026-09-07T09:45:00,ehr
PS-HEB-001,Hebron,31.5326,35.0998,7c5d3d710b7ca6a2,798a825db2907721,5-17,OTHER,mild,2026-09-07T19:14:00,ehr
PS-HEB-001,Hebron,31.5326,35.0998,d3391f64b3beb0a2,88323e06608e17d4,18-49,OTHER,moderate,2026-09-07T12:33:00,lab
PS-HEB-001,Hebron,31.5326,35.0998,d3391f64b3beb0a2,e6a9afff83708d09,0-4,OTHER,mild,2026-09-07T10:54:00,pharmacy
PS-HEB-001,Hebron,31.5326,35.0998,f17af80950dde2c9,a9432809263e0409,18-49,OTHER,mild,2026-09-07T18:28:00,lab
PS-HEB-002,Hebron,31.545,35.087,3000fc3d8d01f75a,314a76ba13cfd69a,0-4,ILI,moderate,2026-09-07T08:42:00,ehr
PS-HEB-002,Hebron,31.545,35.087,d1fda43bf12417c4,bead59b056a1bc14,5-17,ILI,mild,2026-09-07T17:33:00,ehr
PS-HEB-002,Hebron,31.545,35.087,3000fc3d8d01f75a,5df1ef53a1ff5617,50-64,ILI,mild,2026-09-07T20:38:00,lab
PS-HEB-002,Hebron,31.545,35.087,3000fc3d8d01f75a,2e31dbfa9fa3f00f,0-4,ILI,mild,2026-09-07T18:32:00,ehr
PS-HEB-002,Hebron,31.545,35.087,d1fda43bf12417c4,db19c529fee3ed3b,5-17,AGE,moderate,2026-09-07T17:49:00,ehr
PS-HEB-002,Hebron,31.545,35.087,3000fc3d8d01f75a,393932d3c890168a,18-49,AGE,mild,2026-09-07T18:41:00,pharmacy
PS-HEB-002,Hebron,31.545,35.087,d1fda43bf12417c4,0a2a617a951a8ffe,18-49,AGE,moderate,2026-09-07T19:17:00,ehr
PS-HEB-002,Hebron,31.545,35.087,b828601a5432663a,1124dd5900a563cc,50-64,AGE,mild,2026-09-07T15:13:00,ehr
PS-HEB-002,Hebron,31.545,35.087,d1fda43bf12417c4,14360fb02f80e98a,50-64,AGE,mild,2026-09-07T13:25:00,ehr
PS-HEB-002,Hebron,31.545,35.087,b828601a5432663a,f661e31c44b8b188,18-49,AGE,mild,2026-09-07T12:05:00,ehr
PS-HEB-002,Hebron,31.545,35.087,9b34d36ec3c96b37,63cc7a397e47396d,50-64,AGE,moderate,2026-09-07T19:09:00,pharmacy
PS-HEB-002,Hebron,31.545,35.087,b828601a5432663a,be3c2317899369d8,65+,AGE,moderate,2026-09-07T11:26:00,ehr
PS-HEB-002,Hebron,31.545,35.087,d1fda43bf12417c4,d2ca11d28452e28e,5-17,AGE,mild,2026-09-07T09:29:00,lab
PS-HEB-002,Hebron,31.545,35.087,b828601a5432663a,e0039050bb910751,65+,AGE,moderate,2026-09-07T16:32:00,ehr
PS-HEB-002,Hebron,31.545,35.087,b828601a5432663a,68ff2bc99c422030,0-4,AGE,moderate,2026-09-07T14:43:00,lab
PS-HEB-002,Hebron,31.545,35.087,3000fc3d8d01f75a,c5712b5185c0e44e,50-64,AGE,moderate,2026-09-07T12:52:00,lab
PS-HEB-002,Hebron,31.545,35.087,3000fc3d8d01f75a,a922d4218409be27,50-64,AGE,severe,2026-09-07T07:42:00,pharmacy
PS-HEB-002,Hebron,31.545,35.087,3000fc3d8d01f75a,b61c02de22545a20,0-4,AGE,moderate,2026-09-07T12:45:00,lab
PS-HEB-002,Hebron,31.545,35.087,3000fc3d8d01f75a,6703c3e6acadc398,5-17,AGE,mild,2026-09-07T14:20:00,pharmacy
PS-HEB-002,Hebron,31.545,35.087,d1fda43bf12417c4,1ba926140de2d37e,18-49,ARI,mild,2026-09-07T20:28:00,pharmacy
PS-HEB-002,Hebron,31.545,35.087,9b34d36ec3c96b37,3d9d12b7fe7debc8,18-49,ARI,mild,2026-09-07T08:20:00,ehr
PS-HEB-002,Hebron,31.545,35.087,9b34d36ec3c96b37,dfb48be314d8b41a,5-17,MENINGITIS_LIKE,moderate,2026-09-07T19:45:00,ehr
PS-HEB-002,Hebron,31.545,35.087,9b34d36ec3c96b37,d438ad90ce13dca1,18-49,MENINGITIS_LIKE,mild,2026-09-07T15:16:00,ehr
PS-HEB-002,Hebron,31.545,35.087,d1fda43bf12417c4,bbc5a7fe313f89cc,5-17,OTHER,mild,2026-09-07T13:05:00,ehr
PS-HEB-002,Hebron,31.545,35.087,b828601a5432663a,8ec1c4b389448f7c,18-49,OTHER,mild,2026-09-07T09:07:00,ehr
PS-HEB-002,Hebron,31.545,35.087,b828601a5432663a,df936e811059c183,5-17,OTHER,mild,2026-09-07T15:56:00,pharmacy
PS-HEB-002,Hebron,31.545,35.087,9b34d36ec3c96b37,d7d6c905a715cc89,50-64,OTHER,moderate,2026-09-07T15:41:00,ehr
PS-HEB-002,Hebron,31.545,35.087,d1fda43bf12417c4,59da552b21020873,50-64,OTHER,mild,2026-09-07T15:49:00,lab
PS-RAM-001,Ramallah,31.9038,35.2034,4dc3b3d585035dae,7e32b26e4fe129d3,50-64,ILI,mild,2026-09-07T18:48:00,pharmacy
PS-RAM-001,Ramallah,31.9038,35.2034,d4bc341fd534ad06,64bb1a090393da52,50-64,ILI,mild,2026-09-07T09:14:00,ehr
PS-RAM-001,Ramallah,31.9038,35.2034,2c531e40a3a7ce8c,cf3866fe31c429cd,5-17,ILI,moderate,2026-09-07T13:35:00,pharmacy
PS-RAM-001,Ramallah,31.9038,35.2034,d4bc341fd534ad06,9c2e355bf8c18fb5,18-49,ILI,mild,2026-09-07T17:59:00,lab
PS-RAM-001,Ramallah,31.9038,35.2034,865eea42f5c6ccea,ca9c2fe60df403ff,0-4,ILI,mild,2026-09-07T07:15:00,lab
PS-RAM-001,Ramallah,31.9038,35.2034,d4bc341fd534ad06,22aaff79bd262f8d,50-64,ILI,moderate,2026-09-07T15:39:00,ehr
PS-RAM-001,Ramallah,31.9038,35.2034,865eea42f5c6ccea,69a19651156a2c2b,18-49,ILI,mild,2026-09-07T10:21:00,lab
PS-RAM-001,Ramallah,31.9038,35.2034,4dc3b3d585035dae,a14a14b20d893f29,18-49,ILI,moderate,2026-09-07T14:15:00,ehr
PS-RAM-001,Ramallah,31.9038,35.2034,865eea42f5c6ccea,485644c3e3f4218a,5-17,ILI,mild,2026-09-07T08:20:00,ehr
PS-RAM-001,Ramallah,31.9038,35.2034,4dc3b3d585035dae,a852a6c4e0baa2ca,5-17,ILI,mild,2026-09-07T14:43:00,pharmacy
PS-RAM-001,Ramallah,31.9038,35.2034,2c531e40a3a7ce8c,e713bd47768cc566,18-49,ILI,moderate,2026-09-07T14:39:00,ehr
PS-RAM-001,Ramallah,31.9038,35.2034,865eea42f5c6ccea,a7e781db209df0fa,5-17,ILI,mild,2026-09-07T11:02:00,ehr
PS-RAM-001,Ramallah,31.9038,35.2034,865eea42f5c6ccea,df40436db88f18f1,0-4,ILI,moderate,2026-09-07T08:04:00,ehr
PS-RAM-001,Ramallah,31.9038,35.2034,4dc3b3d585035dae,b0c86edf78f79ce3,18-49,AGE,moderate,2026-09-07T17:58:00,ehr
PS-RAM-001,Ramallah,31.9038,35.2034,2c531e40a3a7ce8c,35218bdf0431ce7c,18-49,AGE,severe,2026-09-07T20:03:00,ehr
PS-RAM-001,Ramallah,31.9038,35.2034,d4bc341fd534ad06,314cb7742157f8af,50-64,AGE,moderate,2026-09-07T12:40:00,pharmacy
PS-RAM-001,Ramallah,31.9038,35.2034,4dc3b3d585035dae,656253bafc369305,18-49,AGE,mild,2026-09-07T08:47:00,lab
PS-RAM-001,Ramallah,31.9038,35.2034,4dc3b3d585035dae,bc16c1851112dac3,50-64,AGE,mild,2026-09-07T16:28:00,ehr
PS-RAM-001,Ramallah,31.9038,35.2034,865eea42f5c6ccea,3d44952d52caa545,5-17,AGE,mild,2026-09-07T19:49:00,ehr
PS-RAM-001,Ramallah,31.9038,35.2034,4dc3b3d585035dae,634f33fad5411420,50-64,ARI,severe,2026-09-07T19:18:00,lab
PS-RAM-001,Ramallah,31.9038,35.2034,d4bc341fd534ad06,48df44251b0c9161,65+,ARI,moderate,2026-09-07T18:54:00,ehr
PS-RAM-001,Ramallah,31.9038,35.2034,2c531e40a3a7ce8c,b903299d68339e60,18-49,ARI,mild,2026-09-07T13:13:00,lab
PS-RAM-001,Ramallah,31.9038,35.2034,2c531e40a3a7ce8c,7db2f75d656899cc,50-64,ARI,mild,2026-09-07T15:42:00,lab
PS-RAM-001,Ramallah,31.9038,35.2034,2c531e40a3a7ce8c,20d3655d77914925,18-49,ARI,moderate,2026-09-07T12:28:00,ehr
PS-RAM-001,Ramallah,31.9038,35.2034,2c531e40a3a7ce8c,ce5ae06c6e8f56d1,0-4,ARI,mild,2026-09-07T17:28:00,pharmacy
PS-RAM-001,Ramallah,31.9038,35.2034,2c531e40a3a7ce8c,5ed029c65f74852f,18-49,FEVER_RASH,mild,2026-09-07T19:47:00,ehr
PS-RAM-001,Ramallah,31.9038,35.2034,865eea42f5c6ccea,60107c3ee75caea0,50-64,FEVER_RASH,mild,2026-09-07T12:35:00,ehr
PS-RAM-001,Ramallah,31.9038,35.2034,4dc3b3d585035dae,67fc4fc6a23ef788,5-17,JAUNDICE,severe,2026-09-07T09:19:00,ehr
PS-RAM-001,Ramallah,31.9038,35.2034,2c531e40a3a7ce8c,433affa24f5e5e25,18-49,OTHER,moderate,2026-09-07T18:16:00,ehr
PS-RAM-001,Ramallah,31.9038,35.2034,2c531e40a3a7ce8c,090323a045da5635,5-17,OTHER,moderate,2026-09-07T14:58:00,lab
PS-RAM-001,Ramallah,31.9038,35.2034,d4bc341fd534ad06,1a97a6b44015ac90,5-17,OTHER,mild,2026-09-07T18:16:00,pharmacy
PS-RAM-001,Ramallah,31.9038,35.2034,865eea42f5c6ccea,ebccddfcf3f1e580,18-49,OTHER,moderate,2026-09-07T12:34:00,lab
PS-RAM-001,Ramallah,31.9038,35.2034,4dc3b3d585035dae,08832a1624433a55,18-49,OTHER,mild,2026-09-07T11:47:00,ehr
PS-RAM-001,Ramallah,31.9038,35.2034,2c531e40a3a7ce8c,08dc2e3c37c05f49,0-4,OTHER,mild,2026-09-07T07:10:00,lab
PS-RAM-001,Ramallah,31.9038,35.2034,4dc3b3d585035dae,6d597e333e5f58fa,18-49,OTHER,moderate,2026-09-07T16:35:00,ehr
PS-RAM-001,Ramallah,31.9038,35.2034,865eea42f5c6ccea,7805c031a4c9c878,50-64,OTHER,mild,2026-09-07T10:50:00,lab
PS-RAM-001,Ramallah,31.9038,35.2034,4dc3b3d585035dae,6cad95278736f744,18-49,OTHER,mild,2026-09-07T18:56:00,pharmacy
PS-RAM-001,Ramallah,31.9038,35.2034,d4bc341fd534ad06,1cb247ebe1445cfd,50-64,OTHER,mild,2026-09-07T10:44:00,ehr
PS-RAM-001,Ramallah,31.9038,35.2034,2c531e40a3a7ce8c,09019823f722141f,18-49,OTHER,mild,2026-09-07T16:51:00,ehr
PS-NAB-001,Nablus,32.2211,35.2544,62c116f8ada8f79a,a4250916add9ce0d,18-49,ILI,moderate,2026-09-07T07:51:00,ehr
PS-NAB-001,Nablus,32.2211,35.2544,ce0af50d2ab5f724,c89bb931984942ab,18-49,ILI,mild,2026-09-07T18:01:00,pharmacy
PS-NAB-001,Nablus,32.2211,35.2544,ce0af50d2ab5f724,6efaf445c5321532,18-49,ILI,mild,2026-09-07T10:26:00,lab
PS-NAB-001,Nablus,32.2211,35.2544,ce0af50d2ab5f724,a887e666c5c8c428,65+,ILI,mild,2026-09-07T13:26:00,ehr
PS-NAB-001,Nablus,32.2211,35.2544,62c116f8ada8f79a,f361a6e9d67d2b12,5-17,ILI,moderate,2026-09-07T18:25:00,ehr
PS-NAB-001,Nablus,32.2211,35.2544,62c116f8ada8f79a,05f9a8de9598a7e9,0-4,ILI,mild,2026-09-07T09:50:00,ehr
PS-NAB-001,Nablus,32.2211,35.2544,2e49f94506905ef7,b05d8f0e3ca5a390,0-4,ILI,severe,2026-09-07T11:39:00,lab
PS-NAB-001,Nablus,32.2211,35.2544,62c116f8ada8f79a,a1fbe21a6d27ed06,50-64,ILI,mild,2026-09-07T13:35:00,pharmacy
PS-NAB-001,Nablus,32.2211,35.2544,2e49f94506905ef7,c173f3355ce2b023,18-49,ILI,mild,2026-09-07T18:01:00,ehr
PS-NAB-001,Nablus,32.2211,35.2544,c9eef5119a779be2,396e45fa2922ec1b,5-17,ILI,mild,2026-09-07T12:09:00,ehr
PS-NAB-001,Nablus,32.2211,35.2544,62c116f8ada8f79a,cc7530f38c5b56a6,5-17,ILI,moderate,2026-09-07T11:01:00,ehr
PS-NAB-001,Nablus,32.2211,35.2544,c9eef5119a779be2,b698d1d6627885f5,50-64,ILI,moderate,2026-09-07T08:29:00,lab
PS-NAB-001,Nablus,32.2211,35.2544,ce0af50d2ab5f724,d68a68ce0f818f04,50-64,ILI,mild,2026-09-07T11:08:00,lab
PS-NAB-001,Nablus,32.2211,35.2544,62c116f8ada8f79a,5a89c017f90537f7,5-17,AGE,mild,2026-09-07T10:31:00,pharmacy
PS-NAB-001,Nablus,32.2211,35.2544,c9eef5119a779be2,dd65379830758252,18-49,AGE,mild,2026-09-07T19:48:00,pharmacy
PS-NAB-001,Nablus,32.2211,35.2544,c9eef5119a779be2,4ebd5b58d608a4f6,18-49,AGE,mild,2026-09-07T17:21:00,ehr
PS-NAB-001,Nablus,32.2211,35.2544,ce0af50d2ab5f724,082a121975acff79,5-17,AGE,moderate,2026-09-07T14:43:00,ehr
PS-NAB-001,Nablus,32.2211,35.2544,c9eef5119a779be2,22930df51360a1e0,0-4,ARI,mild,2026-09-07T10:59:00,ehr
PS-NAB-001,Nablus,32.2211,35.2544,62c116f8ada8f79a,9c3aaf00b2db2774,50-64,ARI,moderate,2026-09-07T12:04:00,ehr
PS-NAB-001,Nablus,32.2211,35.2544,c9eef5119a779be2,51abcfa0762ee45b,50-64,ARI,mild,2026-09-07T19:18:00,ehr
PS-NAB-001,Nablus,32.2211,35.2544,62c116f8ada8f79a,63603a6981c6a3b8,18-49,ARI,mild,2026-09-07T09:34:00,ehr
PS-NAB-001,Nablus,32.2211,35.2544,c9eef5119a779be2,00e65b9d5a9da3bb,65+,ARI,mild,2026-09-07T10:04:00,ehr
PS-NAB-001,Nablus,32.2211,35.2544,ce0af50d2ab5f724,639e3ed12c612874,5-17,ARI,moderate,2026-09-07T12:43:00,ehr
PS-NAB-001,Nablus,32.2211,35.2544,2e49f94506905ef7,3dc0b7ba13afdc14,5-17,ARI,moderate,2026-09-07T12:05:00,lab
PS-NAB-001,Nablus,32.2211,35.2544,ce0af50d2ab5f724,f25db1c62914c356,18-49,ARI,mild,2026-09-07T15:33:00,ehr
PS-NAB-001,Nablus,32.2211,35.2544,2e49f94506905ef7,999a850614fb49ce,5-17,FEVER_RASH,mild,2026-09-07T09:55:00,ehr
PS-NAB-001,Nablus,32.2211,35.2544,ce0af50d2ab5f724,4036a38677c86eca,18-49,FEVER_RASH,mild,2026-09-07T10:28:00,pharmacy
PS-NAB-001,Nablus,32.2211,35.2544,2e49f94506905ef7,61a1f5d97c6c69d2,0-4,JAUNDICE,moderate,2026-09-07T19:23:00,pharmacy
PS-NAB-001,Nablus,32.2211,35.2544,2e49f94506905ef7,36c72972f3114469,5-17,MENINGITIS_LIKE,mild,2026-09-07T14:15:00,ehr
PS-NAB-001,Nablus,32.2211,35.2544,ce0af50d2ab5f724,4c9944f72c05fb2d,18-49,OTHER,mild,2026-09-07T10:27:00,ehr
PS-NAB-001,Nablus,32.2211,35.2544,ce0af50d2ab5f724,a796403feef0ead0,50-64,OTHER,mild,2026-09-07T19:00:00,lab
PS-NAB-001,Nablus,32.2211,35.2544,ce0af50d2ab5f724,9516ba25b0787f67,18-49,OTHER,mild,2026-09-07T08:02:00,ehr
PS-NAB-001,Nablus,32.2211,35.2544,ce0af50d2ab5f724,59a9857667c85620,50-64,OTHER,mild,2026-09-07T09:21:00,pharmacy
PS-NAB-001,Nablus,32.2211,35.2544,2e49f94506905ef7,8807eb46539d97d7,0-4,OTHER,mild,2026-09-07T17:53:00,pharmacy
PS-NAB-001,Nablus,32.2211,35.2544,62c116f8ada8f79a,3261a87bab4ed2bc,65+,OTHER,moderate,2026-09-07T17:12:00,ehr
PS-NAB-001,Nablus,32.2211,35.2544,62c116f8ada8f79a,cf58afa9aca7a8d4,0-4,OTHER,mild,2026-09-07T11:11:00,ehr
PS-NAB-001,Nablus,32.2211,35.2544,62c116f8ada8f79a,9709bbfeec8a89a0,65+,OTHER,mild,2026-09-07T10:03:00,ehr
PS-NAB-001,Nablus,32.2211,35.2544,c9eef5119a779be2,c491f138b4faad7f,50-64,OTHER,mild,2026-09-07T17:44:00,ehr
PS-BET-001,Bethlehem,31.7054,35.2024,c1a0ab6562099869,eb8c85f3bdda91bd,0-4,ILI,moderate,2026-09-07T11:47:00,ehr
PS-BET-001,Bethlehem,31.7054,35.2024,53365b5018ccb30a,4cd9750c5367e0f1,0-4,ILI,mild,2026-09-07T13:26:00,ehr
PS-BET-001,Bethlehem,31.7054,35.2024,0a12ccb2fb499cd0,c036016bec1e8efe,0-4,ILI,severe,2026-09-07T12:47:00,lab
PS-BET-001,Bethlehem,31.7054,35.2024,0a12ccb2fb499cd0,6ea2c59481c119ed,5-17,ILI,moderate,2026-09-07T13:57:00,ehr
PS-BET-001,Bethlehem,31.7054,35.2024,0a12ccb2fb499cd0,81674f02e4b28e26,5-17,ILI,mild,2026-09-07T09:08:00,ehr
PS-BET-001,Bethlehem,31.7054,35.2024,0a12ccb2fb499cd0,fe311bc513ea195f,5-17,ILI,mild,2026-09-07T10:55:00,ehr
PS-BET-001,Bethlehem,31.7054,35.2024,c1a0ab6562099869,b51573e838a95caf,0-4,AGE,mild,2026-09-07T13:08:00,pharmacy
PS-BET-001,Bethlehem,31.7054,35.2024,c1a0ab6562099869,52e30c56496d1fc7,0-4,AGE,mild,2026-09-07T19:02:00,pharmacy
PS-BET-001,Bethlehem,31.7054,35.2024,0a12ccb2fb499cd0,009ea0d67b8ff5ca,18-49,ARI,mild,2026-09-07T08:12:00,pharmacy
PS-BET-001,Bethlehem,31.7054,35.2024,0a12ccb2fb499cd0,5f89ba1611796e9a,5-17,ARI,moderate,2026-09-07T13:07:00,ehr
PS-BET-001,Bethlehem,31.7054,35.2024,53365b5018ccb30a,32fee1b5ba2b8dd8,18-49,ARI,mild,2026-09-07T12:53:00,ehr
PS-BET-001,Bethlehem,31.7054,35.2024,53365b5018ccb30a,3d81a67a93831ded,5-17,ARI,moderate,2026-09-07T11:11:00,pharmacy
PS-BET-001,Bethlehem,31.7054,35.2024,c1a0ab6562099869,9e1a3666fe97f846,5-17,FEVER_RASH,mild,2026-09-07T14:27:00,lab
PS-BET-001,Bethlehem,31.7054,35.2024,0a12ccb2fb499cd0,91c0a302c6745972,18-49,OTHER,mild,2026-09-07T16:22:00,lab
PS-JEN-001,Jenin,32.4597,35.2951,c0d662d41ad4a594,3f453ee99057d4f3,5-17,ILI,mild,2026-09-07T10:17:00,ehr
PS-JEN-001,Jenin,32.4597,35.2951,0747c175e69e0dff,03448da09bf91299,65+,ARI,severe,2026-09-07T08:21:00,lab
PS-JEN-001,Jenin,32.4597,35.2951,c0d662d41ad4a594,e675d0d10fd9f0eb,18-49,ARI,mild,2026-09-07T12:52:00,lab
PS-JEN-001,Jenin,32.4597,35.2951,d723f8382af3d058,69245489cad26fe4,65+,FEVER_RASH,mild,2026-09-07T19:57:00,ehr
PS-JEN-001,Jenin,32.4597,35.2951,02322af968c6062f,42f303cefce5ec67,18-49,FEVER_RASH,mild,2026-09-07T20:40:00,ehr
PS-JEN-001,Jenin,32.4597,35.2951,0747c175e69e0dff,492bee0b2ff85ff4,18-49,JAUNDICE,mild,2026-09-07T12:14:00,ehr
PS-JEN-001,Jenin,32.4597,35.2951,d723f8382af3d058,3872a744bc2f554f,18-49,OTHER,mild,2026-09-07T19:17:00,ehr
PS-JEN-001,Jenin,32.4597,35.2951,d723f8382af3d058,1d8e0b0c883c348d,0-4,OTHER,mild,2026-09-07T12:13:00,pharmacy
PS-JEN-001,Jenin,32.4597,35.2951,c0d662d41ad4a594,6055159ed2245b9a,18-49,OTHER,mild,2026-09-07T15:56:00,ehr
PS-JEN-001,Jenin,32.4597,35.2951,d723f8382af3d058,4e8e0e37ed341046,18-49,OTHER,mild,2026-09-07T18:48:00,ehr
PS-JEN-001,Jenin,32.4597,35.2951,d723f8382af3d058,0740fbc353c48ed2,0-4,OTHER,mild,2026-09-07T08:21:00,lab
PS-JEN-001,Jenin,32.4597,35.2951,0747c175e69e0dff,95904cedf2eaad21,5-17,OTHER,mild,2026-09-07T10:47:00,ehr
PS-JEN-001,Jenin,32.4597,35.2951,c0d662d41ad4a594,6e2dabbcf5168346,18-49,OTHER,mild,2026-09-07T13:35:00,pharmacy
PS-JEN-001,Jenin,32.4597,35.2951,02322af968c6062f,9e3e5b66d0964d8c,18-49,OTHER,mild,2026-09-07T07:26:00,ehr
PS-HEB-001,Hebron,31.5326,35.0998,7c5d3d710b7ca6a2,7d63fbadc7bb6672,18-49,ILI,mild,2026-09-08T10:39:00,ehr
PS-HEB-001,Hebron,31.5326,35.0998,7c5d3d710b7ca6a2,3cfb8e3259ea2e0e,0-4,ILI,moderate,2026-09-08T17:32:00,pharmacy
PS-HEB-001,Hebron,31.5326,35.0998,f17af80950dde2c9,e2f98f505699ac56,0-4,ILI,mild,2026-09-08T17:12:00,lab
PS-HEB-001,Hebron,31.5326,35.0998,f17af80950dde2c9,cb37b7a8b3cf7a78,0-4,ILI,mild,2026-09-08T19:13:00,ehr
PS-HEB-001,Hebron,31.5326,35.0998,7c5d3d710b7ca6a2,ca054323f12625ca,65+,ILI,mild,2026-09-08T19:53:00,pharmacy
PS-HEB-001,Hebron,31.5326,35.0998,f17af80950dde2c9,2496ce217075de4a,65+,AGE,moderate,2026-09-08T13:52:00,ehr
PS-HEB-001,Hebron,31.5326,35.0998,e3dff89ada235d59,6d1d6af1c546e20c,18-49,AGE,mild,2026-09-08T15:57:00,ehr
PS-HEB-001,Hebron,31.5326,35.0998,7c5d3d710b7ca6a2,24e20d20e808179f,65+,AGE,mild,2026-09-08T08:08:00,ehr
PS-HEB-001,Hebron,31.5326,35.0998,d3391f64b3beb0a2,7b41d23999399f52,50-64,AGE,mild,2026-09-08T16:49:00,ehr
PS-HEB-001,Hebron,31.5326,35.0998,d3391f64b3beb0a2,9bf9c3e0cb5a80b5,50-64,AGE,moderate,2026-09-08T12:41:00,ehr
PS-HEB-001,Hebron,31.5326,35.0998,d3391f64b3beb0a2,93e2c51ae6360719,5-17,AGE,mild,2026-09-08T13:53:00,ehr
PS-HEB-001,Hebron,31.5326,35.0998,f17af80950dde2c9,597ffef89aaf1443,0-4,AGE,moderate,2026-09-08T16:06:00,pharmacy
PS-HEB-001,Hebron,31.5326,35.0998,d3391f64b3beb0a2,8d84844201d84e01,0-4,AGE,mild,2026-09-08T17:57:00,pharmacy
PS-HEB-001,Hebron,31.5326,35.0998,7c5d3d710b7ca6a2,c08b41859017bbaf,65+,AGE,mild,2026-09-08T11:32:00,lab
PS-HEB-001,Hebron,31.5326,35.0998,f17af80950dde2c9,13421cd87da61524,18-49,AGE,mild,2026-09-08T18:58:00,ehr
PS-HEB-001,Hebron,31.5326,35.0998,f17af80950dde2c9,fbea0a19fc8baedd,65+,AGE,mild,2026-09-08T16:26:00,pharmacy
PS-HEB-001,Hebron,31.5326,35.0998,d3391f64b3beb0a2,b9e57e60b3d6f84d,5-17,AGE,mild,2026-09-08T10:13:00,ehr
PS-HEB-001,Hebron,31.5326,35.0998,e3dff89ada235d59,560ca19d2e8cb2e8,5-17,AGE,moderate,2026-09-08T13:06:00,ehr
PS-HEB-001,Hebron,31.5326,35.0998,e3dff89ada235d59,905602423d146d7e,18-49,AGE,mild,2026-09-08T08:25:00,pharmacy
PS-HEB-001,Hebron,31.5326,35.0998,7c5d3d710b7ca6a2,93a6135bd52799eb,5-17,AGE,mild,2026-09-08T07:48:00,ehr
PS-HEB-001,Hebron,31.5326,35.0998,f17af80950dde2c9,a18d70dc238c6d66,50-64,AGE,mild,2026-09-08T10:30:00,ehr
PS-HEB-001,Hebron,31.5326,35.0998,7c5d3d710b7ca6a2,8e969e02ade5e66f,5-17,AGE,moderate,2026-09-08T17:17:00,pharmacy
PS-HEB-001,Hebron,31.5326,35.0998,d3391f64b3beb0a2,3627460ced67d965,0-4,AGE,mild,2026-09-08T19:44:00,ehr
PS-HEB-001,Hebron,31.5326,35.0998,7c5d3d710b7ca6a2,bb9a309d5f460fbf,65+,ARI,moderate,2026-09-08T10:02:00,ehr
PS-HEB-001,Hebron,31.5326,35.0998,7c5d3d710b7ca6a2,26c8107a333f0e41,65+,ARI,mild,2026-09-08T08:25:00,pharmacy
PS-HEB-001,Hebron,31.5326,35.0998,7c5d3d710b7ca6a2,7573a2b2a2f7cfa6,50-64,ARI,mild,2026-09-08T17:42:00,ehr
PS-HEB-001,Hebron,31.5326,35.0998,e3dff89ada235d59,92093c6d581684b1,50-64,ARI,mild,2026-09-08T17:57:00,pharmacy
PS-HEB-001,Hebron,31.5326,35.0998,f17af80950dde2c9,8426f0dbd155bf07,50-64,ARI,moderate,2026-09-08T15:53:00,lab
PS-HEB-001,Hebron,31.5326,35.0998,7c5d3d710b7ca6a2,ca168ba0a18aba11,50-64,ARI,mild,2026-09-08T15:02:00,ehr
PS-HEB-001,Hebron,31.5326,35.0998,7c5d3d710b7ca6a2,a548a63ea633ccce,65+,ARI,moderate,2026-09-08T11:09:00,ehr
PS-HEB-001,Hebron,31.5326,35.0998,d3391f64b3beb0a2,2ebf4d62d1dff306,5-17,ARI,mild,2026-09-08T15:57:00,ehr
PS-HEB-001,Hebron,31.5326,35.0998,d3391f64b3beb0a2,d6fd86b9f7b45b26,5-17,ARI,mild,2026-09-08T07:13:00,lab
PS-HEB-001,Hebron,31.5326,35.0998,7c5d3d710b7ca6a2,79158088cdc28298,18-49,ARI,moderate,2026-09-08T16:42:00,pharmacy
PS-HEB-001,Hebron,31.5326,35.0998,f17af80950dde2c9,a5405d63cfbba648,0-4,ARI,mild,2026-09-08T08:13:00,lab
PS-HEB-001,Hebron,31.5326,35.0998,f17af80950dde2c9,e2043bf61973faf7,0-4,JAUNDICE,moderate,2026-09-08T08:50:00,ehr
PS-HEB-001,Hebron,31.5326,35.0998,d3391f64b3beb0a2,7bdb9cf5255baa64,65+,JAUNDICE,moderate,2026-09-08T16:43:00,ehr
PS-HEB-001,Hebron,31.5326,35.0998,f17af80950dde2c9,74bab0570c5a5e09,18-49,MENINGITIS_LIKE,mild,2026-09-08T11:57:00,pharmacy
PS-HEB-001,Hebron,31.5326,35.0998,7c5d3d710b7ca6a2,c731621ec5316064,0-4,OTHER,mild,2026-09-08T11:05:00,ehr
PS-HEB-001,Hebron,31.5326,35.0998,f17af80950dde2c9,a99422b0baaf548e,65+,OTHER,mild,2026-09-08T12:08:00,pharmacy
PS-HEB-001,Hebron,31.5326,35.0998,f17af80950dde2c9,a630a43284aa00ba,50-64,OTHER,mild,2026-09-08T10:27:00,lab
PS-HEB-001,Hebron,31.5326,35.0998,f17af80950dde2c9,c0b867b8a222888f,5-17,OTHER,mild,2026-09-08T11:55:00,pharmacy
PS-HEB-001,Hebron,31.5326,35.0998,7c5d3d710b7ca6a2,766005e6b64ef7ae,50-64,OTHER,mild,2026-09-08T19:05:00,pharmacy
PS-HEB-001,Hebron,31.5326,35.0998,f17af80950dde2c9,952b0de285d537e5,0-4,OTHER,mild,2026-09-08T08:42:00,ehr
PS-HEB-001,Hebron,31.5326,35.0998,e3dff89ada235d59,ad94dde502a89ef0,0-4,OTHER,mild,2026-09-08T09:15:00,ehr
PS-HEB-002,Hebron,31.545,35.087,3000fc3d8d01f75a,e1fced044292a9c7,0-4,ILI,mild,2026-09-08T12:13:00,lab
PS-HEB-002,Hebron,31.545,35.087,9b34d36ec3c96b37,3ea6cd43671e7b4d,0-4,ILI,mild,2026-09-08T17:11:00,ehr
PS-HEB-002,Hebron,31.545,35.087,3000fc3d8d01f75a,71ec75df77bb3395,5-17,ILI,mild,2026-09-08T12:10:00,ehr
PS-HEB-002,Hebron,31.545,35.087,d1fda43bf12417c4,a957bfe6c4576687,18-49,ILI,mild,2026-09-08T08:00:00,ehr
PS-HEB-002,Hebron,31.545,35.087,3000fc3d8d01f75a,2b18dba0a8626184,18-49,ILI,moderate,2026-09-08T18:29:00,ehr
PS-HEB-002,Hebron,31.545,35.087,3000fc3d8d01f75a,4caef00e7c7b54c0,18-49,ILI,severe,2026-09-08T13:24:00,pharmacy
PS-HEB-002,Hebron,31.545,35.087,b828601a5432663a,600896d182916873,5-17,ILI,mild,2026-09-08T10:03:00,ehr
PS-HEB-002,Hebron,31.545,35.087,3000fc3d8d01f75a,d911913d495b6347,65+,AGE,moderate,2026-09-08T13:28:00,ehr
PS-HEB-002,Hebron,31.545,35.087,3000fc3d8d01f75a,2f6dd7125dba3e0f,50-64,AGE,moderate,2026-09-08T12:23:00,ehr
PS-HEB-002,Hebron,31.545,35.087,b828601a5432663a,3e09c5c566535d7a,18-49,AGE,mild,2026-09-08T14:40:00,ehr
PS-HEB-002,Hebron,31.545,35.087,3000fc3d8d01f75a,9dc0427d55d9d830,18-49,AGE,mild,2026-09-08T19:41:00,lab
PS-HEB-002,Hebron,31.545,35.087,9b34d36ec3c96b37,f666820165baca2e,0-4,AGE,mild,2026-09-08T20:00:00,ehr
PS-HEB-002,Hebron,31.545,35.087,3000fc3d8d01f75a,681b10bae1578a8c,0-4,AGE,mild,2026-09-08T20:41:00,lab
PS-HEB-002,Hebron,31.545,35.087,9b34d36ec3c96b37,a37cc86fd7115ba4,50-64,AGE,mild,2026-09-08T15:41:00,pharmacy
PS-HEB-002,Hebron,31.545,35.087,b828601a5432663a,222b9af5fbbc3843,50-64,AGE,mild,2026-09-08T14:49:00,lab
PS-HEB-002,Hebron,31.545,35.087,b828601a5432663a,fae24d6a89c401ee,18-49,AGE,severe,2026-09-08T13:34:00,ehr
PS-HEB-002,Hebron,31.545,35.087,d1fda43bf12417c4,c784e2a334314482,0-4,AGE,mild,2026-09-08T14:08:00,ehr
PS-HEB-002,Hebron,31.545,35.087,b828601a5432663a,a349b2df114d2e4a,0-4,AGE,moderate,2026-09-08T15:46:00,ehr
PS-HEB-002,Hebron,31.545,35.087,d1fda43bf12417c4,c2b580beeda16fc9,18-49,AGE,mild,2026-09-08T09:14:00,pharmacy
PS-HEB-002,Hebron,31.545,35.087,b828601a5432663a,045bb1268a7326fe,18-49,AGE,mild,2026-09-08T09:18:00,ehr
PS-HEB-002,Hebron,31.545,35.087,3000fc3d8d01f75a,b568bce569c9be64,65+,AGE,mild,2026-09-08T15:12:00,ehr
PS-HEB-002,Hebron,31.545,35.087,3000fc3d8d01f75a,03759d32d7da7714,0-4,AGE,moderate,2026-09-08T07:00:00,pharmacy
PS-HEB-002,Hebron,31.545,35.087,b828601a5432663a,539444d3eade81c4,5-17,AGE,moderate,2026-09-08T11:28:00,ehr
PS-HEB-002,Hebron,31.545,35.087,b828601a5432663a,2159a4509db01091,50-64,ARI,moderate,2026-09-08T12:42:00,ehr
PS-HEB-002,Hebron,31.545,35.087,9b34d36ec3c96b37,1490cfedf4a36200,65+,ARI,mild,2026-09-08T10:20:00,pharmacy
PS-HEB-002,Hebron,31.545,35.087,b828601a5432663a,70a7d3a321c37aac,50-64,ARI,mild,2026-09-08T16:08:00,ehr
PS-HEB-002,Hebron,31.545,35.087,3000fc3d8d01f75a,badd45de8d1ff3dc,65+,ARI,mild,2026-09-08T17:44:00,ehr
PS-HEB-002,Hebron,31.545,35.087,b828601a5432663a,d9b35b2a2dd6cd7f,0-4,OTHER,mild,2026-09-08T15:01:00,pharmacy
PS-HEB-002,Hebron,31.545,35.087,3000fc3d8d01f75a,d146c3a515cf3dfe,5-17,OTHER,mild,2026-09-08T11:58:00,ehr
PS-HEB-002,Hebron,31.545,35.087,d1fda43bf12417c4,5ef511639d93f519,50-64,OTHER,mild,2026-09-08T20:48:00,ehr
PS-HEB-002,Hebron,31.545,35.087,3000fc3d8d01f75a,04132057d0e5c997,18-49,OTHER,mild,2026-09-08T17:16:00,lab
PS-HEB-002,Hebron,31.545,35.087,d1fda43bf12417c4,1b24a498a63712b7,18-49,OTHER,mild,2026-09-08T11:46:00,pharmacy
PS-HEB-002,Hebron,31.545,35.087,d1fda43bf12417c4,585286067c3f7af2,0-4,OTHER,mild,2026-09-08T17:35:00,ehr
PS-HEB-002,Hebron,31.545,35.087,b828601a5432663a,86fa318d2ebd5010,18-49,OTHER,mild,2026-09-08T14:58:00,pharmacy
PS-RAM-001,Ramallah,31.9038,35.2034,2c531e40a3a7ce8c,8f970e55d598e2f1,50-64,ILI,mild,2026-09-08T09:06:00,lab
PS-RAM-001,Ramallah,31.9038,35.2034,2c531e40a3a7ce8c,833c96cb2d95b644,50-64,ILI,mild,2026-09-08T11:59:00,pharmacy
PS-RAM-001,Ramallah,31.9038,35.2034,865eea42f5c6ccea,06a7f5dd58b23402,18-49,ILI,severe,2026-09-08T07:20:00,lab
PS-RAM-001,Ramallah,31.9038,35.2034,865eea42f5c6ccea,056e4bfdc7375ddd,18-49,ILI,mild,2026-09-08T19:23:00,ehr
PS-RAM-001,Ramallah,31.9038,35.2034,4dc3b3d585035dae,557a079773881561,50-64,ILI,mild,2026-09-08T09:36:00,lab
PS-RAM-001,Ramallah,31.9038,35.2034,4dc3b3d585035dae,8ab44a31e255f3d9,18-49,ILI,mild,2026-09-08T16:40:00,ehr
PS-RAM-001,Ramallah,31.9038,35.2034,d4bc341fd534ad06,cfc228ac46ee5b6d,0-4,ILI,mild,2026-09-08T15:38:00,ehr
PS-RAM-001,Ramallah,31.9038,35.2034,d4bc341fd534ad06,93017bb311879a99,18-49,ILI,mild,2026-09-08T13:21:00,ehr
PS-RAM-001,Ramallah,31.9038,35.2034,4dc3b3d585035dae,7d72c8d06636f27c,0-4,AGE,mild,2026-09-08T12:28:00,lab
PS-RAM-001,Ramallah,31.9038,35.2034,2c531e40a3a7ce8c,1ce3418e9afe291d,18-49,AGE,mild,2026-09-08T13:05:00,ehr
PS-RAM-001,Ramallah,31.9038,35.2034,4dc3b3d585035dae,2034f238260da363,0-4,AGE,mild,2026-09-08T16:57:00,ehr
PS-RAM-001,Ramallah,31.9038,35.2034,2c531e40a3a7ce8c,9580faf7c13b3949,18-49,AGE,mild,2026-09-08T15:17:00,pharmacy
PS-RAM-001,Ramallah,31.9038,35.2034,d4bc341fd534ad06,cdb532eba416793c,5-17,AGE,mild,2026-09-08T09:40:00,lab
PS-RAM-001,Ramallah,31.9038,35.2034,4dc3b3d585035dae,039d5da8a3f94198,18-49,ARI,mild,2026-09-08T19:56:00,ehr
PS-RAM-001,Ramallah,31.9038,35.2034,865eea42f5c6ccea,560cabe39291eb44,5-17,ARI,mild,2026-09-08T18:09:00,ehr
PS-RAM-001,Ramallah,31.9038,35.2034,865eea42f5c6ccea,10916180252e8018,0-4,ARI,moderate,2026-09-08T19:02:00,ehr
PS-RAM-001,Ramallah,31.9038,35.2034,865eea42f5c6ccea,37df370f0fbcfdac,5-17,ARI,moderate,2026-09-08T08:46:00,lab
PS-RAM-001,Ramallah,31.9038,35.2034,865eea42f5c6ccea,f2f2e36227641811,18-49,ARI,mild,2026-09-08T16:06:00,ehr
PS-RAM-001,Ramallah,31.9038,35.2034,4dc3b3d585035dae,f4d57fe8cd4b4e22,5-17,ARI,moderate,2026-09-08T20:37:00,pharmacy
PS-RAM-001,Ramallah,31.9038,35.2034,4dc3b3d585035dae,1da849014293cf23,5-17,ARI,mild,2026-09-08T19:24:00,lab
PS-RAM-001,Ramallah,31.9038,35.2034,2c531e40a3a7ce8c,374be1f72e790246,5-17,ARI,mild,2026-09-08T07:15:00,ehr
PS-RAM-001,Ramallah,31.9038,35.2034,865eea42f5c6ccea,eed06eccef71dd8e,5-17,ARI,moderate,2026-09-08T17:38:00,ehr
PS-RAM-001,Ramallah,31.9038,35.2034,2c531e40a3a7ce8c,79c1cb4f28352118,18-49,ARI,mild,2026-09-08T12:40:00,ehr
PS-RAM-001,Ramallah,31.9038,35.2034,2c531e40a3a7ce8c,97c47cb0f14b0121,18-49,ARI,mild,2026-09-08T07:58:00,pharmacy
PS-RAM-001,Ramallah,31.9038,35.2034,d4bc341fd534ad06,7bb5a2fd754dc165,5-17,FEVER_RASH,mild,2026-09-08T16:05:00,ehr
PS-RAM-001,Ramallah,31.9038,35.2034,2c531e40a3a7ce8c,8da42dc00972ca0a,50-64,OTHER,mild,2026-09-08T14:34:00,ehr
PS-RAM-001,Ramallah,31.9038,35.2034,d4bc341fd534ad06,0364bea3f7462767,5-17,OTHER,mild,2026-09-08T16:11:00,ehr
PS-RAM-001,Ramallah,31.9038,35.2034,2c531e40a3a7ce8c,1877efd144fcae88,50-64,OTHER,moderate,2026-09-08T13:14:00,ehr
PS-RAM-001,Ramallah,31.9038,35.2034,2c531e40a3a7ce8c,da858becc5167332,18-49,OTHER,mild,2026-09-08T08:53:00,ehr
PS-RAM-001,Ramallah,31.9038,35.2034,865eea42f5c6ccea,a75eb87797ba7625,0-4,OTHER,mild,2026-09-08T15:49:00,lab
PS-RAM-001,Ramallah,31.9038,35.2034,4dc3b3d585035dae,8971c6778baf28d0,0-4,OTHER,mild,2026-09-08T08:42:00,ehr
PS-RAM-001,Ramallah,31.9038,35.2034,2c531e40a3a7ce8c,04e485730d7acb92,18-49,OTHER,mild,2026-09-08T10:23:00,pharmacy
PS-RAM-001,Ramallah,31.9038,35.2034,4dc3b3d585035dae,dcd156baa31e40fb,18-49,OTHER,mild,2026-09-08T07:00:00,pharmacy
PS-RAM-001,Ramallah,31.9038,35.2034,d4bc341fd534ad06,6d2fd8569f33b95e,0-4,OTHER,mild,2026-09-08T17:21:00,ehr
PS-RAM-001,Ramallah,31.9038,35.2034,865eea42f5c6ccea,038e68f0304db9c3,18-49,OTHER,mild,2026-09-08T13:45:00,ehr
PS-NAB-001,Nablus,32.2211,35.2544,ce0af50d2ab5f724,34461f4f91264463,18-49,ILI,mild,2026-09-08T07:46:00,ehr
PS-NAB-001,Nablus,32.2211,35.2544,c9eef5119a779be2,8ae7bca3abe876f8,50-64,ILI,mild,2026-09-08T10:00:00,ehr
PS-NAB-001,Nablus,32.2211,35.2544,62c116f8ada8f79a,9cf0a22490b00a92,0-4,ILI,mild,2026-09-08T09:47:00,lab
PS-NAB-001,Nablus,32.2211,35.2544,2e49f94506905ef7,2d3f9edf74f38f02,5-17,ILI,mild,2026-09-08T14:58:00,lab
PS-NAB-001,Nablus,32.2211,35.2544,62c116f8ada8f79a,5ebc9f17cca5fdd0,18-49,ILI,moderate,2026-09-08T18:18:00,ehr
PS-NAB-001,Nablus,32.2211,35.2544,c9eef5119a779be2,5565fb03154b4953,5-17,ILI,mild,2026-09-08T16:18:00,ehr
PS-NAB-001,Nablus,32.2211,35.2544,ce0af50d2ab5f724,59478a7b5ce2335e,65+,AGE,mild,2026-09-08T08:42:00,lab
PS-NAB-001,Nablus,32.2211,35.2544,c9eef5119a779be2,44568659406b9892,0-4,AGE,mild,2026-09-08T18:27:00,lab
PS-NAB-001,Nablus,32.2211,35.2544,ce0af50d2ab5f724,4af4293d457782cb,0-4,AGE,mild,2026-09-08T17:57:00,pharmacy
PS-NAB-001,Nablus,32.2211,35.2544,2e49f94506905ef7,7cdee93a0edd9e73,50-64,AGE,mild,2026-09-08T09:35:00,lab
PS-NAB-001,Nablus,32.2211,35.2544,ce0af50d2ab5f724,a5c8b8901051a694,18-49,AGE,moderate,2026-09-08T15:03:00,pharmacy
PS-NAB-001,Nablus,32.2211,35.2544,62c116f8ada8f79a,cf1885ada7c88b60,5-17,AGE,mild,2026-09-08T07:09:00,lab
PS-NAB-001,Nablus,32.2211,35.2544,ce0af50d2ab5f724,17aeb46dff170ec3,0-4,AGE,mild,2026-09-08T14:40:00,lab
PS-NAB-001,Nablus,32.2211,35.2544,62c116f8ada8f79a,8eb823df37dbc668,5-17,ARI,mild,2026-09-08T10:08:00,pharmacy
PS-NAB-001,Nablus,32.2211,35.2544,62c116f8ada8f79a,634d75fdde14ad0a,0-4,ARI,mild,2026-09-08T12:37:00,pharmacy
PS-NAB-001,Nablus,32.2211,35.2544,c9eef5119a779be2,1efed30918e50cef,18-49,ARI,moderate,2026-09-08T18:18:00,ehr
PS-NAB-001,Nablus,32.2211,35.2544,62c116f8ada8f79a,80f7298fe1b283ab,18-49,ARI,mild,2026-09-08T08:18:00,ehr
PS-NAB-001,Nablus,32.2211,35.2544,62c116f8ada8f79a,207c275a178be02e,18-49,ARI,mild,2026-09-08T07:47:00,ehr
PS-NAB-001,Nablus,32.2211,35.2544,62c116f8ada8f79a,3f1dac12ad7b3921,50-64,ARI,moderate,2026-09-08T16:48:00,ehr
PS-NAB-001,Nablus,32.2211,35.2544,c9eef5119a779be2,ba3c9488250cbf70,18-49,ARI,mild,2026-09-08T10:09:00,pharmacy
PS-NAB-001,Nablus,32.2211,35.2544,ce0af50d2ab5f724,89ec0f33672db60a,18-49,FEVER_RASH,mild,2026-09-08T20:24:00,lab
PS-NAB-001,Nablus,32.2211,35.2544,ce0af50d2ab5f724,ead77c0166ba8de0,18-49,JAUNDICE,mild,2026-09-08T11:06:00,lab
PS-NAB-001,Nablus,32.2211,35.2544,62c116f8ada8f79a,8d0543fcade786cd,50-64,OTHER,mild,2026-09-08T12:57:00,ehr
PS-NAB-001,Nablus,32.2211,35.2544,c9eef5119a779be2,8def0e6ba1992adb,18-49,OTHER,mild,2026-09-08T08:49:00,lab
PS-NAB-001,Nablus,32.2211,35.2544,62c116f8ada8f79a,654821e61d6c0980,18-49,OTHER,mild,2026-09-08T19:22:00,ehr
PS-NAB-001,Nablus,32.2211,35.2544,62c116f8ada8f79a,2bac2d23a0fdc3de,50-64,OTHER,mild,2026-09-08T13:28:00,ehr
PS-NAB-001,Nablus,32.2211,35.2544,c9eef5119a779be2,e76d780081dfb253,5-17,OTHER,mild,2026-09-08T14:11:00,ehr
PS-NAB-001,Nablus,32.2211,35.2544,c9eef5119a779be2,e9ab99ff6854a6b6,18-49,OTHER,mild,2026-09-08T14:53:00,lab
PS-NAB-001,Nablus,32.2211,35.2544,ce0af50d2ab5f724,574c28e2b12af7ea,5-17,OTHER,mild,2026-09-08T16:30:00,ehr
PS-NAB-001,Nablus,32.2211,35.2544,62c116f8ada8f79a,95cdb7b3e9c6b695,5-17,OTHER,moderate,2026-09-08T16:27:00,pharmacy
PS-NAB-001,Nablus,32.2211,35.2544,c9eef5119a779be2,60c07bbb942d2e00,50-64,OTHER,mild,2026-09-08T11:45:00,lab
PS-NAB-001,Nablus,32.2211,35.2544,c9eef5119a779be2,b433e10daf75008a,0-4,OTHER,mild,2026-09-08T17:08:00,ehr
PS-BET-001,Bethlehem,31.7054,35.2024,2ee779d7897ae9a5,6fa7f04b33d70d3f,50-64,ILI,mild,2026-09-08T13:34:00,ehr
PS-BET-001,Bethlehem,31.7054,35.2024,0a12ccb2fb499cd0,2c48fb534da66ced,18-49,ILI,moderate,2026-09-08T20:26:00,lab
PS-BET-001,Bethlehem,31.7054,35.2024,0a12ccb2fb499cd0,640acb7620276f34,18-49,ILI,moderate,2026-09-08T09:38:00,pharmacy
PS-BET-001,Bethlehem,31.7054,35.2024,0a12ccb2fb499cd0,65c467a99d5fecf3,5-17,ILI,moderate,2026-09-08T14:37:00,ehr
PS-BET-001,Bethlehem,31.7054,35.2024,c1a0ab6562099869,a5b83945a3d66993,5-17,ILI,moderate,2026-09-08T08:08:00,ehr
PS-BET-001,Bethlehem,31.7054,35.2024,0a12ccb2fb499cd0,9cffc86ab2c0f067,50-64,ILI,mild,2026-09-08T07:11:00,lab
PS-BET-001,Bethlehem,31.7054,35.2024,c1a0ab6562099869,7426fdbadc8d047e,5-17,ILI,mild,2026-09-08T14:35:00,lab
PS-BET-001,Bethlehem,31.7054,35.2024,53365b5018ccb30a,ea1d6a68735b6d06,50-64,AGE,mild,2026-09-08T18:36:00,ehr
PS-BET-001,Bethlehem,31.7054,35.2024,2ee779d7897ae9a5,434379be090617ad,18-49,AGE,mild,2026-09-08T20:33:00,ehr
PS-BET-001,Bethlehem,31.7054,35.2024,c1a0ab6562099869,d8b28f498e768a65,5-17,ARI,mild,2026-09-08T15:08:00,ehr
PS-BET-001,Bethlehem,31.7054,35.2024,0a12ccb2fb499cd0,9db82002e1af26c6,18-49,ARI,moderate,2026-09-08T19:15:00,ehr
PS-BET-001,Bethlehem,31.7054,35.2024,2ee779d7897ae9a5,bc1be853a88b0035,5-17,ARI,moderate,2026-09-08T18:03:00,lab
PS-BET-001,Bethlehem,31.7054,35.2024,53365b5018ccb30a,f99c44efd38d83f5,0-4,ARI,mild,2026-09-08T14:25:00,ehr
PS-BET-001,Bethlehem,31.7054,35.2024,53365b5018ccb30a,acd3492d71ddadb5,5-17,ARI,mild,2026-09-08T17:08:00,ehr
PS-BET-001,Bethlehem,31.7054,35.2024,0a12ccb2fb499cd0,60a3083265e3f8f2,0-4,FEVER_RASH,moderate,2026-09-08T19:52:00,ehr
PS-BET-001,Bethlehem,31.7054,35.2024,2ee779d7897ae9a5,4fc3bccd2b180342,18-49,FEVER_RASH,mild,2026-09-08T18:43:00,lab
PS-BET-001,Bethlehem,31.7054,35.2024,0a12ccb2fb499cd0,c86b04e9ef15ac30,5-17,JAUNDICE,moderate,2026-09-08T20:34:00,lab
PS-BET-001,Bethlehem,31.7054,35.2024,0a12ccb2fb499cd0,d1fcdbb57eb3cdc9,65+,OTHER,mild,2026-09-08T13:01:00,pharmacy
PS-BET-001,Bethlehem,31.7054,35.2024,c1a0ab6562099869,fd287a7a233a92a8,18-49,OTHER,mild,2026-09-08T13:31:00,ehr
PS-JEN-001,Jenin,32.4597,35.2951,d723f8382af3d058,55c49b37a3d09d70,50-64,ILI,mild,2026-09-08T11:57:00,ehr
PS-JEN-001,Jenin,32.4597,35.2951,d723f8382af3d058,b9c70c57fbe9a88d,5-17,ILI,moderate,2026-09-08T15:23:00,ehr
PS-JEN-001,Jenin,32.4597,35.2951,0747c175e69e0dff,bfc2ec90a4b9d518,0-4,ILI,mild,2026-09-08T08:55:00,ehr
PS-JEN-001,Jenin,32.4597,35.2951,0747c175e69e0dff,7a69ff3942cfb61c,5-17,AGE,moderate,2026-09-08T16:59:00,ehr
PS-JEN-001,Jenin,32.4597,35.2951,02322af968c6062f,fc35e75ad967070b,18-49,ARI,moderate,2026-09-08T11:25:00,pharmacy
PS-JEN-001,Jenin,32.4597,35.2951,02322af968c6062f,1045de67cac771a0,18-49,ARI,mild,2026-09-08T18:44:00,pharmacy
PS-JEN-001,Jenin,32.4597,35.2951,02322af968c6062f,75ad690d26960ea5,5-17,ARI,mild,2026-09-08T18:32:00,ehr
PS-JEN-001,Jenin,32.4597,35.2951,c0d662d41ad4a594,495acb5b42e2715f,5-17,ARI,mild,2026-09-08T11:03:00,lab
PS-JEN-001,Jenin,32.4597,35.2951,02322af968c6062f,138096e44dfcc3f2,18-49,ARI,moderate,2026-09-08T15:21:00,ehr
PS-JEN-001,Jenin,32.4597,35.2951,02322af968c6062f,279e5340d3ca0ed6,5-17,ARI,mild,2026-09-08T15:40:00,lab
PS-JEN-001,Jenin,32.4597,35.2951,c0d662d41ad4a594,8a93c47ef37c680e,5-17,ARI,mild,2026-09-08T11:29:00,ehr
PS-JEN-001,Jenin,32.4597,35.2951,02322af968c6062f,9e32cdf75c1966fe,0-4,ARI,mild,2026-09-08T16:40:00,ehr
PS-JEN-001,Jenin,32.4597,35.2951,d723f8382af3d058,799363bd6b300a9b,0-4,ARI,moderate,2026-09-08T13:18:00,lab
PS-JEN-001,Jenin,32.4597,35.2951,02322af968c6062f,bca53bcfa7e67015,0-4,FEVER_RASH,moderate,2026-09-08T15:16:00,ehr
PS-JEN-001,Jenin,32.4597,35.2951,d723f8382af3d058,479019597c7d5df4,50-64,FEVER_RASH,mild,2026-09-08T09:56:00,lab
PS-JEN-001,Jenin,32.4597,35.2951,0747c175e69e0dff,761c77f171fd47ad,18-49,JAUNDICE,mild,2026-09-08T15:41:00,ehr
PS-JEN-001,Jenin,32.4597,35.2951,d723f8382af3d058,b34c14a262e29d1a,0-4,OTHER,mild,2026-09-08T13:27:00,lab
PS-JEN-001,Jenin,32.4597,35.2951,d723f8382af3d058,46c180558ad6e24a,18-49,OTHER,mild,2026-09-08T20:53:00,pharmacy
PS-JEN-001,Jenin,32.4597,35.2951,0747c175e69e0dff,81969140e5adf206,5-17,OTHER,mild,2026-09-08T10:42:00,ehr
PS-JEN-001,Jenin,32.4597,35.2951,02322af968c6062f,c4a08e3af9d0894a,5-17,OTHER,severe,2026-09-08T18:20:00,ehr
PS-JEN-001,Jenin,32.4597,35.2951,c0d662d41ad4a594,48d02b78ea9c6c7a,5-17,OTHER,mild,2026-09-08T12:12:00,pharmacy
PS-JEN-001,Jenin,32.4597,35.2951,c0d662d41ad4a594,8769607bf1c74f39,18-49,OTHER,mild,2026-09-08T12:27:00,ehr
PS-HEB-001,Hebron,31.5326,35.0998,e3dff89ada235d59,d7b614da14c7229c,5-17,ILI,mild,2026-09-09T10:37:00,ehr
PS-HEB-001,Hebron,31.5326,35.0998,f17af80950dde2c9,2487c55c7d654693,5-17,ILI,mild,2026-09-09T08:29:00,ehr
PS-HEB-001,Hebron,31.5326,35.0998,d3391f64b3beb0a2,225bd9affabbf1c0,65+,ILI,mild,2026-09-09T15:52:00,lab
PS-HEB-001,Hebron,31.5326,35.0998,e3dff89ada235d59,daebf7b9741c474a,0-4,ILI,moderate,2026-09-09T16:55:00,ehr
PS-HEB-001,Hebron,31.5326,35.0998,d3391f64b3beb0a2,7d2587ead76de6a4,5-17,ILI,moderate,2026-09-09T07:09:00,lab
PS-HEB-001,Hebron,31.5326,35.0998,f17af80950dde2c9,1a6aa292438ff609,18-49,ILI,mild,2026-09-09T09:30:00,ehr
PS-HEB-001,Hebron,31.5326,35.0998,7c5d3d710b7ca6a2,2297fe7d00aaf318,18-49,ILI,moderate,2026-09-09T11:20:00,ehr
PS-HEB-001,Hebron,31.5326,35.0998,e3dff89ada235d59,c4e70830ae532bea,50-64,ILI,mild,2026-09-09T09:20:00,ehr
PS-HEB-001,Hebron,31.5326,35.0998,e3dff89ada235d59,02cb1c5e6479f85c,0-4,AGE,mild,2026-09-09T13:06:00,ehr
PS-HEB-001,Hebron,31.5326,35.0998,f17af80950dde2c9,3fb90388cb32eb83,0-4,AGE,moderate,2026-09-09T07:34:00,ehr
PS-HEB-001,Hebron,31.5326,35.0998,e3dff89ada235d59,efbb4babcc48d15b,18-49,AGE,moderate,2026-09-09T17:29:00,ehr
PS-HEB-001,Hebron,31.5326,35.0998,f17af80950dde2c9,0cf5c1c9caadb277,18-49,AGE,moderate,2026-09-09T14:50:00,ehr
PS-HEB-001,Hebron,31.5326,35.0998,d3391f64b3beb0a2,9e25ac1e6ecfb3ee,0-4,AGE,mild,2026-09-09T08:56:00,lab
PS-HEB-001,Hebron,31.5326,35.0998,f17af80950dde2c9,3ef9d16d9730756f,5-17,AGE,moderate,2026-09-09T17:32:00,ehr
PS-HEB-001,Hebron,31.5326,35.0998,7c5d3d710b7ca6a2,d5aadc8d5c009f16,0-4,AGE,mild,2026-09-09T07:28:00,ehr
PS-HEB-001,Hebron,31.5326,35.0998,d3391f64b3beb0a2,46d1a61a0e51962f,0-4,AGE,mild,2026-09-09T18:54:00,ehr
PS-HEB-001,Hebron,31.5326,35.0998,7c5d3d710b7ca6a2,414910a9834265e8,5-17,AGE,mild,2026-09-09T14:13:00,lab
PS-HEB-001,Hebron,31.5326,35.0998,f17af80950dde2c9,bccfb92e43e0a193,65+,AGE,mild,2026-09-09T14:06:00,pharmacy
PS-HEB-001,Hebron,31.5326,35.0998,7c5d3d710b7ca6a2,a51cae11093fc496,5-17,AGE,moderate,2026-09-09T17:30:00,lab
PS-HEB-001,Hebron,31.5326,35.0998,f17af80950dde2c9,ee315ebd27dfd704,18-49,AGE,mild,2026-09-09T12:49:00,ehr
PS-HEB-001,Hebron,31.5326,35.0998,f17af80950dde2c9,a9ac4b1cddd61763,18-49,AGE,mild,2026-09-09T07:38:00,ehr
PS-HEB-001,Hebron,31.5326,35.0998,7c5d3d710b7ca6a2,840a620c9cbb70d0,0-4,AGE,moderate,2026-09-09T19:17:00,ehr
PS-HEB-001,Hebron,31.5326,35.0998,d3391f64b3beb0a2,03d06810e740508d,65+,AGE,severe,2026-09-09T09:59:00,lab
PS-HEB-001,Hebron,31.5326,35.0998,d3391f64b3beb0a2,e6cdbefa6dc2a645,5-17,AGE,mild,2026-09-09T17:45:00,ehr
PS-HEB-001,Hebron,31.5326,35.0998,e3dff89ada235d59,33ffaf0e4061b5e8,50-64,AGE,mild,2026-09-09T18:11:00,ehr
PS-HEB-001,Hebron,31.5326,35.0998,7c5d3d710b7ca6a2,15aa2ba16f12c549,18-49,AGE,mild,2026-09-09T10:39:00,ehr
PS-HEB-001,Hebron,31.5326,35.0998,e3dff89ada235d59,2e4edaa8219c107a,18-49,AGE,moderate,2026-09-09T14:42:00,ehr
PS-HEB-001,Hebron,31.5326,35.0998,7c5d3d710b7ca6a2,3dc8c8b8459204ea,0-4,AGE,moderate,2026-09-09T14:50:00,ehr
PS-HEB-001,Hebron,31.5326,35.0998,7c5d3d710b7ca6a2,26103bc003d253bb,0-4,AGE,mild,2026-09-09T18:44:00,ehr
PS-HEB-001,Hebron,31.5326,35.0998,7c5d3d710b7ca6a2,5e32833f124bfa4f,18-49,AGE,mild,2026-09-09T13:00:00,ehr
PS-HEB-001,Hebron,31.5326,35.0998,e3dff89ada235d59,425317621c31e0a3,18-49,AGE,moderate,2026-09-09T15:36:00,ehr
PS-HEB-001,Hebron,31.5326,35.0998,e3dff89ada235d59,d7912a4427341cdd,5-17,AGE,mild,2026-09-09T16:29:00,pharmacy
PS-HEB-001,Hebron,31.5326,35.0998,d3391f64b3beb0a2,2ed046ba20b21ee4,18-49,AGE,mild,2026-09-09T18:13:00,ehr
PS-HEB-001,Hebron,31.5326,35.0998,f17af80950dde2c9,acc12e67b361197e,18-49,AGE,mild,2026-09-09T08:18:00,ehr
PS-HEB-001,Hebron,31.5326,35.0998,f17af80950dde2c9,b9e2e2f450a18bf6,65+,AGE,mild,2026-09-09T13:15:00,ehr
PS-HEB-001,Hebron,31.5326,35.0998,e3dff89ada235d59,b8ce37382caa4d04,50-64,AGE,mild,2026-09-09T17:53:00,ehr
PS-HEB-001,Hebron,31.5326,35.0998,e3dff89ada235d59,f4975e3fedfb9265,50-64,AGE,mild,2026-09-09T08:31:00,ehr
PS-HEB-001,Hebron,31.5326,35.0998,e3dff89ada235d59,ad84482e1eb733af,5-17,AGE,mild,2026-09-09T09:49:00,ehr
PS-HEB-001,Hebron,31.5326,35.0998,e3dff89ada235d59,d6d280bf6764a5a2,65+,AGE,mild,2026-09-09T20:56:00,ehr
PS-HEB-001,Hebron,31.5326,35.0998,7c5d3d710b7ca6a2,0d1c8c87047579c5,50-64,AGE,mild,2026-09-09T11:00:00,ehr
PS-HEB-001,Hebron,31.5326,35.0998,d3391f64b3beb0a2,70d710a2391c5302,18-49,ARI,mild,2026-09-09T07:05:00,ehr
PS-HEB-001,Hebron,31.5326,35.0998,7c5d3d710b7ca6a2,96e5186e7c476f4b,18-49,ARI,mild,2026-09-09T12:05:00,ehr
PS-HEB-001,Hebron,31.5326,35.0998,f17af80950dde2c9,e6e711c1197d2f98,50-64,ARI,mild,2026-09-09T20:09:00,ehr
PS-HEB-001,Hebron,31.5326,35.0998,e3dff89ada235d59,98e5521ea8627dfc,65+,ARI,mild,2026-09-09T18:03:00,lab
PS-HEB-001,Hebron,31.5326,35.0998,e3dff89ada235d59,37abf65266562ca0,5-17,ARI,moderate,2026-09-09T20:41:00,ehr
PS-HEB-001,Hebron,31.5326,35.0998,7c5d3d710b7ca6a2,e5f07476ba2b43bc,50-64,ARI,mild,2026-09-09T19:00:00,ehr
PS-HEB-001,Hebron,31.5326,35.0998,e3dff89ada235d59,725c9d3914b5a322,0-4,ARI,mild,2026-09-09T16:03:00,ehr
PS-HEB-001,Hebron,31.5326,35.0998,d3391f64b3beb0a2,0f428daefda8c03a,50-64,ARI,mild,2026-09-09T18:00:00,ehr
PS-HEB-001,Hebron,31.5326,35.0998,e3dff89ada235d59,0e201d9bc40dc785,5-17,ARI,severe,2026-09-09T09:33:00,ehr
PS-HEB-001,Hebron,31.5326,35.0998,e3dff89ada235d59,5370b813b5caedb7,18-49,ARI,mild,2026-09-09T12:34:00,ehr
PS-HEB-001,Hebron,31.5326,35.0998,d3391f64b3beb0a2,a2295adf5262520c,18-49,ARI,mild,2026-09-09T07:59:00,lab
PS-HEB-001,Hebron,31.5326,35.0998,e3dff89ada235d59,8ee24eca064ea6ee,50-64,FEVER_RASH,mild,2026-09-09T13:05:00,pharmacy
PS-HEB-001,Hebron,31.5326,35.0998,7c5d3d710b7ca6a2,c1e17dc3cb36cb5c,0-4,JAUNDICE,mild,2026-09-09T19:51:00,lab
PS-HEB-001,Hebron,31.5326,35.0998,d3391f64b3beb0a2,a1bf2b0836819f1c,50-64,OTHER,moderate,2026-09-09T20:48:00,ehr
PS-HEB-001,Hebron,31.5326,35.0998,7c5d3d710b7ca6a2,d28b6dd1555766df,50-64,OTHER,moderate,2026-09-09T19:29:00,ehr
PS-HEB-001,Hebron,31.5326,35.0998,7c5d3d710b7ca6a2,7e7ce4d604f2470c,0-4,OTHER,mild,2026-09-09T08:53:00,pharmacy
PS-HEB-001,Hebron,31.5326,35.0998,e3dff89ada235d59,e5da5723c91049f8,0-4,OTHER,mild,2026-09-09T10:43:00,lab
PS-HEB-001,Hebron,31.5326,35.0998,f17af80950dde2c9,4db6e3a181cb3317,18-49,OTHER,mild,2026-09-09T10:38:00,ehr
PS-HEB-001,Hebron,31.5326,35.0998,7c5d3d710b7ca6a2,b0447b826d4a994e,18-49,OTHER,mild,2026-09-09T08:35:00,lab
PS-HEB-001,Hebron,31.5326,35.0998,f17af80950dde2c9,5caba2d488a3b506,65+,OTHER,moderate,2026-09-09T16:14:00,ehr
PS-HEB-001,Hebron,31.5326,35.0998,7c5d3d710b7ca6a2,de2a446deb554c4a,18-49,OTHER,mild,2026-09-09T17:01:00,lab
PS-HEB-002,Hebron,31.545,35.087,9b34d36ec3c96b37,b650574a479a5e8e,50-64,ILI,mild,2026-09-09T14:30:00,pharmacy
PS-HEB-002,Hebron,31.545,35.087,d1fda43bf12417c4,e31ff82c1ff23b79,18-49,ILI,mild,2026-09-09T15:51:00,pharmacy
PS-HEB-002,Hebron,31.545,35.087,3000fc3d8d01f75a,4d7dec19bc1d884d,0-4,ILI,moderate,2026-09-09T15:57:00,lab
PS-HEB-002,Hebron,31.545,35.087,d1fda43bf12417c4,1e6f280a01cff01e,18-49,ILI,mild,2026-09-09T19:50:00,pharmacy
PS-HEB-002,Hebron,31.545,35.087,9b34d36ec3c96b37,96535a4d4f003cfd,18-49,ILI,mild,2026-09-09T09:11:00,pharmacy
PS-HEB-002,Hebron,31.545,35.087,d1fda43bf12417c4,74a7a6fa341f6358,18-49,AGE,mild,2026-09-09T07:36:00,lab
PS-HEB-002,Hebron,31.545,35.087,d1fda43bf12417c4,86a370e11412f12f,5-17,AGE,moderate,2026-09-09T20:20:00,pharmacy
PS-HEB-002,Hebron,31.545,35.087,b828601a5432663a,4595d660696705d0,18-49,AGE,mild,2026-09-09T17:57:00,ehr
PS-HEB-002,Hebron,31.545,35.087,b828601a5432663a,45689a4c4b1c8666,0-4,AGE,mild,2026-09-09T19:20:00,lab
PS-HEB-002,Hebron,31.545,35.087,d1fda43bf12417c4,ca790149312c8bd4,18-49,AGE,severe,2026-09-09T14:29:00,lab
PS-HEB-002,Hebron,31.545,35.087,b828601a5432663a,c44f1faa41a8328b,18-49,AGE,mild,2026-09-09T13:18:00,pharmacy
PS-HEB-002,Hebron,31.545,35.087,b828601a5432663a,7e774c285f1d407c,5-17,AGE,moderate,2026-09-09T12:47:00,ehr
PS-HEB-002,Hebron,31.545,35.087,9b34d36ec3c96b37,3da5cbe51cfed064,0-4,AGE,moderate,2026-09-09T08:49:00,lab
PS-HEB-002,Hebron,31.545,35.087,d1fda43bf12417c4,f63cb1c163e7b3cb,18-49,AGE,severe,2026-09-09T12:30:00,ehr
PS-HEB-002,Hebron,31.545,35.087,3000fc3d8d01f75a,5ae9a653711f53e5,50-64,AGE,mild,2026-09-09T16:55:00,ehr
PS-HEB-002,Hebron,31.545,35.087,9b34d36ec3c96b37,81bc21d2da72aeb4,0-4,AGE,mild,2026-09-09T15:34:00,ehr
PS-HEB-002,Hebron,31.545,35.087,b828601a5432663a,4abe2f3be8fbf21c,0-4,AGE,mild,2026-09-09T15:27:00,ehr
PS-HEB-002,Hebron,31.545,35.087,d1fda43bf12417c4,192c1cb7e603c2ac,5-17,AGE,mild,2026-09-09T07:45:00,ehr
PS-HEB-002,Hebron,31.545,35.087,9b34d36ec3c96b37,0899f1804fc3ca45,5-17,ARI,mild,2026-09-09T20:56:00,ehr
PS-HEB-002,Hebron,31.545,35.087,b828601a5432663a,ebdf4840dd2e54a2,50-64,ARI,mild,2026-09-09T17:14:00,ehr
PS-HEB-002,Hebron,31.545,35.087,d1fda43bf12417c4,1dce7cad940f502a,5-17,ARI,mild,2026-09-09T08:06:00,pharmacy
PS-HEB-002,Hebron,31.545,35.087,b828601a5432663a,65684646ab23fff3,18-49,FEVER_RASH,mild,2026-09-09T13:53:00,ehr
PS-HEB-002,Hebron,31.545,35.087,d1fda43bf12417c4,e713701710dae8c3,5-17,MENINGITIS_LIKE,moderate,2026-09-09T12:09:00,lab
PS-HEB-002,Hebron,31.545,35.087,b828601a5432663a,2c90f774b6a7af86,5-17,OTHER,moderate,2026-09-09T17:35:00,ehr
PS-HEB-002,Hebron,31.545,35.087,d1fda43bf12417c4,13a2d96cfade9412,0-4,OTHER,mild,2026-09-09T19:31:00,ehr
PS-HEB-002,Hebron,31.545,35.087,9b34d36ec3c96b37,c689210367063dc1,18-49,OTHER,mild,2026-09-09T19:11:00,ehr
PS-RAM-001,Ramallah,31.9038,35.2034,d4bc341fd534ad06,a45b866f499170d0,65+,ILI,moderate,2026-09-09T12:15:00,ehr
PS-RAM-001,Ramallah,31.9038,35.2034,865eea42f5c6ccea,1fcbec0980ad88d3,18-49,ILI,moderate,2026-09-09T07:44:00,ehr
PS-RAM-001,Ramallah,31.9038,35.2034,865eea42f5c6ccea,c1f7bcc1bd5005c4,5-17,ILI,moderate,2026-09-09T19:41:00,pharmacy
PS-RAM-001,Ramallah,31.9038,35.2034,d4bc341fd534ad06,94cab12579f41aff,18-49,ILI,moderate,2026-09-09T12:57:00,ehr
PS-RAM-001,Ramallah,31.9038,35.2034,d4bc341fd534ad06,7428b15eeac3bb89,18-49,ILI,mild,2026-09-09T07:46:00,ehr
PS-RAM-001,Ramallah,31.9038,35.2034,865eea42f5c6ccea,0d9f9af77baef217,5-17,ILI,mild,2026-09-09T12:41:00,ehr
PS-RAM-001,Ramallah,31.9038,35.2034,4dc3b3d585035dae,33efe02bb6c75c5c,5-17,ILI,mild,2026-09-09T12:46:00,pharmacy
PS-RAM-001,Ramallah,31.9038,35.2034,d4bc341fd534ad06,5a442f286fb39a5b,5-17,ILI,moderate,2026-09-09T15:42:00,ehr
PS-RAM-001,Ramallah,31.9038,35.2034,865eea42f5c6ccea,ff141f2896a16d39,18-49,AGE,moderate,2026-09-09T17:47:00,pharmacy
PS-RAM-001,Ramallah,31.9038,35.2034,2c531e40a3a7ce8c,997d22fbb47765cd,18-49,AGE,moderate,2026-09-09T18:54:00,pharmacy
PS-RAM-001,Ramallah,31.9038,35.2034,d4bc341fd534ad06,4d2a440752f4e0e6,5-17,ARI,severe,2026-09-09T20:26:00,ehr
PS-RAM-001,Ramallah,31.9038,35.2034,2c531e40a3a7ce8c,54dfa6ca3e1046a8,5-17,ARI,moderate,2026-09-09T15:20:00,lab
PS-RAM-001,Ramallah,31.9038,35.2034,d4bc341fd534ad06,a70a32a32334a907,0-4,ARI,mild,2026-09-09T14:23:00,pharmacy
PS-RAM-001,Ramallah,31.9038,35.2034,2c531e40a3a7ce8c,f7df5fff7a012b37,50-64,ARI,mild,2026-09-09T11:15:00,pharmacy
PS-RAM-001,Ramallah,31.9038,35.2034,865eea42f5c6ccea,5699d447786cebcc,5-17,ARI,moderate,2026-09-09T15:13:00,lab
PS-RAM-001,Ramallah,31.9038,35.2034,865eea42f5c6ccea,39b3483048a184da,50-64,ARI,mild,2026-09-09T16:44:00,ehr
PS-RAM-001,Ramallah,31.9038,35.2034,865eea42f5c6ccea,7471a3b85d3200bb,5-17,ARI,mild,2026-09-09T19:46:00,ehr
PS-RAM-001,Ramallah,31.9038,35.2034,865eea42f5c6ccea,6189c039c97d80e5,18-49,ARI,mild,2026-09-09T16:11:00,ehr
PS-RAM-001,Ramallah,31.9038,35.2034,2c531e40a3a7ce8c,c47d8f6b77577a86,5-17,ARI,moderate,2026-09-09T07:29:00,pharmacy
PS-RAM-001,Ramallah,31.9038,35.2034,4dc3b3d585035dae,193c9035d4d982a3,18-49,ARI,mild,2026-09-09T19:12:00,lab
PS-RAM-001,Ramallah,31.9038,35.2034,865eea42f5c6ccea,07bb1235d84da492,5-17,ARI,moderate,2026-09-09T09:54:00,ehr
PS-RAM-001,Ramallah,31.9038,35.2034,4dc3b3d585035dae,439be22b3cd6610c,5-17,ARI,moderate,2026-09-09T17:40:00,ehr
PS-RAM-001,Ramallah,31.9038,35.2034,865eea42f5c6ccea,7037d3ec3e8033d4,18-49,ARI,mild,2026-09-09T13:08:00,ehr
PS-RAM-001,Ramallah,31.9038,35.2034,2c531e40a3a7ce8c,1627f5e4aa0020ec,18-49,ARI,mild,2026-09-09T07:43:00,ehr
PS-RAM-001,Ramallah,31.9038,35.2034,2c531e40a3a7ce8c,dd91a3d6038cf4ad,65+,FEVER_RASH,mild,2026-09-09T12:01:00,ehr
PS-RAM-001,Ramallah,31.9038,35.2034,d4bc341fd534ad06,c15b66202efb4b86,18-49,MENINGITIS_LIKE,moderate,2026-09-09T09:58:00,ehr
PS-RAM-001,Ramallah,31.9038,35.2034,d4bc341fd534ad06,f86b0941b514c67c,18-49,MENINGITIS_LIKE,moderate,2026-09-09T20:14:00,ehr
PS-RAM-001,Ramallah,31.9038,35.2034,4dc3b3d585035dae,f6e833865207f6c7,0-4,OTHER,mild,2026-09-09T18:57:00,ehr
PS-RAM-001,Ramallah,31.9038,35.2034,865eea42f5c6ccea,7e308e2c41ac373e,65+,OTHER,mild,2026-09-09T16:01:00,ehr
PS-RAM-001,Ramallah,31.9038,35.2034,d4bc341fd534ad06,6bce6f95c0e303aa,50-64,OTHER,mild,2026-09-09T09:56:00,lab
PS-RAM-001,Ramallah,31.9038,35.2034,d4bc341fd534ad06,6a9c5a79e7c3642e,50-64,OTHER,moderate,2026-09-09T20:43:00,ehr
PS-RAM-001,Ramallah,31.9038,35.2034,4dc3b3d585035dae,7cea2a47a751e5e7,18-49,OTHER,mild,2026-09-09T08:44:00,pharmacy
PS-RAM-001,Ramallah,31.9038,35.2034,865eea42f5c6ccea,dbd3b366b6f2aa61,5-17,OTHER,mild,2026-09-09T10:35:00,ehr
PS-RAM-001,Ramallah,31.9038,35.2034,d4bc341fd534ad06,ad8934028b67ec31,65+,OTHER,moderate,2026-09-09T11:40:00,ehr
PS-RAM-001,Ramallah,31.9038,35.2034,865eea42f5c6ccea,83800183cab6564d,0-4,OTHER,mild,2026-09-09T16:14:00,ehr
PS-RAM-001,Ramallah,31.9038,35.2034,865eea42f5c6ccea,e71ea24bc8a44119,5-17,OTHER,mild,2026-09-09T12:53:00,lab
PS-RAM-001,Ramallah,31.9038,35.2034,d4bc341fd534ad06,fe300f09ef66ecdd,0-4,OTHER,mild,2026-09-09T18:02:00,ehr
PS-RAM-001,Ramallah,31.9038,35.2034,2c531e40a3a7ce8c,5015b47d9452fd65,5-17,OTHER,mild,2026-09-09T13:29:00,ehr
PS-RAM-001,Ramallah,31.9038,35.2034,4dc3b3d585035dae,a0beb88b244faae9,18-49,OTHER,moderate,2026-09-09T20:08:00,ehr
PS-RAM-001,Ramallah,31.9038,35.2034,2c531e40a3a7ce8c,d19120a81dedc42d,18-49,OTHER,mild,2026-09-09T13:46:00,ehr
PS-RAM-001,Ramallah,31.9038,35.2034,d4bc341fd534ad06,dbcdd191410c797a,0-4,OTHER,mild,2026-09-09T09:48:00,ehr
PS-NAB-001,Nablus,32.2211,35.2544,62c116f8ada8f79a,e20310e31f7647af,0-4,ILI,mild,2026-09-09T14:25:00,ehr
PS-NAB-001,Nablus,32.2211,35.2544,62c116f8ada8f79a,cbba2e489a9ac193,0-4,ILI,moderate,2026-09-09T13:36:00,ehr
PS-NAB-001,Nablus,32.2211,35.2544,62c116f8ada8f79a,c63287564c82ff89,50-64,ILI,mild,2026-09-09T07:50:00,ehr
PS-NAB-001,Nablus,32.2211,35.2544,ce0af50d2ab5f724,fdfe7857583c30f6,65+,AGE,mild,2026-09-09T13:47:00,ehr
PS-NAB-001,Nablus,32.2211,35.2544,62c116f8ada8f79a,2205830ce491a71c,50-64,AGE,mild,2026-09-09T18:21:00,lab
PS-NAB-001,Nablus,32.2211,35.2544,2e49f94506905ef7,1946bed73bb0e4ed,65+,AGE,severe,2026-09-09T14:14:00,ehr
PS-NAB-001,Nablus,32.2211,35.2544,62c116f8ada8f79a,87381600f6f27c87,50-64,AGE,mild,2026-09-09T11:50:00,pharmacy
PS-NAB-001,Nablus,32.2211,35.2544,2e49f94506905ef7,c886b7484004fc80,18-49,ARI,mild,2026-09-09T15:22:00,ehr
PS-NAB-001,Nablus,32.2211,35.2544,62c116f8ada8f79a,1e0906d602e13465,18-49,ARI,mild,2026-09-09T09:23:00,ehr
PS-NAB-001,Nablus,32.2211,35.2544,62c116f8ada8f79a,19f3da7c1d57638a,0-4,ARI,mild,2026-09-09T15:11:00,lab
PS-NAB-001,Nablus,32.2211,35.2544,c9eef5119a779be2,b66eda45eb7996f2,18-49,ARI,mild,2026-09-09T12:49:00,pharmacy
PS-NAB-001,Nablus,32.2211,35.2544,2e49f94506905ef7,bb28f8133b3f732a,18-49,ARI,mild,2026-09-09T16:04:00,ehr
PS-NAB-001,Nablus,32.2211,35.2544,c9eef5119a779be2,7f0b26c43025b60d,5-17,ARI,mild,2026-09-09T18:18:00,ehr
PS-NAB-001,Nablus,32.2211,35.2544,62c116f8ada8f79a,ddd313649ff52bd4,18-49,ARI,mild,2026-09-09T17:19:00,ehr
PS-NAB-001,Nablus,32.2211,35.2544,2e49f94506905ef7,001ab7aa41ff4adc,18-49,FEVER_RASH,moderate,2026-09-09T19:05:00,pharmacy
PS-NAB-001,Nablus,32.2211,35.2544,2e49f94506905ef7,2fa80fc04cfb3656,65+,OTHER,moderate,2026-09-09T13:09:00,pharmacy
PS-NAB-001,Nablus,32.2211,35.2544,c9eef5119a779be2,ec76464986819556,50-64,OTHER,moderate,2026-09-09T09:24:00,ehr
PS-NAB-001,Nablus,32.2211,35.2544,2e49f94506905ef7,eec8f49c504608ed,50-64,OTHER,mild,2026-09-09T20:10:00,pharmacy
PS-NAB-001,Nablus,32.2211,35.2544,2e49f94506905ef7,928910c0b65b2a76,18-49,OTHER,mild,2026-09-09T08:47:00,pharmacy
PS-NAB-001,Nablus,32.2211,35.2544,2e49f94506905ef7,34c1b1c5f6d04486,18-49,OTHER,mild,2026-09-09T09:10:00,pharmacy
PS-NAB-001,Nablus,32.2211,35.2544,c9eef5119a779be2,1f0c8766c111a5d8,18-49,OTHER,mild,2026-09-09T08:50:00,lab
PS-BET-001,Bethlehem,31.7054,35.2024,0a12ccb2fb499cd0,7afce04cb7d12bb0,18-49,ILI,mild,2026-09-09T07:22:00,lab
PS-BET-001,Bethlehem,31.7054,35.2024,2ee779d7897ae9a5,12501614331a971e,5-17,ILI,mild,2026-09-09T07:28:00,pharmacy
PS-BET-001,Bethlehem,31.7054,35.2024,c1a0ab6562099869,25198b9d3ab0a8a8,5-17,ILI,mild,2026-09-09T20:46:00,ehr
PS-BET-001,Bethlehem,31.7054,35.2024,c1a0ab6562099869,34720cbc8ac43dfa,0-4,ILI,severe,2026-09-09T11:20:00,ehr
PS-BET-001,Bethlehem,31.7054,35.2024,53365b5018ccb30a,b4c2bb1828b62b87,18-49,ILI,mild,2026-09-09T09:49:00,pharmacy
PS-BET-001,Bethlehem,31.7054,35.2024,c1a0ab6562099869,6efecfbf633d9a59,50-64,AGE,moderate,2026-09-09T14:35:00,ehr
PS-BET-001,Bethlehem,31.7054,35.2024,c1a0ab6562099869,3ab15074d8b77d76,5-17,AGE,mild,2026-09-09T17:22:00,lab
PS-BET-001,Bethlehem,31.7054,35.2024,c1a0ab6562099869,100afddbc9fa65bc,5-17,ARI,mild,2026-09-09T10:41:00,ehr
PS-BET-001,Bethlehem,31.7054,35.2024,53365b5018ccb30a,0f678ce406f9d821,18-49,ARI,mild,2026-09-09T11:26:00,ehr
PS-BET-001,Bethlehem,31.7054,35.2024,0a12ccb2fb499cd0,af6f968a3eb1b048,5-17,FEVER_RASH,mild,2026-09-09T15:45:00,pharmacy
PS-BET-001,Bethlehem,31.7054,35.2024,0a12ccb2fb499cd0,9340c3836446808b,0-4,OTHER,moderate,2026-09-09T09:28:00,ehr
PS-BET-001,Bethlehem,31.7054,35.2024,0a12ccb2fb499cd0,10c3e96b141555d0,5-17,OTHER,mild,2026-09-09T08:15:00,pharmacy
PS-BET-001,Bethlehem,31.7054,35.2024,0a12ccb2fb499cd0,9052c3eeee301248,0-4,OTHER,mild,2026-09-09T11:10:00,pharmacy
PS-BET-001,Bethlehem,31.7054,35.2024,0a12ccb2fb499cd0,af5b24fc421c6c1b,5-17,OTHER,moderate,2026-09-09T09:23:00,ehr
PS-BET-001,Bethlehem,31.7054,35.2024,c1a0ab6562099869,af8cf0beb6d75b1c,50-64,OTHER,mild,2026-09-09T17:46:00,pharmacy
PS-BET-001,Bethlehem,31.7054,35.2024,53365b5018ccb30a,ed629fdbdf035536,5-17,OTHER,moderate,2026-09-09T08:46:00,ehr
PS-BET-001,Bethlehem,31.7054,35.2024,c1a0ab6562099869,8a45280412e4cc48,18-49,OTHER,moderate,2026-09-09T15:36:00,ehr
PS-JEN-001,Jenin,32.4597,35.2951,c0d662d41ad4a594,fdd55c8e7ade3ff7,18-49,ILI,mild,2026-09-09T14:47:00,ehr
PS-JEN-001,Jenin,32.4597,35.2951,02322af968c6062f,972d5efb5077f1f6,5-17,ILI,mild,2026-09-09T07:02:00,ehr
PS-JEN-001,Jenin,32.4597,35.2951,d723f8382af3d058,e1b32aaf8dc965b2,50-64,ILI,mild,2026-09-09T19:03:00,lab
PS-JEN-001,Jenin,32.4597,35.2951,c0d662d41ad4a594,3289177b4d677dbd,50-64,ILI,mild,2026-09-09T10:17:00,pharmacy
PS-JEN-001,Jenin,32.4597,35.2951,d723f8382af3d058,b0b80576588d4bf8,0-4,ARI,mild,2026-09-09T09:13:00,ehr
PS-JEN-001,Jenin,32.4597,35.2951,02322af968c6062f,93c33a62539be2f6,18-49,ARI,moderate,2026-09-09T19:37:00,ehr
PS-JEN-001,Jenin,32.4597,35.2951,c0d662d41ad4a594,493f6e2f06cc3876,18-49,ARI,mild,2026-09-09T12:16:00,pharmacy
PS-JEN-001,Jenin,32.4597,35.2951,c0d662d41ad4a594,ce7ec30292c39fc1,18-49,ARI,mild,2026-09-09T13:22:00,ehr
PS-JEN-001,Jenin,32.4597,35.2951,d723f8382af3d058,a374022c179b95a6,0-4,ARI,mild,2026-09-09T14:27:00,ehr
PS-JEN-001,Jenin,32.4597,35.2951,d723f8382af3d058,84b37fb8e0e5d766,18-49,ARI,moderate,2026-09-09T18:48:00,ehr
PS-JEN-001,Jenin,32.4597,35.2951,d723f8382af3d058,e7123873e0edefc7,18-49,OTHER,moderate,2026-09-09T20:24:00,ehr
PS-JEN-001,Jenin,32.4597,35.2951,0747c175e69e0dff,4113c99419b1afbf,18-49,OTHER,mild,2026-09-09T12:31:00,pharmacy
PS-JEN-001,Jenin,32.4597,35.2951,c0d662d41ad4a594,33bebfb05473ac26,50-64,OTHER,mild,2026-09-09T14:47:00,ehr
PS-JEN-001,Jenin,32.4597,35.2951,c0d662d41ad4a594,c0fb7d361fb41928,18-49,OTHER,severe,2026-09-09T10:43:00,ehr
PS-JEN-001,Jenin,32.4597,35.2951,d723f8382af3d058,32e86650a72e65bf,50-64,OTHER,mild,2026-09-09T11:50:00,lab
PS-JEN-001,Jenin,32.4597,35.2951,0747c175e69e0dff,3599f9e808122910,0-4,OTHER,severe,2026-09-09T10:46:00,ehr
